decision_month,decision_date,sell_date,universe_asof_date,raw_universe_size,available_universe_size,momentum_window,holding_months,top_n,avg_momentum,holding_return,stock_1,mom_1,stock_1_return,stock_2,mom_2,stock_2_return,stock_3,mom_3,stock_3_return
2016-01,2016-01-04,2016-02-01,2016-01-04,104,73,5,1,1,0.10187760627898881,-0.09484087584304002,NVDA,0.10187760627898881,-0.09484087584304002,,,,,,
2016-01,2016-01-04,2016-03-01,2016-01-04,104,73,5,2,1,0.10187760627898881,0.015425360380830755,NVDA,0.10187760627898881,0.015425360380830755,,,,,,
2016-01,2016-01-04,2016-04-01,2016-01-04,104,73,5,3,1,0.10187760627898881,0.120843591609604,NVDA,0.10187760627898881,0.120843591609604,,,,,,
2016-01,2016-01-04,2016-02-01,2016-01-04,104,73,5,1,2,0.0882823807142524,-0.08345845298140131,NVDA,0.10187760627898881,-0.09484087584304002,TCOM,0.074687155149516,-0.0720760301197626,,,
2016-01,2016-01-04,2016-03-01,2016-01-04,104,73,5,2,2,0.0882823807142524,-0.02909914350037507,NVDA,0.10187760627898881,0.015425360380830755,TCOM,0.074687155149516,-0.07362364738158089,,,
2016-01,2016-01-04,2016-04-01,2016-01-04,104,73,5,3,2,0.0882823807142524,0.05611052786124304,NVDA,0.10187760627898881,0.120843591609604,TCOM,0.074687155149516,-0.008622535887117921,,,
2016-01,2016-01-04,2016-02-01,2016-01-04,104,73,5,1,3,0.0813552541853536,-0.06325773158063393,NVDA,0.10187760627898881,-0.09484087584304002,TCOM,0.074687155149516,-0.0720760301197626,KLAC,0.067501001127556,-0.022856288779099176
2016-01,2016-01-04,2016-03-01,2016-01-04,104,73,5,2,3,0.0813552541853536,-0.015255557413832332,NVDA,0.10187760627898881,0.015425360380830755,TCOM,0.074687155149516,-0.07362364738158089,KLAC,0.067501001127556,0.01243161475925314
2016-01,2016-01-04,2016-04-01,2016-01-04,104,73,5,3,3,0.0813552541853536,0.061462872488360874,NVDA,0.10187760627898881,0.120843591609604,TCOM,0.074687155149516,-0.008622535887117921,KLAC,0.067501001127556,0.07216756174259653
2016-02,2016-02-01,2016-03-01,2016-02-01,105,74,5,1,1,0.0802299503747318,-0.001667827658356602,TCOM,0.0802299503747318,-0.001667827658356602,,,,,,
2016-02,2016-02-01,2016-04-01,2016-02-01,105,74,5,2,1,0.0802299503747318,0.06838221265136002,TCOM,0.0802299503747318,0.06838221265136002,,,,,,
2016-02,2016-02-01,2016-05-02,2016-02-01,105,74,5,3,1,0.0802299503747318,0.06123423630691205,TCOM,0.0802299503747318,0.06123423630691205,,,,,,
2016-02,2016-02-01,2016-03-01,2016-02-01,105,74,5,1,2,0.07926280350615003,0.01722274617544972,TCOM,0.0802299503747318,-0.001667827658356602,KLAC,0.07829565663756825,0.036113320009256045,,,
2016-02,2016-02-01,2016-04-01,2016-02-01,105,74,5,2,2,0.07926280350615003,0.08281437915162249,TCOM,0.0802299503747318,0.06838221265136002,KLAC,0.07829565663756825,0.09724654565188495,,,
2016-02,2016-02-01,2016-05-02,2016-02-01,105,74,5,3,2,0.07926280350615003,0.056859807533339635,TCOM,0.0802299503747318,0.06123423630691205,KLAC,0.07829565663756825,0.05248537875976722,,,
2016-02,2016-02-01,2016-03-01,2016-02-01,105,74,5,1,3,0.07600748533909395,0.05208840601851968,TCOM,0.0802299503747318,-0.001667827658356602,KLAC,0.07829565663756825,0.036113320009256045,NVDA,0.06949684900498179,0.1218197257046596
2016-02,2016-02-01,2016-04-01,2016-02-01,105,74,5,2,3,0.07600748533909395,0.13463741328138598,TCOM,0.0802299503747318,0.06838221265136002,KLAC,0.07829565663756825,0.09724654565188495,NVDA,0.06949684900498179,0.23828348154091294
2016-02,2016-02-01,2016-05-02,2016-02-01,105,74,5,3,3,0.07600748533909395,0.11562165668784179,TCOM,0.0802299503747318,0.06123423630691205,KLAC,0.07829565663756825,0.05248537875976722,NVDA,0.06949684900498179,0.23314535499684608
2016-03,2016-03-01,2016-04-01,2016-03-01,105,74,5,1,1,0.11416387448800776,0.06166707277616146,MAT,0.11416387448800776,0.06166707277616146,,,,,,
2016-03,2016-03-01,2016-05-02,2016-03-01,105,74,5,2,1,0.11416387448800776,-0.02912912067947193,MAT,0.11416387448800776,-0.02912912067947193,,,,,,
2016-03,2016-03-01,2016-06-01,2016-03-01,105,74,5,3,1,0.11416387448800776,-0.0013698618774713456,MAT,0.11416387448800776,-0.0013698618774713456,,,,,,
2016-03,2016-03-01,2016-04-01,2016-03-01,105,74,5,1,2,0.09970426478567675,0.06591706983036705,MAT,0.11416387448800776,0.06166707277616146,TCOM,0.08524465508334574,0.07016706688457264,,,
2016-03,2016-03-01,2016-05-02,2016-03-01,105,74,5,2,2,0.09970426478567675,0.01693901417581256,MAT,0.11416387448800776,-0.02912912067947193,TCOM,0.08524465508334574,0.06300714903109705,,,
2016-03,2016-03-01,2016-06-01,2016-03-01,105,74,5,3,2,0.09970426478567675,0.02819333426484849,MAT,0.11416387448800776,-0.0013698618774713456,TCOM,0.08524465508334574,0.05775653040716833,,,
2016-03,2016-03-01,2016-04-01,2016-03-01,105,74,5,1,3,0.09111332866244308,0.0626831613415324,MAT,0.11416387448800776,0.06166707277616146,TCOM,0.08524465508334574,0.07016706688457264,BIDU,0.07393145641597572,0.05621534436386311
2016-03,2016-03-01,2016-05-02,2016-03-01,105,74,5,2,3,0.09111332866244308,0.008906450982211433,MAT,0.11416387448800776,-0.02912912067947193,TCOM,0.08524465508334574,0.06300714903109705,BIDU,0.07393145641597572,-0.007158675404990822
2016-03,2016-03-01,2016-06-01,2016-03-01,105,74,5,3,3,0.09111332866244308,0.0120068062115302,MAT,0.11416387448800776,-0.0013698618774713456,TCOM,0.08524465508334574,0.05775653040716833,BIDU,0.07393145641597572,-0.02036624989510638
2016-04,2016-04-01,2016-05-02,2016-04-01,105,75,5,1,1,0.0747575369772567,-0.08552228451261057,MAT,0.0747575369772567,-0.08552228451261057,,,,,,
2016-04,2016-04-01,2016-06-01,2016-04-01,105,75,5,2,1,0.0747575369772567,-0.05937542594101275,MAT,0.0747575369772567,-0.05937542594101275,,,,,,
2016-04,2016-04-01,2016-07-01,2016-04-01,105,75,5,3,1,0.0747575369772567,-0.06764994986666784,MAT,0.0747575369772567,-0.06764994986666784,,,,,,
2016-04,2016-04-01,2016-05-02,2016-04-01,105,75,5,1,2,0.06436138445476888,-0.06867147095203924,MAT,0.0747575369772567,-0.08552228451261057,AMAT,0.05396523193228107,-0.051820657391467906,,,
2016-04,2016-04-01,2016-06-01,2016-04-01,105,75,5,2,2,0.06436138445476888,0.04190247529224439,MAT,0.0747575369772567,-0.05937542594101275,AMAT,0.05396523193228107,0.14318037652550153,,,
2016-04,2016-04-01,2016-07-01,2016-04-01,105,75,5,3,2,0.06436138445476888,0.02627720262261024,MAT,0.0747575369772567,-0.06764994986666784,AMAT,0.05396523193228107,0.12020435511188832,,,
2016-04,2016-04-01,2016-05-02,2016-04-01,105,75,5,1,3,0.06055031167765814,-0.04716411210139948,MAT,0.0747575369772567,-0.08552228451261057,AMAT,0.05396523193228107,-0.051820657391467906,NVDA,0.05292816612343665,-0.004149394400119966
2016-04,2016-04-01,2016-06-01,2016-04-01,105,75,5,2,3,0.06055031167765814,0.12734988106873787,MAT,0.0747575369772567,-0.05937542594101275,AMAT,0.05396523193228107,0.14318037652550153,NVDA,0.05292816612343665,0.2982446926217248
2016-04,2016-04-01,2016-07-01,2016-04-01,105,75,5,3,3,0.06055031167765814,0.1155463907838777,MAT,0.0747575369772567,-0.06764994986666784,AMAT,0.05396523193228107,0.12020435511188832,NVDA,0.05292816612343665,0.2940847671064126
2016-05,2016-05-02,2016-06-01,2016-05-02,107,77,5,1,1,0.05556540633176106,0.028592122179447843,MAT,0.05556540633176106,0.028592122179447843,,,,,,
2016-05,2016-05-02,2016-07-01,2016-05-02,107,77,5,2,1,0.05556540633176106,0.01954376180333428,MAT,0.05556540633176106,0.01954376180333428,,,,,,
2016-05,2016-05-02,2016-08-01,2016-05-02,107,77,5,3,1,0.05556540633176106,0.05735267917491771,MAT,0.05556540633176106,0.05735267917491771,,,,,,
2016-05,2016-05-02,2016-06-01,2016-05-02,107,77,5,1,2,0.05382262708002514,0.07589436999417443,MAT,0.05556540633176106,0.028592122179447843,ULTA,0.05207984782828921,0.12319661780890101,,,
2016-05,2016-05-02,2016-07-01,2016-05-02,107,77,5,2,2,0.05382262708002514,0.08812230820134381,MAT,0.05556540633176106,0.01954376180333428,ULTA,0.05207984782828921,0.15670085459935335,,,
2016-05,2016-05-02,2016-08-01,2016-05-02,107,77,5,3,2,0.05382262708002514,0.14696128125112162,MAT,0.05556540633176106,0.05735267917491771,ULTA,0.05207984782828921,0.23656988332732554,,,
2016-05,2016-05-02,2016-06-01,2016-05-02,107,77,5,1,3,0.0490894758934049,0.05287509090063532,MAT,0.05556540633176106,0.028592122179447843,ULTA,0.05207984782828921,0.12319661780890101,ISRG,0.03962317352016442,0.0068365327135571086
2016-05,2016-05-02,2016-07-01,2016-05-02,107,77,5,2,3,0.0490894758934049,0.07608957409385453,MAT,0.05556540633176106,0.01954376180333428,ULTA,0.05207984782828921,0.15670085459935335,ISRG,0.03962317352016442,0.05202410587887596
2016-05,2016-05-02,2016-08-01,2016-05-02,107,77,5,3,3,0.0490894758934049,0.12982018648845814,MAT,0.05556540633176106,0.05735267917491771,ULTA,0.05207984782828921,0.23656988332732554,ISRG,0.03962317352016442,0.09553799696313114
2016-06,2016-06-01,2016-07-01,2016-06-01,107,77,5,1,1,0.08606006846938855,-0.0032042692251731397,NVDA,0.08606006846938855,-0.0032042692251731397,,,,,,
2016-06,2016-06-01,2016-08-01,2016-06-01,107,77,5,2,1,0.08606006846938855,0.21192074261755045,NVDA,0.08606006846938855,0.21192074261755045,,,,,,
2016-06,2016-06-01,2016-09-01,2016-06-01,107,77,5,3,1,0.08606006846938855,0.35155682806986066,NVDA,0.08606006846938855,0.35155682806986066,,,,,,
2016-06,2016-06-01,2016-07-01,2016-06-01,107,77,5,1,2,0.07489618343548939,-0.011651301780520651,NVDA,0.08606006846938855,-0.0032042692251731397,AMAT,0.06373229840159023,-0.020098334335868162,,,
2016-06,2016-06-01,2016-08-01,2016-06-01,107,77,5,2,2,0.07489618343548939,0.1447217566048461,NVDA,0.08606006846938855,0.21192074261755045,AMAT,0.06373229840159023,0.07752277059214174,,,
2016-06,2016-06-01,2016-09-01,2016-06-01,107,77,5,3,2,0.07489618343548939,0.29912286623627327,NVDA,0.08606006846938855,0.35155682806986066,AMAT,0.06373229840159023,0.24668890440268587,,,
2016-06,2016-06-01,2016-07-01,2016-06-01,107,77,5,1,3,0.06907959814189484,0.00217558563606605,NVDA,0.08606006846938855,-0.0032042692251731397,AMAT,0.06373229840159023,-0.020098334335868162,ULTA,0.05744642755470575,0.029829360469239452
2016-06,2016-06-01,2016-08-01,2016-06-01,107,77,5,2,3,0.06907959814189484,0.1301271845166466,NVDA,0.08606006846938855,0.21192074261755045,AMAT,0.06373229840159023,0.07752277059214174,ULTA,0.05744642755470575,0.10093804034024756
2016-06,2016-06-01,2016-09-01,2016-06-01,107,77,5,3,3,0.06907959814189484,0.2118652636919638,NVDA,0.08606006846938855,0.35155682806986066,AMAT,0.06373229840159023,0.24668890440268587,ULTA,0.05744642755470575,0.03735005860334484
2016-07,2016-07-01,2016-08-01,2016-07-01,104,76,5,1,1,0.10438738979296192,0.2158165461598669,NVDA,0.10438738979296192,0.2158165461598669,,,,,,
2016-07,2016-07-01,2016-09-01,2016-07-01,104,76,5,2,1,0.10438738979296192,0.3559015015235587,NVDA,0.10438738979296192,0.3559015015235587,,,,,,
2016-07,2016-07-01,2016-10-03,2016-07-01,104,76,5,3,1,0.10438738979296192,0.4696985789371879,NVDA,0.10438738979296192,0.4696985789371879,,,,,,
2016-07,2016-07-01,2016-08-01,2016-07-01,104,76,5,1,2,0.08648958095424665,0.15771995742983547,NVDA,0.10438738979296192,0.2158165461598669,AMAT,0.06859177211553139,0.09962336869980404,,,
2016-07,2016-07-01,2016-09-01,2016-07-01,104,76,5,2,2,0.08648958095424665,0.3140803482952921,NVDA,0.10438738979296192,0.3559015015235587,AMAT,0.06859177211553139,0.27225919506702545,,,
2016-07,2016-07-01,2016-10-03,2016-07-01,104,76,5,3,2,0.08648958095424665,0.3632084542749815,NVDA,0.10438738979296192,0.4696985789371879,AMAT,0.06859177211553139,0.2567183296127751,,,
2016-07,2016-07-01,2016-08-01,2016-07-01,104,76,5,1,3,0.07925183740515172,0.1281629691469782,NVDA,0.10438738979296192,0.2158165461598669,AMAT,0.06859177211553139,0.09962336869980404,ULTA,0.06477635030696186,0.06904899258126362
2016-07,2016-07-01,2016-09-01,2016-07-01,104,76,5,2,3,0.07925183740515172,0.2118211850416701,NVDA,0.10438738979296192,0.3559015015235587,AMAT,0.06859177211553139,0.27225919506702545,ULTA,0.06477635030696186,0.007302858534426138
2016-07,2016-07-01,2016-10-03,2016-07-01,104,76,5,3,3,0.07925183740515172,0.23374204485475855,NVDA,0.10438738979296192,0.4696985789371879,AMAT,0.06859177211553139,0.2567183296127751,ULTA,0.06477635030696186,-0.025190773985687365
2016-08,2016-08-01,2016-09-01,2016-08-01,104,77,5,1,1,0.12318675388400338,0.1152188262334044,NVDA,0.12318675388400338,0.1152188262334044,,,,,,
2016-08,2016-08-01,2016-10-03,2016-08-01,104,77,5,2,1,0.12318675388400338,0.20881606980855993,NVDA,0.12318675388400338,0.20881606980855993,,,,,,
2016-08,2016-08-01,2016-11-01,2016-08-01,104,77,5,3,1,0.12318675388400338,0.21941207322594458,NVDA,0.12318675388400338,0.21941207322594458,,,,,,
2016-08,2016-08-01,2016-09-01,2016-08-01,104,77,5,1,2,0.10762068360087014,0.028730412025391616,NVDA,0.12318675388400338,0.1152188262334044,ULTA,0.0920546133177369,-0.05775800218262117,,,
2016-08,2016-08-01,2016-10-03,2016-08-01,104,77,5,2,2,0.10762068360087014,0.06033158601328703,NVDA,0.12318675388400338,0.20881606980855993,ULTA,0.0920546133177369,-0.08815289778198587,,,
2016-08,2016-08-01,2016-11-01,2016-08-01,104,77,5,3,2,0.10762068360087014,0.07058024685339559,NVDA,0.12318675388400338,0.21941207322594458,ULTA,0.0920546133177369,-0.0782515795191534,,,
2016-08,2016-08-01,2016-09-01,2016-08-01,104,77,5,1,3,0.10011043489973766,0.04213603534489622,NVDA,0.12318675388400338,0.1152188262334044,ULTA,0.0920546133177369,-0.05775800218262117,NTES,0.08508993749747273,0.06894728198390543
2016-08,2016-08-01,2016-10-03,2016-08-01,104,77,5,2,3,0.10011043489973766,0.110979632726859,NVDA,0.12318675388400338,0.20881606980855993,ULTA,0.0920546133177369,-0.08815289778198587,NTES,0.08508993749747273,0.21227572615400292
2016-08,2016-08-01,2016-11-01,2016-08-01,104,77,5,3,3,0.10011043489973766,0.12469386313597138,NVDA,0.12318675388400338,0.21941207322594458,ULTA,0.0920546133177369,-0.0782515795191534,NTES,0.08508993749747273,0.23292109570112296
2016-09,2016-09-01,2016-10-03,2016-09-01,104,77,5,1,1,0.12546715525542385,0.08392724492580128,NVDA,0.12546715525542385,0.08392724492580128,,,,,,
2016-09,2016-09-01,2016-11-01,2016-09-01,104,77,5,2,1,0.12546715525542385,0.09342852231471688,NVDA,0.12546715525542385,0.09342852231471688,,,,,,
2016-09,2016-09-01,2016-12-01,2016-09-01,104,77,5,3,1,0.12546715525542385,0.3898847048970755,NVDA,0.12546715525542385,0.3898847048970755,,,,,,
2016-09,2016-09-01,2016-10-03,2016-09-01,104,77,5,1,2,0.1089610445815236,0.07471605876866116,NVDA,0.12546715525542385,0.08392724492580128,MU,0.09245493390762335,0.06550487261152105,,,
2016-09,2016-09-01,2016-11-01,2016-09-01,104,77,5,2,2,0.1089610445815236,0.05693049449729404,NVDA,0.12546715525542385,0.09342852231471688,MU,0.09245493390762335,0.020432466679871197,,,
2016-09,2016-09-01,2016-12-01,2016-09-01,104,77,5,3,2,0.1089610445815236,0.25023069785295493,NVDA,0.12546715525542385,0.3898847048970755,MU,0.09245493390762335,0.11057669080883437,,,
2016-09,2016-09-01,2016-10-03,2016-09-01,104,77,5,1,3,0.1032378723992986,0.0945052842051759,NVDA,0.12546715525542385,0.08392724492580128,MU,0.09245493390762335,0.06550487261152105,NTES,0.09179152803484861,0.13408373507820537
2016-09,2016-09-01,2016-11-01,2016-09-01,104,77,5,2,3,0.1032378723992986,0.08908615458776925,NVDA,0.12546715525542385,0.09342852231471688,MU,0.09245493390762335,0.020432466679871197,NTES,0.09179152803484861,0.15339747476871968
2016-09,2016-09-01,2016-12-01,2016-09-01,104,77,5,3,3,0.1032378723992986,0.17089313522188596,NVDA,0.12546715525542385,0.3898847048970755,MU,0.09245493390762335,0.11057669080883437,NTES,0.09179152803484861,0.012218009959747977
2016-10,2016-10-03,2016-11-01,2016-10-03,104,77,5,1,1,0.15058256631475203,-0.12236407475649602,STX,0.15058256631475203,-0.12236407475649602,,,,,,
2016-10,2016-10-03,2016-12-01,2016-10-03,104,77,5,2,1,0.15058256631475203,-0.007810469706193035,STX,0.15058256631475203,-0.007810469706193035,,,,,,
2016-10,2016-10-03,2017-01-03,2016-10-03,104,77,5,3,1,0.15058256631475203,0.048394245139955716,STX,0.15058256631475203,0.048394245139955716,,,,,,
2016-10,2016-10-03,2016-11-01,2016-10-03,104,77,5,1,2,0.14683252471768005,-0.05679923519600094,STX,0.15058256631475203,-0.12236407475649602,NVDA,0.1430824831206081,0.00876560436449414,,,
2016-10,2016-10-03,2016-12-01,2016-10-03,104,77,5,2,2,0.14683252471768005,0.13722852730831964,STX,0.15058256631475203,-0.007810469706193035,NVDA,0.1430824831206081,0.2822675243228323,,,
2016-10,2016-10-03,2017-01-03,2016-10-03,104,77,5,3,2,0.14683252471768005,0.27045531217264307,STX,0.15058256631475203,0.048394245139955716,NVDA,0.1430824831206081,0.4925163792053304,,,
2016-10,2016-10-03,2016-11-01,2016-10-03,104,77,5,1,3,0.13912116653947743,-0.03218940381072355,STX,0.15058256631475203,-0.12236407475649602,NVDA,0.1430824831206081,0.00876560436449414,NTES,0.1236984501830722,0.017030258959831235
2016-10,2016-10-03,2016-12-01,2016-10-03,104,77,5,2,3,0.13912116653947743,0.05566654108560561,STX,0.15058256631475203,-0.007810469706193035,NVDA,0.1430824831206081,0.2822675243228323,NTES,0.1236984501830722,-0.10745743135982244
2016-10,2016-10-03,2017-01-03,2016-10-03,104,77,5,3,3,0.13912116653947743,0.14494883633709002,STX,0.15058256631475203,0.048394245139955716,NVDA,0.1430824831206081,0.4925163792053304,NTES,0.1236984501830722,-0.10606411533401605
2016-11,2016-11-01,2016-12-01,2016-11-01,104,77,5,1,1,0.09409797965957441,0.1305252004337898,STX,0.09409797965957441,0.1305252004337898,,,,,,
2016-11,2016-11-01,2017-01-03,2016-11-01,104,77,5,2,1,0.09409797965957441,0.1945662375307553,STX,0.09409797965957441,0.1945662375307553,,,,,,
2016-11,2016-11-01,2017-02-01,2016-11-01,104,77,5,3,1,0.09409797965957441,0.3501436053743714,STX,0.09409797965957441,0.3501436053743714,,,,,,
2016-11,2016-11-01,2016-12-01,2016-11-01,104,77,5,1,2,0.08910138507562657,0.20082527145341067,STX,0.09409797965957441,0.1305252004337898,NVDA,0.08410479049167871,0.27112534247303155,,,
2016-11,2016-11-01,2017-01-03,2016-11-01,104,77,5,2,2,0.08910138507562657,0.3370567454373494,STX,0.09409797965957441,0.1945662375307553,NVDA,0.08410479049167871,0.47954725334394355,,,
2016-11,2016-11-01,2017-02-01,2016-11-01,104,77,5,3,2,0.08910138507562657,0.501434026049587,STX,0.09409797965957441,0.3501436053743714,NVDA,0.08410479049167871,0.6527244467248026,,,
2016-11,2016-11-01,2016-12-01,2016-11-01,104,77,5,1,3,0.0838065602736422,0.0930824698813754,STX,0.09409797965957441,0.1305252004337898,NVDA,0.08410479049167871,0.27112534247303155,NTES,0.07321691066967348,-0.12240313326269514
2016-11,2016-11-01,2017-01-03,2016-11-01,104,77,5,2,3,0.0838065602736422,0.1843601141471315,STX,0.09409797965957441,0.1945662375307553,NVDA,0.08410479049167871,0.47954725334394355,NTES,0.07321691066967348,-0.12103314843330437
2016-11,2016-11-01,2017-02-01,2016-11-01,104,77,5,3,3,0.0838065602736422,0.3418363475272539,STX,0.09409797965957441,0.3501436053743714,NVDA,0.08410479049167871,0.6527244467248026,NTES,0.07321691066967348,0.02264099048258772
2016-12,2016-12-01,2017-01-03,2016-12-01,104,77,5,1,1,0.13897071283131965,0.1639664507556884,NVDA,0.13897071283131965,0.1639664507556884,,,,,,
2016-12,2016-12-01,2017-02-01,2016-12-01,104,77,5,2,1,0.13897071283131965,0.30020572440901283,NVDA,0.13897071283131965,0.30020572440901283,,,,,,
2016-12,2016-12-01,2017-03-01,2016-12-01,104,77,5,3,1,0.13897071283131965,0.1743467862481316,NVDA,0.13897071283131965,0.1743467862481316,,,,,,
2016-12,2016-12-01,2017-01-03,2016-12-01,104,77,5,1,2,0.12515404229486238,0.11030680324784325,NVDA,0.13897071283131965,0.1639664507556884,STX,0.11133737175840511,0.05664715573999812,,,
2016-12,2016-12-01,2017-02-01,2016-12-01,104,77,5,2,2,0.12515404229486238,0.24723400304785625,NVDA,0.13897071283131965,0.30020572440901283,STX,0.11133737175840511,0.19426228168669968,,,
2016-12,2016-12-01,2017-03-01,2016-12-01,104,77,5,3,2,0.12515404229486238,0.24697786696892976,NVDA,0.13897071283131965,0.1743467862481316,STX,0.11133737175840511,0.3196089476897279,,,
2016-12,2016-12-01,2017-01-03,2016-12-01,104,77,5,1,3,0.11564856967154312,0.0775451797021296,NVDA,0.13897071283131965,0.1639664507556884,STX,0.11133737175840511,0.05664715573999812,AAL,0.09663762442490458,0.01202193261070228
2016-12,2016-12-01,2017-02-01,2016-12-01,104,77,5,2,3,0.11564856967154312,0.152436578910256,NVDA,0.13897071283131965,0.30020572440901283,STX,0.11133737175840511,0.19426228168669968,AAL,0.09663762442490458,-0.037158269364944485
2016-12,2016-12-01,2017-03-01,2016-12-01,104,77,5,3,3,0.11564856967154312,0.1751782425428096,NVDA,0.13897071283131965,0.1743467862481316,STX,0.11133737175840511,0.3196089476897279,AAL,0.09663762442490458,0.03157899369056927
2017-01,2017-01-03,2017-02-01,2017-01-03,104,79,5,1,1,0.12860069375048394,0.11704742311505045,NVDA,0.12860069375048394,0.11704742311505045,,,,,,
2017-01,2017-01-03,2017-03-01,2017-01-03,104,79,5,2,1,0.12860069375048394,0.008918071036930542,NVDA,0.12860069375048394,0.008918071036930542,,,,,,
2017-01,2017-01-03,2017-04-03,2017-01-03,104,79,5,3,1,0.12860069375048394,0.06378565884758736,NVDA,0.12860069375048394,0.06378565884758736,,,,,,
2017-01,2017-01-03,2017-02-01,2017-01-03,104,79,5,1,2,0.12019234664647359,0.10730419936240321,NVDA,0.12860069375048394,0.11704742311505045,MU,0.11178399954246324,0.09756097560975596,,,
2017-01,2017-01-03,2017-03-01,2017-01-03,104,79,5,2,2,0.12019234664647359,0.0488049571791761,NVDA,0.12860069375048394,0.008918071036930542,MU,0.11178399954246324,0.08869184332142166,,,
2017-01,2017-01-03,2017-04-03,2017-01-03,104,79,5,3,2,0.12019234664647359,0.1669259973763615,NVDA,0.12860069375048394,0.06378565884758736,MU,0.11178399954246324,0.2700663359051356,,,
2017-01,2017-01-03,2017-02-01,2017-01-03,104,79,5,1,3,0.11151997980765117,0.11824982364146552,NVDA,0.12860069375048394,0.11704742311505045,MU,0.11178399954246324,0.09756097560975596,WDC,0.09417524613000636,0.14014107219959016
2017-01,2017-01-03,2017-03-01,2017-01-03,104,79,5,2,3,0.11151997980765117,0.07521753603682124,NVDA,0.12860069375048394,0.008918071036930542,MU,0.11178399954246324,0.08869184332142166,WDC,0.09417524613000636,0.12804269375211152
2017-01,2017-01-03,2017-04-03,2017-01-03,104,79,5,3,3,0.11151997980765117,0.17476754792603622,NVDA,0.12860069375048394,0.06378565884758736,MU,0.11178399954246324,0.2700663359051356,WDC,0.09417524613000636,0.19045064902538567
2017-02,2017-02-01,2017-03-01,2017-02-01,104,79,5,1,1,0.12896641312681317,-0.09679924937885387,NVDA,0.12896641312681317,-0.09679924937885387,,,,,,
2017-02,2017-02-01,2017-04-03,2017-02-01,104,79,5,2,1,0.12896641312681317,-0.047680844309129444,NVDA,0.12896641312681317,-0.047680844309129444,,,,,,
2017-02,2017-02-01,2017-05-01,2017-02-01,104,79,5,3,1,0.12896641312681317,-0.06296994722216354,NVDA,0.12896641312681317,-0.06296994722216354,,,,,,
2017-02,2017-02-01,2017-03-01,2017-02-01,104,79,5,1,2,0.12504230643818837,-0.053705274464913966,NVDA,0.12896641312681317,-0.09679924937885387,WDC,0.12111819974956357,-0.010611299550974063,,,
2017-02,2017-02-01,2017-04-03,2017-02-01,104,79,5,2,2,0.12504230643818837,-0.001777548510017768,NVDA,0.12896641312681317,-0.047680844309129444,WDC,0.12111819974956357,0.04412574728909391,,,
2017-02,2017-02-01,2017-05-01,2017-02-01,104,79,5,3,2,0.12504230643818837,0.025915910139498732,NVDA,0.12896641312681317,-0.06296994722216354,WDC,0.12111819974956357,0.114801767501161,,,
2017-02,2017-02-01,2017-03-01,2017-02-01,104,79,5,1,3,0.12214269643408464,-0.019483114388693212,NVDA,0.12896641312681317,-0.09679924937885387,WDC,0.12111819974956357,-0.010611299550974063,CSX,0.11634347642587714,0.048961205763748294
2017-02,2017-02-01,2017-04-03,2017-02-01,104,79,5,2,3,0.12214269643408464,-0.003409596354512138,NVDA,0.12896641312681317,-0.047680844309129444,WDC,0.12111819974956357,0.04412574728909391,CSX,0.11634347642587714,-0.006673692043500878
2017-02,2017-02-01,2017-05-01,2017-02-01,104,79,5,3,3,0.12214269643408464,0.0500109494137437,NVDA,0.12896641312681317,-0.06296994722216354,WDC,0.12111819974956357,0.114801767501161,CSX,0.11634347642587714,0.09820102796223362
2017-03,2017-03-01,2017-04-03,2017-03-01,104,79,5,1,1,0.11016696738213368,-0.05303808901754514,CSX,0.11016696738213368,-0.05303808901754514,,,,,,
2017-03,2017-03-01,2017-05-01,2017-03-01,104,79,5,2,1,0.11016696738213368,0.04694150930265706,CSX,0.11016696738213368,0.04694150930265706,,,,,,
2017-03,2017-03-01,2017-06-01,2017-03-01,104,79,5,3,1,0.11016696738213368,0.11346711116377661,CSX,0.11016696738213368,0.11346711116377661,,,,,,
2017-03,2017-03-01,2017-04-03,2017-03-01,104,79,5,1,2,0.1014940408240079,0.0006722554519199009,CSX,0.11016696738213368,-0.05303808901754514,NVDA,0.09282111426588213,0.054382599921384944,,,
2017-03,2017-03-01,2017-05-01,2017-03-01,104,79,5,2,2,0.1014940408240079,0.04219820928055984,CSX,0.11016696738213368,0.04694150930265706,NVDA,0.09282111426588213,0.03745490925846262,,,
2017-03,2017-03-01,2017-06-01,2017-03-01,104,79,5,3,2,0.1014940408240079,0.259681280162986,CSX,0.11016696738213368,0.11346711116377661,NVDA,0.09282111426588213,0.40589544916219533,,,
2017-03,2017-03-01,2017-04-03,2017-03-01,104,79,5,1,3,0.09184613210445265,0.013709449896920098,CSX,0.11016696738213368,-0.05303808901754514,NVDA,0.09282111426588213,0.054382599921384944,INCY,0.07255031466534219,0.03978383878692049
2017-03,2017-03-01,2017-05-01,2017-03-01,104,79,5,2,3,0.09184613210445265,0.005062527509614889,CSX,0.11016696738213368,0.04694150930265706,NVDA,0.09282111426588213,0.03745490925846262,INCY,0.07255031466534219,-0.06920883603227501
2017-03,2017-03-01,2017-06-01,2017-03-01,104,79,5,3,3,0.09184613210445265,0.16326246780093634,CSX,0.11016696738213368,0.11346711116377661,NVDA,0.09282111426588213,0.40589544916219533,INCY,0.07255031466534219,-0.029575156923162926
2017-04,2017-04-03,2017-05-01,2017-04-03,104,79,5,1,1,0.11293128215017605,-0.01222050451719392,MU,0.11293128215017605,-0.01222050451719392,,,,,,
2017-04,2017-04-03,2017-06-01,2017-04-03,104,79,5,2,1,0.11293128215017605,0.07402244022718873,MU,0.11293128215017605,0.07402244022718873,,,,,,
2017-04,2017-04-03,2017-07-03,2017-04-03,104,79,5,3,1,0.11293128215017605,0.017458214829443097,MU,0.11293128215017605,0.017458214829443097,,,,,,
2017-04,2017-04-03,2017-05-01,2017-04-03,104,79,5,1,2,0.10743789776371818,-0.01413755215153173,MU,0.11293128215017605,-0.01222050451719392,NVDA,0.10194451337726029,-0.01605459978586954,,,
2017-04,2017-04-03,2017-06-01,2017-04-03,104,79,5,2,2,0.10743789776371818,0.2037025375096797,MU,0.11293128215017605,0.07402244022718873,NVDA,0.10194451337726029,0.3333826347921707,,,
2017-04,2017-04-03,2017-07-03,2017-04-03,104,79,5,3,2,0.10743789776371818,0.1521905848971744,MU,0.11293128215017605,0.017458214829443097,NVDA,0.10194451337726029,0.2869229549649057,,,
2017-04,2017-04-03,2017-05-01,2017-04-03,104,79,5,1,3,0.10485551589306115,0.025768073198845998,MU,0.11293128215017605,-0.01222050451719392,NVDA,0.10194451337726029,-0.01605459978586954,CSX,0.09969075215174712,0.10557932389960145
2017-04,2017-04-03,2017-06-01,2017-04-03,104,79,5,2,3,0.10485551589306115,0.19441200403108141,MU,0.11293128215017605,0.07402244022718873,NVDA,0.10194451337726029,0.3333826347921707,CSX,0.09969075215174712,0.17583093707388486
2017-04,2017-04-03,2017-07-03,2017-04-03,104,79,5,3,3,0.10485551589306115,0.15935269683709227,MU,0.11293128215017605,0.017458214829443097,NVDA,0.10194451337726029,0.2869229549649057,CSX,0.09969075215174712,0.17367692071692797
2017-05,2017-05-01,2017-06-01,2017-05-01,104,79,5,1,1,0.12404256332342989,0.054332053082466025,TSLA,0.12404256332342989,0.054332053082466025,,,,,,
2017-05,2017-05-01,2017-07-03,2017-05-01,104,79,5,2,1,0.12404256332342989,0.09227767494531514,TSLA,0.12404256332342989,0.09227767494531514,,,,,,
2017-05,2017-05-01,2017-08-01,2017-05-01,104,79,5,3,1,0.12404256332342989,-0.010098171472791906,TSLA,0.12404256332342989,-0.010098171472791906,,,,,,
2017-05,2017-05-01,2017-06-01,2017-05-01,104,79,5,1,2,0.10936707072707179,0.05427596173692195,TSLA,0.12404256332342989,0.054332053082466025,VRTX,0.09469157813071369,0.05421987039137788,,,
2017-05,2017-05-01,2017-07-03,2017-05-01,104,79,5,2,2,0.10936707072707179,0.07768415668868067,TSLA,0.12404256332342989,0.09227767494531514,VRTX,0.09469157813071369,0.06309063843204621,,,
2017-05,2017-05-01,2017-08-01,2017-05-01,104,79,5,3,2,0.10936707072707179,0.13000311729708203,TSLA,0.12404256332342989,-0.010098171472791906,VRTX,0.09469157813071369,0.27010440606695596,,,
2017-05,2017-05-01,2017-06-01,2017-05-01,104,79,5,1,3,0.103851158524279,0.06528727981356508,TSLA,0.12404256332342989,0.054332053082466025,VRTX,0.09469157813071369,0.05421987039137788,MU,0.0928193341186934,0.08730991596685134
2017-05,2017-05-01,2017-07-03,2017-05-01,104,79,5,2,3,0.103851158524279,0.061804736241267554,TSLA,0.12404256332342989,0.09227767494531514,VRTX,0.09469157813071369,0.06309063843204621,MU,0.0928193341186934,0.03004589534644131
2017-05,2017-05-01,2017-08-01,2017-05-01,104,79,5,3,3,0.103851158524279,0.08725788955744103,TSLA,0.12404256332342989,-0.010098171472791906,VRTX,0.09469157813071369,0.27010440606695596,MU,0.0928193341186934,0.001767434078159047
2017-06,2017-06-01,2017-07-03,2017-06-01,104,79,5,1,1,0.11306575091540397,0.008414533144186498,VRTX,0.11306575091540397,0.008414533144186498,,,,,,
2017-06,2017-06-01,2017-08-01,2017-06-01,104,79,5,2,1,0.11306575091540397,0.20478131909563713,VRTX,0.11306575091540397,0.20478131909563713,,,,,,
2017-06,2017-06-01,2017-09-01,2017-06-01,104,79,5,3,1,0.11306575091540397,0.27587292246601036,VRTX,0.11306575091540397,0.27587292246601036,,,,,,
2017-06,2017-06-01,2017-07-03,2017-06-01,104,79,5,1,2,0.10468342410860268,0.022202366764632386,VRTX,0.11306575091540397,0.008414533144186498,TSLA,0.09630109730180139,0.035990200385078275,,,
2017-06,2017-06-01,2017-08-01,2017-06-01,104,79,5,2,2,0.10468342410860268,0.07183566296638655,VRTX,0.11306575091540397,0.20478131909563713,TSLA,0.09630109730180139,-0.06110999316286403,,,
2017-06,2017-06-01,2017-09-01,2017-06-01,104,79,5,3,2,0.10468342410860268,0.16001535072205564,VRTX,0.11306575091540397,0.27587292246601036,TSLA,0.09630109730180139,0.044157778978100914,,,
2017-06,2017-06-01,2017-07-03,2017-06-01,104,79,5,1,3,0.10159629819017724,0.014190941203346666,VRTX,0.11306575091540397,0.008414533144186498,TSLA,0.09630109730180139,0.035990200385078275,CSX,0.09542204635332638,-0.0018319099192247723
2017-06,2017-06-01,2017-08-01,2017-06-01,104,79,5,2,3,0.10159629819017724,0.011314862338714224,VRTX,0.11306575091540397,0.20478131909563713,TSLA,0.09630109730180139,-0.06110999316286403,CSX,0.09542204635332638,-0.10972673891663043
2017-06,2017-06-01,2017-09-01,2017-06-01,104,79,5,3,3,0.10159629819017724,0.0785395974559057,VRTX,0.11306575091540397,0.27587292246601036,TSLA,0.09630109730180139,0.044157778978100914,CSX,0.09542204635332638,-0.08441190907639418
2017-07,2017-07-03,2017-08-01,2017-07-03,104,80,5,1,1,0.08443753839182229,0.19472823873252687,VRTX,0.08443753839182229,0.19472823873252687,,,,,,
2017-07,2017-07-03,2017-09-01,2017-07-03,104,80,5,2,1,0.08443753839182229,0.26522663104418176,VRTX,0.08443753839182229,0.26522663104418176,,,,,,
2017-07,2017-07-03,2017-10-02,2017-07-03,104,80,5,3,1,0.08443753839182229,0.18716369648014952,VRTX,0.08443753839182229,0.18716369648014952,,,,,,
2017-07,2017-07-03,2017-08-01,2017-07-03,104,80,5,1,2,0.07910590405776688,0.05050064830647438,VRTX,0.08443753839182229,0.19472823873252687,TSLA,0.07377426972371146,-0.0937269421195781,,,
2017-07,2017-07-03,2017-09-01,2017-07-03,104,80,5,2,2,0.07910590405776688,0.13655523436938632,VRTX,0.08443753839182229,0.26522663104418176,TSLA,0.07377426972371146,0.00788383769459089,,,
2017-07,2017-07-03,2017-10-02,2017-07-03,104,80,5,3,2,0.07910590405776688,0.07785672876303296,VRTX,0.08443753839182229,0.18716369648014952,TSLA,0.07377426972371146,-0.03145023895408361,,,
2017-07,2017-07-03,2017-08-01,2017-07-03,104,80,5,1,3,0.07558858201499,0.09105256965368065,VRTX,0.08443753839182229,0.19472823873252687,TSLA,0.07377426972371146,-0.0937269421195781,JD,0.06855393792943623,0.1721564123480932
2017-07,2017-07-03,2017-09-01,2017-07-03,104,80,5,2,3,0.07558858201499,0.11788533942432526,VRTX,0.08443753839182229,0.26522663104418176,TSLA,0.07377426972371146,0.00788383769459089,JD,0.06855393792943623,0.08054554953420312
2017-07,2017-07-03,2017-10-02,2017-07-03,104,80,5,3,3,0.07558858201499,0.053963128801821934,VRTX,0.08443753839182229,0.18716369648014952,TSLA,0.07377426972371146,-0.03145023895408361,JD,0.06855393792943623,0.0061759288793998834
2017-08,2017-08-01,2017-09-01,2017-08-01,104,80,5,1,1,0.11394441110205396,0.05900788984986716,VRTX,0.11394441110205396,0.05900788984986716,,,,,,
2017-08,2017-08-01,2017-10-02,2017-08-01,104,80,5,2,1,0.11394441110205396,-0.006331600783457181,VRTX,0.11394441110205396,-0.006331600783457181,,,,,,
2017-08,2017-08-01,2017-11-01,2017-08-01,104,80,5,3,1,0.11394441110205396,-0.0689947276500319,VRTX,0.11394441110205396,-0.0689947276500319,,,,,,
2017-08,2017-08-01,2017-09-01,2017-08-01,104,80,5,1,2,0.11089242600525623,0.04810710632172277,VRTX,0.11394441110205396,0.05900788984986716,NVDA,0.10784044090845848,0.037206322793578384,,,
2017-08,2017-08-01,2017-10-02,2017-08-01,104,80,5,2,2,0.11089242600525623,0.04141912781864604,VRTX,0.11394441110205396,-0.006331600783457181,NVDA,0.10784044090845848,0.08916985642074926,,,
2017-08,2017-08-01,2017-11-01,2017-08-01,104,80,5,3,2,0.11089242600525623,0.09588262037541612,VRTX,0.11394441110205396,-0.0689947276500319,NVDA,0.10784044090845848,0.26075996840086413,,,
2017-08,2017-08-01,2017-09-01,2017-08-01,104,80,5,1,3,0.10223702336233481,0.006019459312244531,VRTX,0.11394441110205396,0.05900788984986716,NVDA,0.10784044090845848,0.037206322793578384,JD,0.08492621807649196,-0.07815583470671195
2017-08,2017-08-01,2017-10-02,2017-08-01,104,80,5,2,3,0.10223702336233481,-0.01958813977670622,VRTX,0.11394441110205396,-0.006331600783457181,NVDA,0.10784044090845848,0.08916985642074926,JD,0.08492621807649196,-0.14160267496741075
2017-08,2017-08-01,2017-11-01,2017-08-01,104,80,5,3,3,0.10223702336233481,0.0076465522463857365,VRTX,0.11394441110205396,-0.0689947276500319,NVDA,0.10784044090845848,0.26075996840086413,JD,0.08492621807649196,-0.16882558401167502
2017-09,2017-09-01,2017-10-02,2017-09-01,104,80,5,1,1,0.10440518548289716,0.050099514903856335,NVDA,0.10440518548289716,0.050099514903856335,,,,,,
2017-09,2017-09-01,2017-11-01,2017-09-01,104,80,5,2,1,0.10440518548289716,0.21553440303484983,NVDA,0.10440518548289716,0.21553440303484983,,,,,,
2017-09,2017-09-01,2017-12-01,2017-09-01,104,80,5,3,1,0.10440518548289716,0.1604909772662042,NVDA,0.10440518548289716,0.1604909772662042,,,,,,
2017-09,2017-09-01,2017-10-02,2017-09-01,104,80,5,1,2,0.09609651535518934,-0.005799630574155112,NVDA,0.10440518548289716,0.050099514903856335,VRTX,0.08778784522748154,-0.06169877605216656,,,
2017-09,2017-09-01,2017-11-01,2017-09-01,104,80,5,2,2,0.09609651535518934,0.04733204389171275,NVDA,0.10440518548289716,0.21553440303484983,VRTX,0.08778784522748154,-0.12087031525142433,,,
2017-09,2017-09-01,2017-12-01,2017-09-01,104,80,5,3,2,0.09609651535518934,0.01413968402027177,NVDA,0.10440518548289716,0.1604909772662042,VRTX,0.08778784522748154,-0.13221160922566066,,,
2017-09,2017-09-01,2017-10-02,2017-09-01,104,80,5,1,3,0.08980034768301626,0.010885706349200644,NVDA,0.10440518548289716,0.050099514903856335,VRTX,0.08778784522748154,-0.06169877605216656,PYPL,0.07720801233867011,0.04425638019591216
2017-09,2017-09-01,2017-11-01,2017-09-01,104,80,5,2,3,0.08980034768301626,0.09078018558242691,NVDA,0.10440518548289716,0.21553440303484983,VRTX,0.08778784522748154,-0.12087031525142433,PYPL,0.07720801233867011,0.17767646896385525
2017-09,2017-09-01,2017-12-01,2017-09-01,104,80,5,3,3,0.08980034768301626,0.08448883959345332,NVDA,0.10440518548289716,0.1604909772662042,VRTX,0.08778784522748154,-0.13221160922566066,PYPL,0.07720801233867011,0.22518715073981643
2017-10,2017-10-02,2017-11-01,2017-10-02,104,80,5,1,1,0.11763600842084235,0.1575421050890975,NVDA,0.11763600842084235,0.1575421050890975,,,,,,
2017-10,2017-10-02,2017-12-01,2017-10-02,104,80,5,2,1,0.11763600842084235,0.10512476274446692,NVDA,0.11763600842084235,0.10512476274446692,,,,,,
2017-10,2017-10-02,2018-01-02,2017-10-02,104,80,5,3,1,0.11763600842084235,0.1144608665898168,NVDA,0.11763600842084235,0.1144608665898168,,,,,,
2017-10,2017-10-02,2017-11-01,2017-10-02,104,80,5,1,2,0.09729887358731365,0.13338243735376765,NVDA,0.11763600842084235,0.1575421050890975,MU,0.07696173875378495,0.1092227696184378,,,
2017-10,2017-10-02,2017-12-01,2017-10-02,104,80,5,2,2,0.09729887358731365,0.07730628295394204,NVDA,0.11763600842084235,0.10512476274446692,MU,0.07696173875378495,0.049487803163417166,,,
2017-10,2017-10-02,2018-01-02,2017-10-02,104,80,5,3,2,0.09729887358731365,0.10296892491333232,NVDA,0.11763600842084235,0.1144608665898168,MU,0.07696173875378495,0.09147698323684783,,,
2017-10,2017-10-02,2017-11-01,2017-10-02,104,80,5,1,3,0.08851321741180325,0.08457851218683572,NVDA,0.11763600842084235,0.1575421050890975,MU,0.07696173875378495,0.1092227696184378,BIDU,0.07094190506078249,-0.013029338147028113
2017-10,2017-10-02,2017-12-01,2017-10-02,104,80,5,2,3,0.08851321741180325,0.033307215478941186,NVDA,0.11763600842084235,0.10512476274446692,MU,0.07696173875378495,0.049487803163417166,BIDU,0.07094190506078249,-0.05469091947106053
2017-10,2017-10-02,2018-01-02,2017-10-02,104,80,5,3,3,0.08851321741180325,0.0602412310797004,NVDA,0.11763600842084235,0.1144608665898168,MU,0.07696173875378495,0.09147698323684783,BIDU,0.07094190506078249,-0.02521415658756343
2017-11,2017-11-01,2017-12-01,2017-11-01,104,80,5,1,1,0.10313740103649063,0.08137906203160572,ALGN,0.10313740103649063,0.08137906203160572,,,,,,
2017-11,2017-11-01,2018-01-02,2017-11-01,104,80,5,2,1,0.10313740103649063,-0.043966809811580077,ALGN,0.10313740103649063,-0.043966809811580077,,,,,,
2017-11,2017-11-01,2018-02-01,2017-11-01,104,80,5,3,1,0.10313740103649063,0.08776339920753018,ALGN,0.10313740103649063,0.08776339920753018,,,,,,
2017-11,2017-11-01,2017-12-01,2017-11-01,104,80,5,1,2,0.09224085526029643,0.01376303433219761,ALGN,0.10313740103649063,0.08137906203160572,MU,0.08134430948410225,-0.0538529933672105,,,
2017-11,2017-11-01,2018-01-02,2017-11-01,104,80,5,2,2,0.09224085526029643,-0.029982603474213942,ALGN,0.10313740103649063,-0.043966809811580077,MU,0.08134430948410225,-0.01599839713684781,,,
2017-11,2017-11-01,2018-02-01,2017-11-01,104,80,5,3,2,0.09224085526029643,0.022588274366127647,ALGN,0.10313740103649063,0.08776339920753018,MU,0.08134430948410225,-0.042586850475274884,,,
2017-11,2017-11-01,2017-12-01,2017-11-01,104,80,5,1,3,0.08753279021114586,-0.005919081701261948,ALGN,0.10313740103649063,0.08137906203160572,MU,0.08134430948410225,-0.0538529933672105,NVDA,0.07811666011284475,-0.045283313768181066
2017-11,2017-11-01,2018-01-02,2017-11-01,104,80,5,2,3,0.08753279021114586,-0.032394355214061754,ALGN,0.10313740103649063,-0.043966809811580077,MU,0.08134430948410225,-0.01599839713684781,NVDA,0.07811666011284475,-0.03721785869375738
2017-11,2017-11-01,2018-02-01,2017-11-01,104,80,5,3,3,0.08753279021114586,0.06889898026448127,ALGN,0.10313740103649063,0.08776339920753018,MU,0.08134430948410225,-0.042586850475274884,NVDA,0.07811666011284475,0.1615203920611885
2017-12,2017-12-01,2018-01-02,2017-12-01,104,80,5,1,1,0.11513661137457713,-0.11591298208391076,ALGN,0.11513661137457713,-0.11591298208391076,,,,,,
2017-12,2017-12-01,2018-02-01,2017-12-01,104,80,5,2,1,0.11513661137457713,0.005903884585974906,ALGN,0.11513661137457713,0.005903884585974906,,,,,,
2017-12,2017-12-01,2018-03-01,2017-12-01,104,80,5,3,1,0.11513661137457713,-0.03353408126441526,ALGN,0.11513661137457713,-0.03353408126441526,,,,,,
2017-12,2017-12-01,2018-01-02,2017-12-01,104,80,5,1,2,0.09815873638260224,-0.03038635131094186,ALGN,0.11513661137457713,-0.11591298208391076,DLTR,0.08118086139062734,0.05514027946202704,,,
2017-12,2017-12-01,2018-02-01,2017-12-01,104,80,5,2,2,0.09815873638260224,0.05566527296542656,ALGN,0.11513661137457713,0.005903884585974906,DLTR,0.08118086139062734,0.10542666134487821,,,
2017-12,2017-12-01,2018-03-01,2017-12-01,104,80,5,3,2,0.09815873638260224,-0.01152485939124498,ALGN,0.11513661137457713,-0.03353408126441526,DLTR,0.08118086139062734,0.010484362481925302,,,
2017-12,2017-12-01,2018-01-02,2017-12-01,104,80,5,1,3,0.09247477960075463,-0.006921163519903091,ALGN,0.11513661137457713,-0.11591298208391076,DLTR,0.08118086139062734,0.05514027946202704,MU,0.08110686603705941,0.04000921206217445
2017-12,2017-12-01,2018-02-01,2017-12-01,104,80,5,2,3,0.09247477960075463,0.04107931250069859,ALGN,0.11513661137457713,0.005903884585974906,DLTR,0.08118086139062734,0.10542666134487821,MU,0.08110686603705941,0.011907391571242654
2017-12,2017-12-01,2018-03-01,2017-12-01,104,80,5,3,3,0.09247477960075463,0.037009857653990896,ALGN,0.11513661137457713,-0.03353408126441526,DLTR,0.08118086139062734,0.010484362481925302,MU,0.08110686603705941,0.13407929174446265
2018-01,2018-01-02,2018-02-01,2018-01-02,103,82,5,1,1,0.09459942714388245,-0.027020741898247436,MU,0.09459942714388245,-0.027020741898247436,,,,,,
2018-01,2018-01-02,2018-03-01,2018-01-02,103,82,5,2,1,0.09459942714388245,0.09045119850021521,MU,0.09459942714388245,0.09045119850021521,,,,,,
2018-01,2018-01-02,2018-04-02,2018-01-02,103,82,5,3,1,0.09459942714388245,0.1463249522851955,MU,0.09459942714388245,0.1463249522851955,,,,,,
2018-01,2018-01-02,2018-02-01,2018-01-02,103,82,5,1,2,0.0889400102820953,0.01031886903993734,MU,0.09459942714388245,-0.027020741898247436,DLTR,0.08328059342030816,0.047658479978122115,,,
2018-01,2018-01-02,2018-03-01,2018-01-02,103,82,5,2,2,0.0889400102820953,0.024064471270579646,MU,0.09459942714388245,0.09045119850021521,DLTR,0.08328059342030816,-0.04232225595905592,,,
2018-01,2018-01-02,2018-04-02,2018-01-02,103,82,5,3,2,0.0889400102820953,0.007425055061799912,MU,0.09459942714388245,0.1463249522851955,DLTR,0.08328059342030816,-0.13147484216159566,,,
2018-01,2018-01-02,2018-02-01,2018-01-02,103,82,5,1,3,0.08598683867852036,0.013090463769496444,MU,0.09459942714388245,-0.027020741898247436,DLTR,0.08328059342030816,0.047658479978122115,ROST,0.08008049547137049,0.018633653228614655
2018-01,2018-01-02,2018-03-01,2018-01-02,103,82,5,2,3,0.08598683867852036,0.00548391412542278,MU,0.09459942714388245,0.09045119850021521,DLTR,0.08328059342030816,-0.04232225595905592,ROST,0.08008049547137049,-0.03167720016489095
2018-01,2018-01-02,2018-04-02,2018-01-02,103,82,5,3,3,0.08598683867852036,-0.013714243657485525,MU,0.09459942714388245,0.1463249522851955,DLTR,0.08328059342030816,-0.13147484216159566,ROST,0.08008049547137049,-0.0559928410960564
2018-02,2018-02-01,2018-03-01,2018-02-01,103,82,5,1,1,0.1234108353032072,-0.00808208231758023,STX,0.1234108353032072,-0.00808208231758023,,,,,,
2018-02,2018-02-01,2018-04-02,2018-02-01,103,82,5,2,1,0.1234108353032072,0.07198224984079205,STX,0.1234108353032072,0.07198224984079205,,,,,,
2018-02,2018-02-01,2018-05-01,2018-02-01,103,82,5,3,1,0.1234108353032072,0.0062711589079258445,STX,0.1234108353032072,0.0062711589079258445,,,,,,
2018-02,2018-02-01,2018-03-01,2018-02-01,103,82,5,1,2,0.10867348085596248,0.04371991992559876,STX,0.1234108353032072,-0.00808208231758023,NFLX,0.09393612640871776,0.09552192216877775,,,
2018-02,2018-02-01,2018-04-02,2018-02-01,103,82,5,2,2,0.10867348085596248,0.06470051038240865,STX,0.1234108353032072,0.07198224984079205,NFLX,0.09393612640871776,0.05741877092402525,,,
2018-02,2018-02-01,2018-05-01,2018-02-01,103,82,5,3,2,0.10867348085596248,0.09411154730729143,STX,0.1234108353032072,0.0062711589079258445,NFLX,0.09393612640871776,0.18195193570665702,,,
2018-02,2018-02-01,2018-03-01,2018-02-01,103,82,5,1,3,0.1026006641387539,0.03497263763204739,STX,0.1234108353032072,-0.00808208231758023,NFLX,0.09393612640871776,0.09552192216877775,MELI,0.09045503070433673,0.017478073044944642
2018-02,2018-02-01,2018-04-02,2018-02-01,103,82,5,2,3,0.1026006641387539,0.015358832224455702,STX,0.1234108353032072,0.07198224984079205,NFLX,0.09393612640871776,0.05741877092402525,MELI,0.09045503070433673,-0.08332452409145019
2018-02,2018-02-01,2018-05-01,2018-02-01,103,82,5,3,3,0.1026006641387539,0.028154470745723487,STX,0.1234108353032072,0.0062711589079258445,NFLX,0.09393612640871776,0.18195193570665702,MELI,0.09045503070433673,-0.1037596823774124
2018-03,2018-03-01,2018-04-02,2018-03-01,103,82,5,1,1,0.11044237337257104,-0.034780820423310765,NFLX,0.11044237337257104,-0.034780820423310765,,,,,,
2018-03,2018-03-01,2018-05-01,2018-03-01,103,82,5,2,1,0.11044237337257104,0.07889391511835364,NFLX,0.11044237337257104,0.07889391511835364,,,,,,
2018-03,2018-03-01,2018-06-01,2018-03-01,103,82,5,3,1,0.11044237337257104,0.23947107610419005,NFLX,0.11044237337257104,0.23947107610419005,,,,,,
2018-03,2018-03-01,2018-04-02,2018-03-01,103,82,5,1,2,0.10651116811412166,0.02296793533846825,NFLX,0.11044237337257104,-0.034780820423310765,STX,0.10257996285567228,0.08071669110024726,,,
2018-03,2018-03-01,2018-05-01,2018-03-01,103,82,5,2,2,0.10651116811412166,0.046682052807300645,NFLX,0.11044237337257104,0.07889391511835364,STX,0.10257996285567228,0.014470190496247648,,,
2018-03,2018-03-01,2018-06-01,2018-03-01,103,82,5,3,2,0.10651116811412166,0.161497487893688,NFLX,0.11044237337257104,0.23947107610419005,STX,0.10257996285567228,0.08352389968318596,,,
2018-03,2018-03-01,2018-04-02,2018-03-01,103,82,5,1,3,0.10235388565921627,-0.011797523381488132,NFLX,0.11044237337257104,-0.034780820423310765,STX,0.10257996285567228,0.08071669110024726,AMZN,0.0940393207494055,-0.0813284408214009
2018-03,2018-03-01,2018-05-01,2018-03-01,103,82,5,2,3,0.10235388565921627,0.05094347313161577,NFLX,0.11044237337257104,0.07889391511835364,STX,0.10257996285567228,0.014470190496247648,AMZN,0.0940393207494055,0.05946631378024603
2018-03,2018-03-01,2018-06-01,2018-03-01,103,82,5,3,3,0.10235388565921627,0.14071822575295637,NFLX,0.11044237337257104,0.23947107610419005,STX,0.10257996285567228,0.08352389968318596,AMZN,0.0940393207494055,0.09915970147149311
2018-04,2018-04-02,2018-05-01,2018-04-02,103,82,5,1,1,0.10258291965153758,-0.061298674434791756,STX,0.10258291965153758,-0.061298674434791756,,,,,,
2018-04,2018-04-02,2018-06-01,2018-04-02,103,82,5,2,1,0.10258291965153758,0.00259754346912211,STX,0.10258291965153758,0.00259754346912211,,,,,,
2018-04,2018-04-02,2018-07-02,2018-04-02,103,82,5,3,1,0.10258291965153758,0.008346428260609828,STX,0.10258291965153758,0.008346428260609828,,,,,,
2018-04,2018-04-02,2018-05-01,2018-04-02,103,82,5,1,2,0.09298247749206379,-0.04179568007428758,STX,0.10258291965153758,-0.061298674434791756,MELI,0.08338203533258999,-0.0222926857137834,,,
2018-04,2018-04-02,2018-06-01,2018-04-02,103,82,5,2,2,0.09298247749206379,-0.07148349607651477,STX,0.10258291965153758,0.00259754346912211,MELI,0.08338203533258999,-0.14556453562215166,,,
2018-04,2018-04-02,2018-07-02,2018-04-02,103,82,5,3,2,0.09298247749206379,-0.06999152980595275,STX,0.10258291965153758,0.008346428260609828,MELI,0.08338203533258999,-0.14832948787251532,,,
2018-04,2018-04-02,2018-05-01,2018-04-02,103,82,5,1,3,0.08857833378826312,0.011393181354527751,STX,0.10258291965153758,-0.061298674434791756,MELI,0.08338203533258999,-0.0222926857137834,NFLX,0.07977004638066179,0.11777090421215841
2018-04,2018-04-02,2018-06-01,2018-04-02,103,82,5,2,3,0.08857833378826312,0.04705577639362853,STX,0.10258291965153758,0.00259754346912211,MELI,0.08338203533258999,-0.14556453562215166,NFLX,0.07977004638066179,0.28413432133391514
2018-04,2018-04-02,2018-07-02,2018-04-02,103,82,5,3,3,0.08857833378826312,0.09353903182854677,STX,0.10258291965153758,0.008346428260609828,MELI,0.08338203533258999,-0.14832948787251532,NFLX,0.07977004638066179,0.4206001550975458
2018-05,2018-05-01,2018-06-01,2018-05-01,103,82,5,1,1,0.11461715725942365,0.14883498621662095,NFLX,0.11461715725942365,0.14883498621662095,,,,,,
2018-05,2018-05-01,2018-07-02,2018-05-01,103,82,5,2,1,0.11461715725942365,0.2709224669779995,NFLX,0.11461715725942365,0.2709224669779995,,,,,,
2018-05,2018-05-01,2018-08-01,2018-05-01,103,82,5,3,1,0.11461715725942365,0.08005111182962232,NFLX,0.11461715725942365,0.08005111182962232,,,,,,
2018-05,2018-05-01,2018-06-01,2018-05-01,103,82,5,1,2,0.09665310671290521,0.10845186387338901,NFLX,0.11461715725942365,0.14883498621662095,STX,0.07868905616638677,0.06806874153015707,,,
2018-05,2018-05-01,2018-07-02,2018-05-01,103,82,5,2,2,0.09665310671290521,0.17255775226373737,NFLX,0.11461715725942365,0.2709224669779995,STX,0.07868905616638677,0.07419303754947526,,,
2018-05,2018-05-01,2018-08-01,2018-05-01,103,82,5,3,2,0.09665310671290521,0.034795800038227964,NFLX,0.11461715725942365,0.08005111182962232,STX,0.07868905616638677,-0.010459511753166395,,,
2018-05,2018-05-01,2018-06-01,2018-05-01,103,82,5,1,3,0.08699081650200353,0.08478972764150217,NFLX,0.11461715725942365,0.14883498621662095,STX,0.07868905616638677,0.06806874153015707,AMZN,0.06766623608020021,0.03746545517772848
2018-05,2018-05-01,2018-07-02,2018-05-01,103,82,5,2,3,0.08699081650200353,0.14274572246554196,NFLX,0.11461715725942365,0.2709224669779995,STX,0.07868905616638677,0.07419303754947526,AMZN,0.06766623608020021,0.08312166286915113
2018-05,2018-05-01,2018-08-01,2018-05-01,103,82,5,3,3,0.08699081650200353,0.06847209710585533,NFLX,0.11461715725942365,0.08005111182962232,STX,0.07868905616638677,-0.010459511753166395,AMZN,0.06766623608020021,0.13582469124111007
2018-06,2018-06-01,2018-07-02,2018-06-01,103,82,5,1,1,0.12912881562113496,0.10627068484695168,NFLX,0.12912881562113496,0.10627068484695168,,,,,,
2018-06,2018-06-01,2018-08-01,2018-06-01,103,82,5,2,1,0.12912881562113496,-0.059872719069533065,NFLX,0.12912881562113496,-0.059872719069533065,,,,,,
2018-06,2018-06-01,2018-09-04,2018-06-01,103,82,5,3,1,0.12912881562113496,0.010196443184030679,NFLX,0.12912881562113496,0.010196443184030679,,,,,,
2018-06,2018-06-01,2018-07-02,2018-06-01,103,82,5,1,2,0.10934773611518456,0.06392822500844642,NFLX,0.12912881562113496,0.10627068484695168,ALGN,0.08956665660923417,0.02158576516994115,,,
2018-06,2018-06-01,2018-08-01,2018-06-01,103,82,5,2,2,0.10934773611518456,0.0010012490631115534,NFLX,0.12912881562113496,-0.059872719069533065,ALGN,0.08956665660923417,0.06187521719575617,,,
2018-06,2018-06-01,2018-09-04,2018-06-01,103,82,5,3,2,0.10934773611518456,0.08351545238357305,NFLX,0.12912881562113496,0.010196443184030679,ALGN,0.08956665660923417,0.15683446158311543,,,
2018-06,2018-06-01,2018-07-02,2018-06-01,103,82,5,1,3,0.09708503948520597,0.03194142867876867,NFLX,0.12912881562113496,0.10627068484695168,ALGN,0.08956665660923417,0.02158576516994115,ADBE,0.07255964622524883,-0.032032163980586836
2018-06,2018-06-01,2018-08-01,2018-06-01,103,82,5,2,3,0.09708503948520597,-0.003709568898591679,NFLX,0.12912881562113496,-0.059872719069533065,ALGN,0.08956665660923417,0.06187521719575617,ADBE,0.07255964622524883,-0.013131204821998144
2018-06,2018-06-01,2018-09-04,2018-06-01,103,82,5,3,3,0.09708503948520597,0.07606347000853424,NFLX,0.12912881562113496,0.010196443184030679,ALGN,0.08956665660923417,0.15683446158311543,ADBE,0.07255964622524883,0.06115950525845659
2018-07,2018-07-02,2018-08-01,2018-07-02,103,82,5,1,1,0.0867235354042396,-0.15018331968135812,NFLX,0.0867235354042396,-0.15018331968135812,,,,,,
2018-07,2018-07-02,2018-09-04,2018-07-02,103,82,5,2,1,0.0867235354042396,-0.08684514827961165,NFLX,0.0867235354042396,-0.08684514827961165,,,,,,
2018-07,2018-07-02,2018-10-01,2018-07-02,103,82,5,3,1,0.0867235354042396,-0.04206638213076219,NFLX,0.0867235354042396,-0.04206638213076219,,,,,,
2018-07,2018-07-02,2018-08-01,2018-07-02,103,82,5,1,2,0.07652484032720987,-0.0553725851435522,NFLX,0.0867235354042396,-0.15018331968135812,ALGN,0.06632614525018013,0.03943814939425372,,,
2018-07,2018-07-02,2018-09-04,2018-07-02,103,82,5,2,2,0.07652484032720987,0.022772894231210372,NFLX,0.0867235354042396,-0.08684514827961165,ALGN,0.06632614525018013,0.1323909367420324,,,
2018-07,2018-07-02,2018-10-01,2018-07-02,103,82,5,3,2,0.07652484032720987,0.05425773173083187,NFLX,0.0867235354042396,-0.04206638213076219,ALGN,0.06632614525018013,0.15058184559242593,,,
2018-07,2018-07-02,2018-08-01,2018-07-02,103,82,5,1,3,0.07031824191483489,-0.050314498953917486,NFLX,0.0867235354042396,-0.15018331968135812,ALGN,0.06632614525018013,0.03943814939425372,MU,0.05790504509008494,-0.04019832657464806
2018-07,2018-07-02,2018-09-04,2018-07-02,103,82,5,2,3,0.07031824191483489,-0.00042014401375278787,NFLX,0.0867235354042396,-0.08684514827961165,ALGN,0.06632614525018013,0.1323909367420324,MU,0.05790504509008494,-0.04680622050367911
2018-07,2018-07-02,2018-10-01,2018-07-02,103,82,5,3,3,0.07031824191483489,-0.020913369396757957,NFLX,0.0867235354042396,-0.04206638213076219,ALGN,0.06632614525018013,0.15058184559242593,MU,0.05790504509008494,-0.1712555716519376
2018-08,2018-08-01,2018-09-04,2018-08-01,103,83,5,1,1,0.08205507417454012,0.0894259917263458,ALGN,0.08205507417454012,0.0894259917263458,,,,,,
2018-08,2018-08-01,2018-10-01,2018-08-01,103,83,5,2,1,0.08205507417454012,0.10692670483851563,ALGN,0.08205507417454012,0.10692670483851563,,,,,,
2018-08,2018-08-01,2018-11-01,2018-08-01,103,83,5,3,1,0.08205507417454012,-0.3470455499643573,ALGN,0.08205507417454012,-0.3470455499643573,,,,,,
2018-08,2018-08-01,2018-09-04,2018-08-01,103,83,5,1,2,0.07964586686646152,0.0907792672900708,ALGN,0.08205507417454012,0.0894259917263458,ILMN,0.07723665955838292,0.0921325428537958,,,
2018-08,2018-08-01,2018-10-01,2018-08-01,103,83,5,2,2,0.07964586686646152,0.1204590264451566,ALGN,0.08205507417454012,0.10692670483851563,ILMN,0.07723665955838292,0.13399134805179758,,,
2018-08,2018-08-01,2018-11-01,2018-08-01,103,83,5,3,2,0.07964586686646152,-0.18974956973828783,ALGN,0.08205507417454012,-0.3470455499643573,ILMN,0.07723665955838292,-0.03245358951221833,,,
2018-08,2018-08-01,2018-09-04,2018-08-01,103,83,5,1,3,0.07146294616544395,0.08148007667794437,ALGN,0.08205507417454012,0.0894259917263458,ILMN,0.07723665955838292,0.0921325428537958,CSX,0.05509710476340879,0.06288169545369149
2018-08,2018-08-01,2018-10-01,2018-08-01,103,83,5,2,3,0.07146294616544395,0.10216601069168633,ALGN,0.08205507417454012,0.10692670483851563,ILMN,0.07723665955838292,0.13399134805179758,CSX,0.05509710476340879,0.06557997918474578
2018-08,2018-08-01,2018-11-01,2018-08-01,103,83,5,3,3,0.07146294616544395,-0.130392655482784,ALGN,0.08205507417454012,-0.3470455499643573,ILMN,0.07723665955838292,-0.03245358951221833,CSX,0.05509710476340879,-0.011678826971776357
2018-09,2018-09-04,2018-10-01,2018-09-04,103,83,5,1,1,0.10226973745551016,0.01606415969976771,ALGN,0.10226973745551016,0.01606415969976771,,,,,,
2018-09,2018-09-04,2018-11-01,2018-09-04,103,83,5,2,1,0.10226973745551016,-0.4006435912172921,ALGN,0.10226973745551016,-0.4006435912172921,,,,,,
2018-09,2018-09-04,2018-12-03,2018-09-04,103,83,5,3,1,0.10226973745551016,-0.38831649453256734,ALGN,0.10226973745551016,-0.38831649453256734,,,,,,
2018-09,2018-09-04,2018-10-01,2018-09-04,103,83,5,1,2,0.09656598775802523,0.02719587341683627,ALGN,0.10226973745551016,0.01606415969976771,ILMN,0.0908622380605403,0.03832758713390483,,,
2018-09,2018-09-04,2018-11-01,2018-09-04,103,83,5,2,2,0.09656598775802523,-0.25735980495157085,ALGN,0.10226973745551016,-0.4006435912172921,ILMN,0.0908622380605403,-0.1140760186858496,,,
2018-09,2018-09-04,2018-12-03,2018-09-04,103,83,5,3,2,0.09656598775802523,-0.1980674699052578,ALGN,0.10226973745551016,-0.38831649453256734,ILMN,0.0908622380605403,-0.007818445277948283,,,
2018-09,2018-09-04,2018-10-01,2018-09-04,103,83,5,1,3,0.09225971379190663,0.012385739447632216,ALGN,0.10226973745551016,0.01606415969976771,ILMN,0.0908622380605403,0.03832758713390483,AMZN,0.08364716585966944,-0.01723452849077589
2018-09,2018-09-04,2018-11-01,2018-09-04,103,83,5,2,3,0.09225971379190663,-0.23269574338051524,ALGN,0.10226973745551016,-0.4006435912172921,ILMN,0.0908622380605403,-0.1140760186858496,AMZN,0.08364716585966944,-0.18336762023840403
2018-09,2018-09-04,2018-12-03,2018-09-04,103,83,5,3,3,0.09225971379190663,-0.17570744636099678,ALGN,0.10226973745551016,-0.38831649453256734,ILMN,0.0908622380605403,-0.007818445277948283,AMZN,0.08364716585966944,-0.1309873992724747
2018-10,2018-10-01,2018-11-01,2018-10-01,103,83,5,1,1,0.0983541390444254,-0.41011952536559404,ALGN,0.0983541390444254,-0.41011952536559404,,,,,,
2018-10,2018-10-01,2018-12-03,2018-10-01,103,83,5,2,1,0.0983541390444254,-0.3979873223279756,ALGN,0.0983541390444254,-0.3979873223279756,,,,,,
2018-10,2018-10-01,2019-01-02,2018-10-01,103,83,5,3,1,0.0983541390444254,-0.4837556171107027,ALGN,0.0983541390444254,-0.4837556171107027,,,,,,
2018-10,2018-10-01,2018-11-01,2018-10-01,103,83,5,1,2,0.0927609556215712,-0.2784487430528717,ALGN,0.0983541390444254,-0.41011952536559404,ILMN,0.087167772198717,-0.14677796074014937,,,
2018-10,2018-10-01,2018-12-03,2018-10-01,103,83,5,2,2,0.0927609556215712,-0.22121498754674812,ALGN,0.0983541390444254,-0.3979873223279756,ILMN,0.087167772198717,-0.04444265276552062,,,
2018-10,2018-10-01,2019-01-02,2018-10-01,103,83,5,3,2,0.0927609556215712,-0.3401208562491311,ALGN,0.0983541390444254,-0.4837556171107027,ILMN,0.087167772198717,-0.19648609538755946,,,
2018-10,2018-10-01,2018-11-01,2018-10-01,103,83,5,1,3,0.08878280090689944,-0.22644979509963722,ALGN,0.0983541390444254,-0.41011952536559404,ILMN,0.087167772198717,-0.14677796074014937,QCOM,0.0808264914775559,-0.12245189919316823
2018-10,2018-10-01,2018-12-03,2018-10-01,103,83,5,2,3,0.08878280090689944,-0.20927647913957467,ALGN,0.0983541390444254,-0.3979873223279756,ILMN,0.087167772198717,-0.04444265276552062,QCOM,0.0808264914775559,-0.18539946232522775
2018-10,2018-10-01,2019-01-02,2018-10-01,103,83,5,3,3,0.08878280090689944,-0.29367487184223867,ALGN,0.0983541390444254,-0.4837556171107027,ILMN,0.087167772198717,-0.19648609538755946,QCOM,0.0808264914775559,-0.20078290302845392
2018-11,2018-11-01,2018-12-03,2018-11-01,103,83,5,1,1,0.04461236535371822,0.006531596902058512,CHTR,0.04461236535371822,0.006531596902058512,,,,,,
2018-11,2018-11-01,2019-01-02,2018-11-01,103,83,5,2,1,0.04461236535371822,-0.11273029099637388,CHTR,0.04461236535371822,-0.11273029099637388,,,,,,
2018-11,2018-11-01,2019-02-01,2018-11-01,103,83,5,3,1,0.04461236535371822,0.050434488606773575,CHTR,0.04461236535371822,0.050434488606773575,,,,,,
2018-11,2018-11-01,2018-12-03,2018-11-01,103,83,5,1,2,0.043577412354679504,0.01907621971448925,CHTR,0.04461236535371822,0.006531596902058512,CMCSA,0.042542459355640785,0.03162084252691999,,,
2018-11,2018-11-01,2019-01-02,2018-11-01,103,83,5,2,2,0.043577412354679504,-0.10101368543259054,CHTR,0.04461236535371822,-0.11273029099637388,CMCSA,0.042542459355640785,-0.0892970798688072,,,
2018-11,2018-11-01,2019-02-01,2018-11-01,103,83,5,3,2,0.043577412354679504,0.012629971286656605,CHTR,0.04461236535371822,0.050434488606773575,CMCSA,0.042542459355640785,-0.025174546033460365,,,
2018-11,2018-11-01,2018-12-03,2018-11-01,103,83,5,1,3,0.04322830239912904,-0.03358070465050178,CHTR,0.04461236535371822,0.006531596902058512,CMCSA,0.042542459355640785,0.03162084252691999,ROST,0.04253008248802812,-0.13889455338048384
2018-11,2018-11-01,2019-01-02,2018-11-01,103,83,5,2,3,0.04322830239912904,-0.11614291312303822,CHTR,0.04461236535371822,-0.11273029099637388,CMCSA,0.042542459355640785,-0.0892970798688072,ROST,0.04253008248802812,-0.1464013685039336
2018-11,2018-11-01,2019-02-01,2018-11-01,103,83,5,3,3,0.04322830239912904,-0.013380622596297206,CHTR,0.04461236535371822,0.050434488606773575,CMCSA,0.042542459355640785,-0.025174546033460365,ROST,0.04253008248802812,-0.06540181036220483
2018-12,2018-12-03,2019-01-02,2018-12-03,103,84,5,1,1,0.07000910197493607,-0.048033357640092866,WDAY,0.07000910197493607,-0.048033357640092866,,,,,,
2018-12,2018-12-03,2019-02-01,2018-12-03,103,84,5,2,1,0.07000910197493607,0.10881998912242952,WDAY,0.07000910197493607,0.10881998912242952,,,,,,
2018-12,2018-12-03,2019-03-01,2018-12-03,103,84,5,3,1,0.07000910197493607,0.12717518444447418,WDAY,0.07000910197493607,0.12717518444447418,,,,,,
2018-12,2018-12-03,2019-01-02,2018-12-03,103,84,5,1,2,0.0697173616046385,-0.047572292318954934,WDAY,0.07000910197493607,-0.048033357640092866,SBUX,0.06942562123434093,-0.047111226997817,,,
2018-12,2018-12-03,2019-02-01,2018-12-03,103,84,5,2,2,0.0697173616046385,0.05892853819744759,WDAY,0.07000910197493607,0.10881998912242952,SBUX,0.06942562123434093,0.00903708727246566,,,
2018-12,2018-12-03,2019-03-01,2018-12-03,103,84,5,3,2,0.0697173616046385,0.09114133055282303,WDAY,0.07000910197493607,0.12717518444447418,SBUX,0.06942562123434093,0.055107476661171884,,,
2018-12,2018-12-03,2019-01-02,2018-12-03,103,84,5,1,3,0.06615201780452866,-0.09536021253978351,WDAY,0.07000910197493607,-0.048033357640092866,SBUX,0.06942562123434093,-0.047111226997817,ULTA,0.059021330204309,-0.19093605298144067
2018-12,2018-12-03,2019-02-01,2018-12-03,103,84,5,2,3,0.06615201780452866,0.022830554536172814,WDAY,0.07000910197493607,0.10881998912242952,SBUX,0.06942562123434093,0.00903708727246566,ULTA,0.059021330204309,-0.04936541278637674
2018-12,2018-12-03,2019-03-01,2018-12-03,103,84,5,3,3,0.06615201780452866,0.07034249148049887,WDAY,0.07000910197493607,0.12717518444447418,SBUX,0.06942562123434093,0.055107476661171884,ULTA,0.059021330204309,0.02874481333585055
2019-01,2019-01-02,2019-02-01,2019-01-02,103,88,5,1,1,0.05699023813927011,0.16476769225199517,WDAY,0.05699023813927011,0.16476769225199517,,,,,,
2019-01,2019-01-02,2019-03-01,2019-01-02,103,88,5,2,1,0.05699023813927011,0.1840490352164319,WDAY,0.05699023813927011,0.1840490352164319,,,,,,
2019-01,2019-01-02,2019-04-01,2019-01-02,103,88,5,3,1,0.05699023813927011,0.2066482619987675,WDAY,0.05699023813927011,0.2066482619987675,,,,,,
2019-01,2019-01-02,2019-02-01,2019-01-02,103,88,5,1,2,0.05334131002291935,0.23320700938116423,WDAY,0.05699023813927011,0.16476769225199517,AMD,0.04969238190656859,0.3016463265103333,,,
2019-01,2019-01-02,2019-03-01,2019-01-02,103,88,5,2,2,0.05334131002291935,0.22080838380897505,WDAY,0.05699023813927011,0.1840490352164319,AMD,0.04969238190656859,0.2575677324015182,,,
2019-01,2019-01-02,2019-04-01,2019-01-02,103,88,5,3,2,0.05334131002291935,0.3032710432977106,WDAY,0.05699023813927011,0.2066482619987675,AMD,0.04969238190656859,0.3998938245966537,,,
2019-01,2019-01-02,2019-02-01,2019-01-02,103,88,5,1,3,0.051662007574429736,0.1751127765389914,WDAY,0.05699023813927011,0.16476769225199517,AMD,0.04969238190656859,0.3016463265103333,SBUX,0.0483034026774505,0.05892431085464578
2019-01,2019-01-02,2019-03-01,2019-01-02,103,88,5,2,3,0.051662007574429736,0.1829630691816498,WDAY,0.05699023813927011,0.1840490352164319,AMD,0.04969238190656859,0.2575677324015182,SBUX,0.0483034026774505,0.10727243992699931
2019-01,2019-01-02,2019-04-01,2019-01-02,103,88,5,3,3,0.051662007574429736,0.25413957473551524,WDAY,0.05699023813927011,0.2066482619987675,AMD,0.04969238190656859,0.3998938245966537,SBUX,0.0483034026774505,0.15587663761112447
2019-02,2019-02-01,2019-03-01,2019-02-01,103,88,5,1,1,0.05249087745919827,0.04565777608159016,SBUX,0.05249087745919827,0.04565777608159016,,,,,,
2019-02,2019-02-01,2019-04-01,2019-02-01,103,88,5,2,1,0.05249087745919827,0.09155737172398037,SBUX,0.05249087745919827,0.09155737172398037,,,,,,
2019-02,2019-02-01,2019-05-01,2019-02-01,103,88,5,3,1,0.05249087745919827,0.144099041965847,SBUX,0.05249087745919827,0.144099041965847,,,,,,
2019-02,2019-02-01,2019-03-01,2019-02-01,103,88,5,1,2,0.05236794500247803,-0.042045582707307294,SBUX,0.05249087745919827,0.04565777608159016,NTES,0.052245012545757794,-0.12974894149620475,,,
2019-02,2019-02-01,2019-04-01,2019-02-01,103,88,5,2,2,0.05236794500247803,0.05929249943836201,SBUX,0.05249087745919827,0.09155737172398037,NTES,0.052245012545757794,0.02702762715274365,,,
2019-02,2019-02-01,2019-05-01,2019-02-01,103,88,5,3,2,0.05236794500247803,0.14445472614718835,SBUX,0.05249087745919827,0.144099041965847,NTES,0.052245012545757794,0.1448104103285297,,,
2019-02,2019-02-01,2019-03-01,2019-02-01,103,88,5,1,3,0.050294076639326134,-0.02060934942022352,SBUX,0.05249087745919827,0.04565777608159016,NTES,0.052245012545757794,-0.12974894149620475,AVGO,0.04614633991302235,0.022263117153944023
2019-02,2019-02-01,2019-04-01,2019-02-01,103,88,5,2,3,0.050294076639326134,0.09163978565481257,SBUX,0.05249087745919827,0.09155737172398037,NTES,0.052245012545757794,0.02702762715274365,AVGO,0.04614633991302235,0.15633435808771368
2019-02,2019-02-01,2019-05-01,2019-02-01,103,88,5,3,3,0.050294076639326134,0.16493962821484573,SBUX,0.05249087745919827,0.144099041965847,NTES,0.052245012545757794,0.1448104103285297,AVGO,0.04614633991302235,0.20590943235016046
2019-03,2019-03-01,2019-04-01,2019-03-01,103,88,5,1,1,0.07555389533627913,0.1471746713029094,MELI,0.07555389533627913,0.1471746713029094,,,,,,
2019-03,2019-03-01,2019-05-01,2019-03-01,103,88,5,2,1,0.07555389533627913,0.07326630782183541,MELI,0.07555389533627913,0.07326630782183541,,,,,,
2019-03,2019-03-01,2019-06-03,2019-03-01,103,88,5,3,1,0.07555389533627913,0.25934372749055035,MELI,0.07555389533627913,0.25934372749055035,,,,,,
2019-03,2019-03-01,2019-04-01,2019-03-01,103,88,5,1,2,0.0673263462220264,0.08313053281229055,MELI,0.07555389533627913,0.1471746713029094,WDAY,0.0590987971077737,0.019086394321671696,,,
2019-03,2019-03-01,2019-05-01,2019-03-01,103,88,5,2,2,0.0673263462220264,0.06846141161681196,MELI,0.07555389533627913,0.07326630782183541,WDAY,0.0590987971077737,0.06365651541178852,,,
2019-03,2019-03-01,2019-06-03,2019-03-01,103,88,5,3,2,0.0673263462220264,0.1369151901225777,MELI,0.07555389533627913,0.25934372749055035,WDAY,0.0590987971077737,0.014486652754605034,,,
2019-03,2019-03-01,2019-04-01,2019-03-01,103,88,5,1,3,0.06428166548275005,0.04702747302299615,MELI,0.07555389533627913,0.1471746713029094,WDAY,0.0590987971077737,0.019086394321671696,INCY,0.05819230400419735,-0.025178646555592654
2019-03,2019-03-01,2019-05-01,2019-03-01,103,88,5,2,3,0.06428166548275005,0.010632832881053286,MELI,0.07555389533627913,0.07326630782183541,WDAY,0.0590987971077737,0.06365651541178852,INCY,0.05819230400419735,-0.10502432459046407
2019-03,2019-03-01,2019-06-03,2019-03-01,103,88,5,3,3,0.06428166548275005,0.05872603620678666,MELI,0.07555389533627913,0.25934372749055035,WDAY,0.0590987971077737,0.014486652754605034,INCY,0.05819230400419735,-0.0976522716247954
2019-04,2019-04-01,2019-05-01,2019-04-01,103,90,5,1,1,0.09947888708361277,-0.06442642548682875,MELI,0.09947888708361277,-0.06442642548682875,,,,,,
2019-04,2019-04-01,2019-06-03,2019-04-01,103,90,5,2,1,0.09947888708361277,0.09777853276715409,MELI,0.09947888708361277,0.09777853276715409,,,,,,
2019-04,2019-04-01,2019-07-01,2019-04-01,103,90,5,3,1,0.09947888708361277,0.19532534610071672,MELI,0.09947888708361277,0.19532534610071672,,,,,,
2019-04,2019-04-01,2019-05-01,2019-04-01,103,90,5,1,2,0.08877389795002275,-0.0033552058943847607,MELI,0.09947888708361277,-0.06442642548682875,CDNS,0.07806890881643273,0.05771601369805923,,,
2019-04,2019-04-01,2019-06-03,2019-04-01,103,90,5,2,2,0.08877389795002275,0.024969496763024013,MELI,0.09947888708361277,0.09777853276715409,CDNS,0.07806890881643273,-0.047839539241106066,,,
2019-04,2019-04-01,2019-07-01,2019-04-01,103,90,5,3,2,0.08877389795002275,0.16363485684434775,MELI,0.09947888708361277,0.19532534610071672,CDNS,0.07806890881643273,0.13194436758797878,,,
2019-04,2019-04-01,2019-05-01,2019-04-01,103,90,5,1,3,0.08380170514595849,0.012341652924333646,MELI,0.09947888708361277,-0.06442642548682875,CDNS,0.07806890881643273,0.05771601369805923,WDAY,0.07385731953782995,0.04373537056177046
2019-04,2019-04-01,2019-06-03,2019-04-01,103,90,5,2,3,0.08380170514595849,0.015141800060455254,MELI,0.09947888708361277,0.09777853276715409,CDNS,0.07806890881643273,-0.047839539241106066,WDAY,0.07385731953782995,-0.004513593344682265
2019-04,2019-04-01,2019-07-01,2019-04-01,103,90,5,3,3,0.08380170514595849,0.14492215915987758,MELI,0.09947888708361277,0.19532534610071672,CDNS,0.07806890881643273,0.13194436758797878,WDAY,0.07385731953782995,0.1074967637909372
2019-05,2019-05-01,2019-06-03,2019-05-01,103,90,5,1,1,0.10219249936975168,-0.2282041451288801,QCOM,0.10219249936975168,-0.2282041451288801,,,,,,
2019-05,2019-05-01,2019-07-01,2019-05-01,103,90,5,2,1,0.10219249936975168,-0.09426234415851109,QCOM,0.10219249936975168,-0.09426234415851109,,,,,,
2019-05,2019-05-01,2019-08-01,2019-05-01,103,90,5,3,1,0.10219249936975168,-0.1681047132957777,QCOM,0.10219249936975168,-0.1681047132957777,,,,,,
2019-05,2019-05-01,2019-06-03,2019-05-01,103,90,5,1,2,0.09487453981981323,-0.22411586041709625,QCOM,0.10219249936975168,-0.2282041451288801,TCOM,0.08755658026987478,-0.2200275757053124,,,
2019-05,2019-05-01,2019-07-01,2019-05-01,103,90,5,2,2,0.09487453981981323,-0.10317160470845843,QCOM,0.10219249936975168,-0.09426234415851109,TCOM,0.08755658026987478,-0.11208086525840577,,,
2019-05,2019-05-01,2019-08-01,2019-05-01,103,90,5,3,2,0.09487453981981323,-0.15582543259271242,QCOM,0.10219249936975168,-0.1681047132957777,TCOM,0.08755658026987478,-0.14354615188964714,,,
2019-05,2019-05-01,2019-06-03,2019-05-01,103,90,5,1,3,0.0917814728839081,-0.1826758204804869,QCOM,0.10219249936975168,-0.2282041451288801,TCOM,0.08755658026987478,-0.2200275757053124,CDNS,0.08559533901209788,-0.09979574060726815
2019-05,2019-05-01,2019-07-01,2019-05-01,103,90,5,2,3,0.0917814728839081,-0.045388415908430936,QCOM,0.10219249936975168,-0.09426234415851109,TCOM,0.08755658026987478,-0.11208086525840577,CDNS,0.08559533901209788,0.07017796169162405
2019-05,2019-05-01,2019-08-01,2019-05-01,103,90,5,3,3,0.0917814728839081,-0.08199859138176269,QCOM,0.10219249936975168,-0.1681047132957777,TCOM,0.08755658026987478,-0.14354615188964714,CDNS,0.08559533901209788,0.06565509104013678
2019-06,2019-06-03,2019-07-01,2019-06-03,103,90,5,1,1,0.14365937943801915,0.08885837208683411,MELI,0.14365937943801915,0.08885837208683411,,,,,,
2019-06,2019-06-03,2019-08-01,2019-06-03,103,90,5,2,1,0.14365937943801915,0.10141180212578371,MELI,0.14365937943801915,0.10141180212578371,,,,,,
2019-06,2019-06-03,2019-09-03,2019-06-03,103,90,5,3,1,0.14365937943801915,0.021502505492165813,MELI,0.14365937943801915,0.021502505492165813,,,,,,
2019-06,2019-06-03,2019-07-01,2019-06-03,103,90,5,1,2,0.11450471057944156,0.11005646757436938,MELI,0.14365937943801915,0.08885837208683411,AMD,0.08535004172086395,0.13125456306190464,,,
2019-06,2019-06-03,2019-08-01,2019-06-03,103,90,5,2,2,0.11450471057944156,0.09204021384303374,MELI,0.14365937943801915,0.10141180212578371,AMD,0.08535004172086395,0.08266862556028376,,,
2019-06,2019-06-03,2019-09-03,2019-06-03,103,90,5,3,2,0.11450471057944156,0.07093978980207039,MELI,0.14365937943801915,0.021502505492165813,AMD,0.08535004172086395,0.12037707411197496,,,
2019-06,2019-06-03,2019-07-01,2019-06-03,103,90,5,1,3,0.10252791366528848,0.13630991715722862,MELI,0.14365937943801915,0.08885837208683411,AMD,0.08535004172086395,0.13125456306190464,CDNS,0.0785743198369823,0.1888168163229471
2019-06,2019-06-03,2019-08-01,2019-06-03,103,90,5,2,3,0.10252791366528848,0.12262432415232667,MELI,0.14365937943801915,0.10141180212578371,AMD,0.08535004172086395,0.08266862556028376,CDNS,0.0785743198369823,0.18379254477091256
2019-06,2019-06-03,2019-09-03,2019-06-03,103,90,5,3,3,0.10252791366528848,0.08208518967397034,MELI,0.14365937943801915,0.021502505492165813,AMD,0.08535004172086395,0.12037707411197496,CDNS,0.0785743198369823,0.10437598941777027
2019-07,2019-07-01,2019-08-01,2019-07-01,103,90,5,1,1,0.12218060433753446,-0.08152732599889778,QCOM,0.12218060433753446,-0.08152732599889778,,,,,,
2019-07,2019-07-01,2019-09-03,2019-07-01,103,90,5,2,1,0.12218060433753446,-0.03095995177382871,QCOM,0.12218060433753446,-0.03095995177382871,,,,,,
2019-07,2019-07-01,2019-10-01,2019-07-01,103,90,5,3,1,0.12218060433753446,-0.018715126948576688,QCOM,0.12218060433753446,-0.018715126948576688,,,,,,
2019-07,2019-07-01,2019-08-01,2019-07-01,103,90,5,1,2,0.11944081056943073,-0.03499917132598618,QCOM,0.12218060433753446,-0.08152732599889778,MELI,0.11670101680132702,0.011528983346925425,,,
2019-07,2019-07-01,2019-09-03,2019-07-01,103,90,5,2,2,0.11944081056943073,-0.04640955696070381,QCOM,0.12218060433753446,-0.03095995177382871,MELI,0.11670101680132702,-0.06185916214757892,,,
2019-07,2019-07-01,2019-10-01,2019-07-01,103,90,5,3,2,0.11944081056943073,-0.06496784358792052,QCOM,0.12218060433753446,-0.018715126948576688,MELI,0.11670101680132702,-0.11122056022726434,,,
2019-07,2019-07-01,2019-08-01,2019-07-01,103,90,5,1,3,0.11000177622163616,-0.024741540552441304,QCOM,0.12218060433753446,-0.08152732599889778,MELI,0.11670101680132702,0.011528983346925425,CDNS,0.09112370752604704,-0.004226279005351552
2019-07,2019-07-01,2019-09-03,2019-07-01,103,90,5,2,3,0.11000177622163616,-0.054616138145830585,QCOM,0.12218060433753446,-0.03095995177382871,MELI,0.11670101680132702,-0.06185916214757892,CDNS,0.09112370752604704,-0.07102930051608414
2019-07,2019-07-01,2019-10-01,2019-07-01,103,90,5,3,3,0.11000177622163616,-0.07993992447448987,QCOM,0.12218060433753446,-0.018715126948576688,MELI,0.11670101680132702,-0.11122056022726434,CDNS,0.09112370752604704,-0.10988408624762858
2019-08,2019-08-01,2019-09-03,2019-08-01,103,90,5,1,1,0.08737084614910753,0.05505593759777816,QCOM,0.08737084614910753,0.05505593759777816,,,,,,
2019-08,2019-08-01,2019-10-01,2019-08-01,103,90,5,2,1,0.08737084614910753,0.06838766228797533,QCOM,0.08737084614910753,0.06838766228797533,,,,,,
2019-08,2019-08-01,2019-11-01,2019-08-01,103,90,5,3,1,0.08737084614910753,0.18319629562567763,QCOM,0.08737084614910753,0.18319629562567763,,,,,,
2019-08,2019-08-01,2019-09-03,2019-08-01,103,90,5,1,2,0.07933647141775586,-0.008747880288340892,QCOM,0.08737084614910753,0.05505593759777816,MELI,0.07130209668640419,-0.07255169817445994,,,
2019-08,2019-08-01,2019-10-01,2019-08-01,103,90,5,2,2,0.07933647141775586,-0.026481416720902373,QCOM,0.08737084614910753,0.06838766228797533,MELI,0.07130209668640419,-0.12135049572978007,,,
2019-08,2019-08-01,2019-11-01,2019-08-01,103,90,5,3,2,0.07933647141775586,-0.01730919479084908,QCOM,0.08737084614910753,0.18319629562567763,MELI,0.07130209668640419,-0.2178146852073758,,,
2019-08,2019-08-01,2019-09-03,2019-08-01,103,90,5,1,3,0.07526761718075085,0.020266920395977217,QCOM,0.08737084614910753,0.05505593759777816,MELI,0.07130209668640419,-0.07255169817445994,TTWO,0.06712990870674082,0.07829652176461344
2019-08,2019-08-01,2019-10-01,2019-08-01,103,90,5,2,3,0.07526761718075085,-0.015442961411775813,QCOM,0.08737084614910753,0.06838766228797533,MELI,0.07130209668640419,-0.12135049572978007,TTWO,0.06712990870674082,0.006633949206477308
2019-08,2019-08-01,2019-11-01,2019-08-01,103,90,5,3,3,0.07526761718075085,-0.02573546923601337,QCOM,0.08737084614910753,0.18319629562567763,MELI,0.07130209668640419,-0.2178146852073758,TTWO,0.06712990870674082,-0.04258801812634194
2019-09,2019-09-03,2019-10-01,2019-09-03,103,90,5,1,1,0.08258046910953838,0.012636035886923525,QCOM,0.08258046910953838,0.012636035886923525,,,,,,
2019-09,2019-09-03,2019-11-01,2019-09-03,103,90,5,2,1,0.08258046910953838,0.12145361535963484,QCOM,0.08258046910953838,0.12145361535963484,,,,,,
2019-09,2019-09-03,2019-12-02,2019-09-03,103,90,5,3,1,0.08258046910953838,0.1062913536559964,QCOM,0.08258046910953838,0.1062913536559964,,,,,,
2019-09,2019-09-03,2019-10-01,2019-09-03,103,90,5,1,2,0.07434018214885832,-0.026911511741407046,QCOM,0.08258046910953838,0.012636035886923525,TTWO,0.06609989518817824,-0.06645905936973762,,,
2019-09,2019-09-03,2019-11-01,2019-09-03,103,90,5,2,2,0.07434018214885832,0.004673330064434877,QCOM,0.08258046910953838,0.12145361535963484,TTWO,0.06609989518817824,-0.11210695523076508,,,
2019-09,2019-09-03,2019-12-02,2019-09-03,103,90,5,3,2,0.07434018214885832,0.011637246016973746,QCOM,0.08258046910953838,0.1062913536559964,TTWO,0.06609989518817824,-0.08301686162204891,,,
2019-09,2019-09-03,2019-10-01,2019-09-03,103,90,5,1,3,0.06900834719485772,-0.05328253005697784,QCOM,0.08258046910953838,0.012636035886923525,TTWO,0.06609989518817824,-0.06645905936973762,SBUX,0.05834467728685655,-0.10602456668811944
2019-09,2019-09-03,2019-11-01,2019-09-03,103,90,5,2,3,0.06900834719485772,-0.04359311812006594,QCOM,0.08258046910953838,0.12145361535963484,TTWO,0.06609989518817824,-0.11210695523076508,SBUX,0.05834467728685655,-0.14012601448906759
2019-09,2019-09-03,2019-12-02,2019-09-03,103,90,5,3,3,0.06900834719485772,-0.03280966481313626,QCOM,0.08258046910953838,0.1062913536559964,TTWO,0.06609989518817824,-0.08301686162204891,SBUX,0.05834467728685655,-0.12170348647335627
2019-10,2019-10-01,2019-11-01,2019-10-01,103,90,5,1,1,0.058258443666653406,0.0892668776629566,KLAC,0.058258443666653406,0.0892668776629566,,,,,,
2019-10,2019-10-01,2019-12-02,2019-10-01,103,90,5,2,1,0.058258443666653406,0.022420787763442807,KLAC,0.058258443666653406,0.022420787763442807,,,,,,
2019-10,2019-10-01,2020-01-02,2019-10-01,103,90,5,3,1,0.058258443666653406,0.15896740434411583,KLAC,0.058258443666653406,0.15896740434411583,,,,,,
2019-10,2019-10-01,2019-11-01,2019-10-01,103,90,5,1,2,0.05483891313105477,0.008090516121765923,KLAC,0.058258443666653406,0.0892668776629566,WDC,0.05141938259545613,-0.07308584541942476,,,
2019-10,2019-10-01,2019-12-02,2019-10-01,103,90,5,2,2,0.05483891313105477,-0.07122183682147842,KLAC,0.058258443666653406,0.022420787763442807,WDC,0.05141938259545613,-0.16486446140639965,,,
2019-10,2019-10-01,2020-01-02,2019-10-01,103,90,5,3,2,0.05483891313105477,0.14893449045590756,KLAC,0.058258443666653406,0.15896740434411583,WDC,0.05141938259545613,0.1389015765676993,,,
2019-10,2019-10-01,2019-11-01,2019-10-01,103,90,5,1,3,0.051821077028024166,-0.010905517001897532,KLAC,0.058258443666653406,0.0892668776629566,WDC,0.05141938259545613,-0.07308584541942476,TTWO,0.045785404821962986,-0.04889758324922444
2019-10,2019-10-01,2019-12-02,2019-10-01,103,90,5,2,3,0.051821077028024166,-0.05339341026680333,KLAC,0.058258443666653406,0.022420787763442807,WDC,0.05141938259545613,-0.16486446140639965,TTWO,0.045785404821962986,-0.017736557157453148
2019-10,2019-10-01,2020-01-02,2019-10-01,103,90,5,3,3,0.051821077028024166,0.09703868586105398,KLAC,0.058258443666653406,0.15896740434411583,WDC,0.05141938259545613,0.1389015765676993,TTWO,0.045785404821962986,-0.006752923328653182
2019-11,2019-11-01,2019-12-02,2019-11-01,103,90,5,1,1,0.12576429051415866,0.06881367125383675,TSLA,0.12576429051415866,0.06881367125383675,,,,,,
2019-11,2019-11-01,2020-01-02,2019-11-01,103,90,5,2,1,0.12576429051415866,0.3732725058894282,TSLA,0.12576429051415866,0.3732725058894282,,,,,,
2019-11,2019-11-01,2020-02-03,2019-11-01,103,90,5,3,1,0.12576429051415866,1.489547143643243,TSLA,0.12576429051415866,1.489547143643243,,,,,,
2019-11,2019-11-01,2019-12-02,2019-11-01,103,90,5,1,2,0.11957389950124231,0.00372285391853594,TSLA,0.12576429051415866,0.06881367125383675,KLAC,0.11338350848832594,-0.06136796341676487,,,
2019-11,2019-11-01,2020-01-02,2019-11-01,103,90,5,2,2,0.11957389950124231,0.2186304905876979,TSLA,0.12576429051415866,0.3732725058894282,KLAC,0.11338350848832594,0.06398847528596763,,,
2019-11,2019-11-01,2020-02-03,2019-11-01,103,90,5,3,2,0.11957389950124231,0.7399361648103543,TSLA,0.12576429051415866,1.489547143643243,KLAC,0.11338350848832594,-0.00967481402253445,,,
2019-11,2019-11-01,2019-12-02,2019-11-01,103,90,5,1,3,0.11448319679326736,-0.015870198370968702,TSLA,0.12576429051415866,0.06881367125383675,KLAC,0.11338350848832594,-0.06136796341676487,LRCX,0.10430179137731747,-0.05505630294997799
2019-11,2019-11-01,2020-01-02,2019-11-01,103,90,5,2,3,0.11448319679326736,0.17080660342086693,TSLA,0.12576429051415866,0.3732725058894282,KLAC,0.11338350848832594,0.06398847528596763,LRCX,0.10430179137731747,0.07515882908720495
2019-11,2019-11-01,2020-02-03,2019-11-01,103,90,5,3,3,0.11448319679326736,0.5310362599741509,TSLA,0.12576429051415866,1.489547143643243,KLAC,0.11338350848832594,-0.00967481402253445,LRCX,0.10430179137731747,0.11323645030174423
2019-12,2019-12-02,2020-01-02,2019-12-02,103,91,5,1,1,0.08566323277347279,0.28485679293232424,TSLA,0.08566323277347279,0.28485679293232424,,,,,,
2019-12,2019-12-02,2020-02-03,2019-12-02,103,91,5,2,1,0.08566323277347279,1.3292620693396717,TSLA,0.08566323277347279,1.3292620693396717,,,,,,
2019-12,2019-12-02,2020-03-02,2019-12-02,103,91,5,3,1,0.08566323277347279,1.2206229967734785,TSLA,0.08566323277347279,1.2206229967734785,,,,,,
2019-12,2019-12-02,2020-01-02,2019-12-02,103,91,5,1,2,0.07786791414822505,0.21132939683459462,TSLA,0.08566323277347279,0.28485679293232424,LRCX,0.07007259552297733,0.137802000736865,,,
2019-12,2019-12-02,2020-02-03,2019-12-02,103,91,5,2,2,0.07786791414822505,0.7536801249897713,TSLA,0.08566323277347279,1.3292620693396717,LRCX,0.07007259552297733,0.17809818063987093,,,
2019-12,2019-12-02,2020-03-02,2019-12-02,103,91,5,3,2,0.07786791414822505,0.683872342661206,TSLA,0.08566323277347279,1.2206229967734785,LRCX,0.07007259552297733,0.14712168854893348,,,
2019-12,2019-12-02,2020-01-02,2019-12-02,103,91,5,1,3,0.07255439530871743,0.1854036877200922,TSLA,0.08566323277347279,0.28485679293232424,LRCX,0.07007259552297733,0.137802000736865,KLAC,0.06192735762970221,0.13355226949108734
2019-12,2019-12-02,2020-02-03,2019-12-02,103,91,5,2,3,0.07255439530871743,0.520811036181125,TSLA,0.08566323277347279,1.3292620693396717,LRCX,0.07007259552297733,0.17809818063987093,KLAC,0.06192735762970221,0.05507285856383226
2019-12,2019-12-02,2020-03-02,2019-12-02,103,91,5,3,3,0.07255439530871743,0.4527356614717182,TSLA,0.08566323277347279,1.2206229967734785,LRCX,0.07007259552297733,0.14712168854893348,KLAC,0.06192735762970221,-0.009537700907257474
2020-01,2020-01-02,2020-02-03,2020-01-02,103,90,5,1,1,0.1367535311756871,0.8128573411078648,TSLA,0.1367535311756871,0.8128573411078648,,,,,,
2020-01,2020-01-02,2020-03-02,2020-01-02,103,90,5,2,1,0.1367535311756871,0.7283038926894965,TSLA,0.1367535311756871,0.7283038926894965,,,,,,
2020-01,2020-01-02,2020-04-01,2020-01-02,103,90,5,3,1,0.1367535311756871,0.11923023547882572,TSLA,0.1367535311756871,0.11923023547882572,,,,,,
2020-01,2020-01-02,2020-02-03,2020-01-02,103,90,5,1,2,0.12402956723996887,0.39543072707205384,TSLA,0.1367535311756871,0.8128573411078648,AMD,0.11130560330425066,-0.021995886963757094,,,
2020-01,2020-01-02,2020-03-02,2020-01-02,103,90,5,2,2,0.12402956723996887,0.34745134104317354,TSLA,0.1367535311756871,0.7283038926894965,AMD,0.11130560330425066,-0.03340121060314938,,,
2020-01,2020-01-02,2020-04-01,2020-01-02,103,90,5,3,2,0.12402956723996887,0.004217981326300635,TSLA,0.1367535311756871,0.11923023547882572,AMD,0.11130560330425066,-0.11079427282622445,,,
2020-01,2020-01-02,2020-02-03,2020-01-02,103,90,5,1,3,0.11316184040901574,0.24542915092094766,TSLA,0.1367535311756871,0.8128573411078648,AMD,0.11130560330425066,-0.021995886963757094,SWKS,0.09142638674710946,-0.05457400138126467
2020-01,2020-01-02,2020-03-02,2020-01-02,103,90,5,2,3,0.11316184040901574,0.18507166959071772,TSLA,0.1367535311756871,0.7283038926894965,AMD,0.11130560330425066,-0.03340121060314938,SWKS,0.09142638674710946,-0.13968767331419396
2020-01,2020-01-02,2020-04-01,2020-01-02,103,90,5,3,3,0.11316184040901574,-0.10376148391682054,TSLA,0.1367535311756871,0.11923023547882572,AMD,0.11130560330425066,-0.11079427282622445,SWKS,0.09142638674710946,-0.31972041440306287
2020-02,2020-02-03,2020-03-02,2020-02-03,103,90,5,1,1,0.30688540386772306,-0.04664098299466646,TSLA,0.30688540386772306,-0.04664098299466646,,,,,,
2020-02,2020-02-03,2020-04-01,2020-02-03,103,90,5,2,1,0.30688540386772306,-0.38261538285475516,TSLA,0.30688540386772306,-0.38261538285475516,,,,,,
2020-02,2020-02-03,2020-05-01,2020-02-03,103,90,5,3,1,0.30688540386772306,-0.10087181971623349,TSLA,0.30688540386772306,-0.10087181971623349,,,,,,
2020-02,2020-02-03,2020-03-02,2020-02-03,103,90,5,1,2,0.2035494551560502,-0.06833388866288614,TSLA,0.30688540386772306,-0.04664098299466646,SWKS,0.10021350644437732,-0.09002679433110583,,,
2020-02,2020-02-03,2020-04-01,2020-02-03,103,90,5,2,2,0.2035494551560502,-0.3315335861082814,TSLA,0.30688540386772306,-0.38261538285475516,SWKS,0.10021350644437732,-0.2804517893618076,,,
2020-02,2020-02-03,2020-05-01,2020-02-03,103,90,5,3,2,0.2035494551560502,-0.11918703098028516,TSLA,0.30688540386772306,-0.10087181971623349,SWKS,0.10021350644437732,-0.13750224224433683,,,
2020-02,2020-02-03,2020-03-02,2020-02-03,103,90,5,1,3,0.16901316747323678,-0.04944320446436371,TSLA,0.30688540386772306,-0.04664098299466646,SWKS,0.10021350644437732,-0.09002679433110583,AMD,0.0999405921076099,-0.011661836067318854
2020-02,2020-02-03,2020-04-01,2020-02-03,103,90,5,2,3,0.16901316747323678,-0.25128756197853686,TSLA,0.30688540386772306,-0.38261538285475516,SWKS,0.10021350644437732,-0.2804517893618076,AMD,0.0999405921076099,-0.09079551371904782
2020-02,2020-02-03,2020-05-01,2020-02-03,103,90,5,3,3,0.16901316747323678,-0.06654672957605157,TSLA,0.30688540386772306,-0.10087181971623349,SWKS,0.10021350644437732,-0.13750224224433683,AMD,0.0999405921076099,0.038733873232415617
2020-03,2020-03-02,2020-04-01,2020-03-02,103,90,5,1,1,0.28006463494899936,-0.35241120487373445,TSLA,0.28006463494899936,-0.35241120487373445,,,,,,
2020-03,2020-03-02,2020-05-01,2020-03-02,103,90,5,2,1,0.28006463494899936,-0.05688396055865241,TSLA,0.28006463494899936,-0.05688396055865241,,,,,,
2020-03,2020-03-02,2020-06-01,2020-03-02,103,90,5,3,1,0.28006463494899936,0.20774045142001563,TSLA,0.28006463494899936,0.20774045142001563,,,,,,
2020-03,2020-03-02,2020-04-01,2020-03-02,103,90,5,1,2,0.19983722399573628,-0.14188611542326035,TSLA,0.28006463494899936,-0.35241120487373445,REGN,0.11960981304247317,0.06863897402721375,,,
2020-03,2020-03-02,2020-05-01,2020-03-02,103,90,5,2,2,0.19983722399573628,0.03691572883395078,TSLA,0.28006463494899936,-0.05688396055865241,REGN,0.11960981304247317,0.13071541822655397,,,
2020-03,2020-03-02,2020-06-01,2020-03-02,103,90,5,3,2,0.19983722399573628,0.24880836932922912,TSLA,0.28006463494899936,0.20774045142001563,REGN,0.11960981304247317,0.2898762872384426,,,
2020-03,2020-03-02,2020-04-01,2020-03-02,103,90,5,1,3,0.17037793393073453,-0.12127988050526987,TSLA,0.28006463494899936,-0.35241120487373445,REGN,0.11960981304247317,0.06863897402721375,AMD,0.11145935380073105,-0.08006741066928891
2020-03,2020-03-02,2020-05-01,2020-03-02,103,90,5,2,3,0.17037793393073453,0.04160726935836667,TSLA,0.28006463494899936,-0.05688396055865241,REGN,0.11960981304247317,0.13071541822655397,AMD,0.11145935380073105,0.05099035040719846
2020-03,2020-03-02,2020-06-01,2020-03-02,103,90,5,3,3,0.17037793393073453,0.20920699901246986,TSLA,0.28006463494899936,0.20774045142001563,REGN,0.11960981304247317,0.2898762872384426,AMD,0.11145935380073105,0.13000425837895135
2020-04,2020-04-01,2020-05-01,2020-04-01,103,90,5,1,1,0.15349512348512498,0.45635015080435526,TSLA,0.15349512348512498,0.45635015080435526,,,,,,
2020-04,2020-04-01,2020-06-01,2020-04-01,103,90,5,2,1,0.15349512348512498,0.864980463697697,TSLA,0.15349512348512498,0.864980463697697,,,,,,
2020-04,2020-04-01,2020-07-01,2020-04-01,103,90,5,3,1,0.15349512348512498,1.325006169890199,TSLA,0.15349512348512498,1.325006169890199,,,,,,
2020-04,2020-04-01,2020-05-01,2020-04-01,103,90,5,1,2,0.13111484216879457,0.25721970399428407,TSLA,0.15349512348512498,0.45635015080435526,REGN,0.10873456085246416,0.05808925718421287,,,
2020-04,2020-04-01,2020-06-01,2020-04-01,103,90,5,2,2,0.13111484216879457,0.5360038218396226,TSLA,0.15349512348512498,0.864980463697697,REGN,0.10873456085246416,0.20702717998154818,,,
2020-04,2020-04-01,2020-07-01,2020-04-01,103,90,5,3,2,0.13111484216879457,0.7757820365646355,TSLA,0.15349512348512498,1.325006169890199,REGN,0.10873456085246416,0.2265579032390721,,,
2020-04,2020-04-01,2020-05-01,2020-04-01,103,90,5,1,3,0.10622553791496094,0.1753093213592262,TSLA,0.15349512348512498,0.45635015080435526,REGN,0.10873456085246416,0.05808925718421287,JD,0.05644692940729366,0.01148855608911048
2020-04,2020-04-01,2020-06-01,2020-04-01,103,90,5,2,3,0.10622553791496094,0.46994079434103897,TSLA,0.15349512348512498,0.864980463697697,REGN,0.10873456085246416,0.20702717998154818,JD,0.05644692940729366,0.33781473934387174
2020-04,2020-04-01,2020-07-01,2020-04-01,103,90,5,3,3,0.10622553791496094,0.6727327151434098,TSLA,0.15349512348512498,1.325006169890199,REGN,0.10873456085246416,0.2265579032390721,JD,0.05644692940729366,0.4666340723009583
2020-05,2020-05-01,2020-06-01,2020-05-01,103,90,5,1,1,0.23100241939522864,0.28058520999750747,TSLA,0.23100241939522864,0.28058520999750747,,,,,,
2020-05,2020-05-01,2020-07-01,2020-05-01,103,90,5,2,1,0.23100241939522864,0.5964609668945873,TSLA,0.23100241939522864,0.5964609668945873,,,,,,
2020-05,2020-05-01,2020-08-03,2020-05-01,103,90,5,3,1,0.23100241939522864,1.1174357512021218,TSLA,0.23100241939522864,1.1174357512021218,,,,,,
2020-05,2020-05-01,2020-06-01,2020-05-01,103,90,5,1,2,0.19405001245039527,0.3769770647763825,TSLA,0.23100241939522864,0.28058520999750747,ZM,0.1570976055055619,0.4733689195552575,,,
2020-05,2020-05-01,2020-07-01,2020-05-01,103,90,5,2,2,0.19405001245039527,0.7333127923699412,TSLA,0.23100241939522864,0.5964609668945873,ZM,0.1570976055055619,0.8701646178452951,,,
2020-05,2020-05-01,2020-08-03,2020-05-01,103,90,5,3,2,0.19405001245039527,1.0258079619251066,TSLA,0.23100241939522864,1.1174357512021218,ZM,0.1570976055055619,0.9341801726480916,,,
2020-05,2020-05-01,2020-06-01,2020-05-01,103,90,5,1,3,0.16254569278375536,0.28760681532976173,TSLA,0.23100241939522864,0.28058520999750747,ZM,0.1570976055055619,0.4733689195552575,DXCM,0.09953705345047555,0.10886631643652023
2020-05,2020-05-01,2020-07-01,2020-05-01,103,90,5,2,3,0.16254569278375536,0.5461583255541546,TSLA,0.23100241939522864,0.5964609668945873,ZM,0.1570976055055619,0.8701646178452951,DXCM,0.09953705345047555,0.17184939192258142
2020-05,2020-05-01,2020-08-03,2020-05-01,103,90,5,3,3,0.16254569278375536,0.7835733368601575,TSLA,0.23100241939522864,1.1174357512021218,ZM,0.1570976055055619,0.9341801726480916,DXCM,0.09953705345047555,0.29910408673025923
2020-06,2020-06-01,2020-07-01,2020-06-01,103,90,5,1,1,0.2523807005541237,0.26931184242016726,ZM,0.2523807005541237,0.26931184242016726,,,,,,
2020-06,2020-06-01,2020-08-03,2020-06-01,103,90,5,2,1,0.2523807005541237,0.3127602645723868,ZM,0.2523807005541237,0.3127602645723868,,,,,,
2020-06,2020-06-01,2020-09-01,2020-06-01,103,90,5,3,1,0.2523807005541237,1.2419300324519287,ZM,0.2523807005541237,1.2419300324519287,,,,,,
2020-06,2020-06-01,2020-07-01,2020-06-01,103,90,5,1,2,0.2412644016811945,0.25798850167058063,ZM,0.2523807005541237,0.26931184242016726,TSLA,0.23014810280826534,0.246665160920994,,,
2020-06,2020-06-01,2020-08-03,2020-06-01,103,90,5,2,2,0.2412644016811945,0.4831254884996402,ZM,0.2523807005541237,0.3127602645723868,TSLA,0.23014810280826534,0.6534907124268936,,,
2020-06,2020-06-01,2020-09-01,2020-06-01,103,90,5,3,2,0.2412644016811945,1.4433400889780097,ZM,0.2523807005541237,1.2419300324519287,TSLA,0.23014810280826534,1.6447501455040907,,,
2020-06,2020-06-01,2020-07-01,2020-06-01,103,90,5,1,3,0.20263137792884553,0.19092550807146477,ZM,0.2523807005541237,0.26931184242016726,TSLA,0.23014810280826534,0.246665160920994,DXCM,0.12536533042414755,0.056799520873233034
2020-06,2020-06-01,2020-08-03,2020-06-01,103,90,5,2,3,0.20263137792884553,0.3792705255840904,ZM,0.2523807005541237,0.3127602645723868,TSLA,0.23014810280826534,0.6534907124268936,DXCM,0.12536533042414755,0.17156059975299076
2020-06,2020-06-01,2020-09-01,2020-06-01,103,90,5,3,3,0.20263137792884553,1.0005067971344614,ZM,0.2523807005541237,1.2419300324519287,TSLA,0.23014810280826534,1.6447501455040907,DXCM,0.12536533042414755,0.11484021344736473
2020-07,2020-07-01,2020-08-03,2020-07-01,103,90,5,1,1,0.2511208277547846,0.03422990371647172,ZM,0.2511208277547846,0.03422990371647172,,,,,,
2020-07,2020-07-01,2020-09-01,2020-07-01,103,90,5,2,1,0.2511208277547846,0.7662562953618184,ZM,0.2511208277547846,0.7662562953618184,,,,,,
2020-07,2020-07-01,2020-10-01,2020-07-01,103,90,5,3,1,0.2511208277547846,0.863890638418348,ZM,0.2511208277547846,0.863890638418348,,,,,,
2020-07,2020-07-01,2020-08-03,2020-07-01,103,90,5,1,2,0.21553205541534037,0.14932323943694592,ZM,0.2511208277547846,0.03422990371647172,DOCU,0.1799432830758961,0.2644165751574201,,,
2020-07,2020-07-01,2020-09-01,2020-07-01,103,90,5,2,2,0.21553205541534037,0.6341338967551801,ZM,0.2511208277547846,0.7662562953618184,DOCU,0.1799432830758961,0.5020114981485417,,,
2020-07,2020-07-01,2020-10-01,2020-07-01,103,90,5,3,2,0.21553205541534037,0.5529220351471645,ZM,0.2511208277547846,0.863890638418348,DOCU,0.1799432830758961,0.24195343187598106,,,
2020-07,2020-07-01,2020-08-03,2020-07-01,103,90,5,1,3,0.18676097515673729,0.11925329134302272,ZM,0.2511208277547846,0.03422990371647172,DOCU,0.1799432830758961,0.2644165751574201,REGN,0.12921881463953108,0.05911339515517633
2020-07,2020-07-01,2020-09-01,2020-07-01,103,90,5,2,3,0.18676097515673729,0.4137327726570484,ZM,0.2511208277547846,0.7662562953618184,DOCU,0.1799432830758961,0.5020114981485417,REGN,0.12921881463953108,-0.027069475539215015
2020-07,2020-07-01,2020-10-01,2020-07-01,103,90,5,3,3,0.18676097515673729,0.34616341168162484,ZM,0.2511208277547846,0.863890638418348,DOCU,0.1799432830758961,0.24195343187598106,REGN,0.12921881463953108,-0.06735383524945449
2020-08,2020-08-03,2020-09-01,2020-08-03,103,90,5,1,1,0.23246861229411336,-0.18799696115691278,MRNA,0.23246861229411336,-0.18799696115691278,,,,,,
2020-08,2020-08-03,2020-10-01,2020-08-03,103,90,5,2,1,0.23246861229411336,-0.10194927206206439,MRNA,0.23246861229411336,-0.10194927206206439,,,,,,
2020-08,2020-08-03,2020-11-02,2020-08-03,103,90,5,3,1,0.23246861229411336,-0.13939474581486444,MRNA,0.23246861229411336,-0.13939474581486444,,,,,,
2020-08,2020-08-03,2020-09-01,2020-08-03,103,90,5,1,2,0.2235566935292299,-4.411155986738802e-05,MRNA,0.23246861229411336,-0.18799696115691278,DOCU,0.21464477476434643,0.187908738037178,,,
2020-08,2020-08-03,2020-10-01,2020-08-03,103,90,5,2,2,0.2235566935292299,-0.05985744559031153,MRNA,0.23246861229411336,-0.10194927206206439,DOCU,0.21464477476434643,-0.017765619118558673,,,
2020-08,2020-08-03,2020-11-02,2020-08-03,103,90,5,3,2,0.2235566935292299,-0.12431996737901413,MRNA,0.23246861229411336,-0.13939474581486444,DOCU,0.21464477476434643,-0.10924518894316382,,,
2020-08,2020-08-03,2020-09-01,2020-08-03,103,90,5,1,3,0.215671650944859,0.2359034311508923,MRNA,0.23246861229411336,-0.18799696115691278,DOCU,0.21464477476434643,0.187908738037178,ZM,0.19990156577611723,0.7077985165724117
2020-08,2020-08-03,2020-10-01,2020-08-03,103,90,5,2,3,0.215671650944859,0.22749552163926368,MRNA,0.23246861229411336,-0.10194927206206439,DOCU,0.21464477476434643,-0.017765619118558673,ZM,0.19990156577611723,0.8022014560984141
2020-08,2020-08-03,2020-11-02,2020-08-03,103,90,5,3,3,0.215671650944859,0.14721952423488613,MRNA,0.23246861229411336,-0.13939474581486444,DOCU,0.21464477476434643,-0.10924518894316382,ZM,0.19990156577611723,0.6902985074626866
2020-09,2020-09-01,2020-10-01,2020-09-01,103,90,5,1,1,0.38188531666118997,-0.05660456447360884,TSLA,0.38188531666118997,-0.05660456447360884,,,,,,
2020-09,2020-09-01,2020-11-02,2020-09-01,103,90,5,2,1,0.38188531666118997,-0.15690987514870935,TSLA,0.38188531666118997,-0.15690987514870935,,,,,,
2020-09,2020-09-01,2020-12-01,2020-09-01,103,90,5,3,1,0.38188531666118997,0.2309440521367796,TSLA,0.38188531666118997,0.2309440521367796,,,,,,
2020-09,2020-09-01,2020-10-01,2020-09-01,103,90,5,1,2,0.3405522609063643,-0.0006635009022617488,TSLA,0.38188531666118997,-0.05660456447360884,ZM,0.29921920515153866,0.055277562669085345,,,
2020-09,2020-09-01,2020-11-02,2020-09-01,103,90,5,2,2,0.3405522609063643,-0.08357849545893697,TSLA,0.38188531666118997,-0.15690987514870935,ZM,0.29921920515153866,-0.010247115769164594,,,
2020-09,2020-09-01,2020-12-01,2020-09-01,103,90,5,3,2,0.3405522609063643,0.05934232626203423,TSLA,0.38188531666118997,0.2309440521367796,ZM,0.29921920515153866,-0.11225939961271114,,,
2020-09,2020-09-01,2020-10-01,2020-09-01,103,90,5,1,3,0.30798013940877894,-0.05815562188084378,TSLA,0.38188531666118997,-0.05660456447360884,ZM,0.29921920515153866,0.055277562669085345,DOCU,0.24283589641360823,-0.17313986383800783
2020-09,2020-09-01,2020-11-02,2020-09-01,103,90,5,2,3,0.30798013940877894,-0.1391019251570853,TSLA,0.38188531666118997,-0.15690987514870935,ZM,0.29921920515153866,-0.010247115769164594,DOCU,0.24283589641360823,-0.25014878455338196
2020-09,2020-09-01,2020-12-01,2020-09-01,103,90,5,3,3,0.30798013940877894,-0.02627424217709662,TSLA,0.38188531666118997,0.2309440521367796,ZM,0.29921920515153866,-0.11225939961271114,DOCU,0.24283589641360823,-0.1975073790553583
2020-10,2020-10-01,2020-11-02,2020-10-01,103,90,5,1,1,0.3079973489866787,-0.0620923639014177,ZM,0.3079973489866787,-0.0620923639014177,,,,,,
2020-10,2020-10-01,2020-12-01,2020-10-01,103,90,5,2,1,0.3079973489866787,-0.15876103899911387,ZM,0.3079973489866787,-0.15876103899911387,,,,,,
2020-10,2020-10-01,2021-01-04,2020-10-01,103,90,5,3,1,0.3079973489866787,-0.25468432417896536,ZM,0.3079973489866787,-0.25468432417896536,,,,,,
2020-10,2020-10-01,2020-11-02,2020-10-01,103,90,5,1,2,0.2936458612961379,-0.08420804117633285,ZM,0.3079973489866787,-0.0620923639014177,TSLA,0.27929437360559717,-0.106323718451248,,,
2020-10,2020-10-01,2020-12-01,2020-10-01,103,90,5,2,2,0.2936458612961379,0.07302037506802361,ZM,0.3079973489866787,-0.15876103899911387,TSLA,0.27929437360559717,0.3048017891351611,,,
2020-10,2020-10-01,2021-01-04,2020-10-01,103,90,5,3,2,0.2936458612961379,0.1868424744937145,ZM,0.3079973489866787,-0.25468432417896536,TSLA,0.27929437360559717,0.6283692731663943,,,
2020-10,2020-10-01,2020-11-02,2020-10-01,103,90,5,1,3,0.2568920341337885,-0.0871834127051605,ZM,0.3079973489866787,-0.0620923639014177,TSLA,0.27929437360559717,-0.106323718451248,DOCU,0.18338437980908967,-0.0931341557628158
2020-10,2020-10-01,2020-12-01,2020-10-01,103,90,5,2,3,0.2568920341337885,0.03885693807610591,ZM,0.3079973489866787,-0.15876103899911387,TSLA,0.27929437360559717,0.3048017891351611,DOCU,0.18338437980908967,-0.029469935907729505
2020-10,2020-10-01,2021-01-04,2020-10-01,103,90,5,3,3,0.2568920341337885,0.12478662515511389,ZM,0.3079973489866787,-0.25468432417896536,TSLA,0.27929437360559717,0.6283692731663943,DOCU,0.18338437980908967,0.000674926477912674
2020-11,2020-11-02,2020-12-01,2020-11-02,103,90,5,1,1,0.20191258791584604,0.46003851290975684,TSLA,0.20191258791584604,0.46003851290975684,,,,,,
2020-11,2020-11-02,2021-01-04,2020-11-02,103,90,5,2,1,0.20191258791584604,0.8221019252568842,TSLA,0.20191258791584604,0.8221019252568842,,,,,,
2020-11,2020-11-02,2021-02-01,2020-11-02,103,90,5,3,1,0.20191258791584604,1.0968516930661902,TSLA,0.20191258791584604,1.0968516930661902,,,,,,
2020-11,2020-11-02,2020-12-01,2020-11-02,103,90,5,1,2,0.20140884010559484,0.17848503742462868,TSLA,0.20191258791584604,0.46003851290975684,ZM,0.20090509229534365,-0.10306843806049948,,,
2020-11,2020-11-02,2021-01-04,2020-11-02,103,90,5,2,2,0.20140884010559484,0.30837989307692787,TSLA,0.20191258791584604,0.8221019252568842,ZM,0.20090509229534365,-0.20534213910302845,,,
2020-11,2020-11-02,2021-02-01,2020-11-02,103,90,5,3,2,0.20140884010559484,0.469982129839697,TSLA,0.20191258791584604,1.0968516930661902,ZM,0.20090509229534365,-0.15688743338679623,,,
2020-11,2020-11-02,2020-12-01,2020-11-02,103,90,5,1,3,0.180172149428955,0.14928115969675712,TSLA,0.20191258791584604,0.46003851290975684,ZM,0.20090509229534365,-0.10306843806049948,ALGN,0.1376987680756753,0.09087340424101398
2020-11,2020-11-02,2021-01-04,2020-11-02,103,90,5,2,3,0.180172149428955,0.2550441901036743,TSLA,0.20191258791584604,0.8221019252568842,ZM,0.20090509229534365,-0.20534213910302845,ALGN,0.1376987680756753,0.14837278415716715
2020-11,2020-11-02,2021-02-01,2020-11-02,103,90,5,3,3,0.180172149428955,0.37484163693423805,TSLA,0.20191258791584604,1.0968516930661902,ZM,0.20090509229534365,-0.15688743338679623,ALGN,0.1376987680756753,0.1845606511233202
2020-12,2020-12-01,2021-01-04,2020-12-01,103,90,5,1,1,0.24871361270612763,-0.20764479320990892,MRNA,0.24871361270612763,-0.20764479320990892,,,,,,
2020-12,2020-12-01,2021-02-01,2020-12-01,103,90,5,2,1,0.24871361270612763,0.11680024014116741,MRNA,0.24871361270612763,0.11680024014116741,,,,,,
2020-12,2020-12-01,2021-03-01,2020-12-01,103,90,5,3,1,0.24871361270612763,0.11623289148382931,MRNA,0.24871361270612763,0.11623289148382931,,,,,,
2020-12,2020-12-01,2021-01-04,2020-12-01,103,90,5,1,2,0.24665043550986313,0.020168651968675178,MRNA,0.24871361270612763,-0.20764479320990892,TSLA,0.24458725831359862,0.24798209714725927,,,
2020-12,2020-12-01,2021-02-01,2020-12-01,103,90,5,2,2,0.24665043550986313,0.27648107291041957,MRNA,0.24871361270612763,0.11680024014116741,TSLA,0.24458725831359862,0.4361619056796717,,,
2020-12,2020-12-01,2021-03-01,2020-12-01,103,90,5,3,2,0.24665043550986313,0.17241121170009766,MRNA,0.24871361270612763,0.11623289148382931,TSLA,0.24458725831359862,0.228589531916366,,,
2020-12,2020-12-01,2021-01-04,2020-12-01,103,90,5,1,3,0.2114258827607206,0.012258268567677533,MRNA,0.24871361270612763,-0.20764479320990892,TSLA,0.24458725831359862,0.24798209714725927,AMD,0.14097677726243557,-0.003562498234317757
2020-12,2020-12-01,2021-02-01,2020-12-01,103,90,5,2,3,0.2114258827607206,0.16643596325420107,MRNA,0.24871361270612763,0.11680024014116741,TSLA,0.24458725831359862,0.4361619056796717,AMD,0.14097677726243557,-0.05365425605823593
2020-12,2020-12-01,2021-03-01,2020-12-01,103,90,5,3,3,0.2114258827607206,0.09248588661257233,MRNA,0.24871361270612763,0.11623289148382931,TSLA,0.24458725831359862,0.228589531916366,AMD,0.14097677726243557,-0.06736476356247834
2021-01,2021-01-04,2021-02-01,2021-01-04,102,90,5,1,1,0.22891746765575632,0.15078726606941673,TSLA,0.22891746765575632,0.15078726606941673,,,,,,
2021-01,2021-01-04,2021-03-01,2021-01-04,102,90,5,2,1,0.22891746765575632,-0.015539137360401578,TSLA,0.22891746765575632,-0.015539137360401578,,,,,,
2021-01,2021-01-04,2021-04-01,2021-01-04,102,90,5,3,1,0.22891746765575632,-0.09320747514014649,TSLA,0.22891746765575632,-0.09320747514014649,,,,,,
2021-01,2021-01-04,2021-02-01,2021-01-04,102,90,5,1,2,0.1921881430381147,0.07823683163051509,TSLA,0.22891746765575632,0.15078726606941673,PTON,0.1554588184204731,0.005686397191613457,,,
2021-01,2021-01-04,2021-03-01,2021-01-04,102,90,5,2,2,0.1921881430381147,-0.08364654914203101,TSLA,0.22891746765575632,-0.015539137360401578,PTON,0.1554588184204731,-0.15175396092366045,,,
2021-01,2021-01-04,2021-04-01,2021-01-04,102,90,5,3,2,0.1921881430381147,-0.16262870611633284,TSLA,0.22891746765575632,-0.09320747514014649,PTON,0.1554588184204731,-0.2320499370925192,,,
2021-01,2021-01-04,2021-02-01,2021-01-04,102,90,5,1,3,0.17944600135572739,0.18864761297234267,TSLA,0.22891746765575632,0.15078726606941673,PTON,0.1554588184204731,0.005686397191613457,MRNA,0.15396171799095268,0.40946917565599783
2021-01,2021-01-04,2021-03-01,2021-01-04,102,90,5,2,3,0.17944600135572739,0.08048668306368134,TSLA,0.22891746765575632,-0.015539137360401578,PTON,0.1554588184204731,-0.15175396092366045,MRNA,0.15396171799095268,0.40875314747510605
2021-01,2021-01-04,2021-04-01,2021-01-04,102,90,5,3,3,0.17944600135572739,-0.04630511530615311,TSLA,0.22891746765575632,-0.09320747514014649,PTON,0.1554588184204731,-0.2320499370925192,MRNA,0.15396171799095268,0.18634206631420636
2021-02,2021-02-01,2021-03-01,2021-02-01,102,90,5,1,1,0.2734549453535348,-0.0005080126570050636,MRNA,0.2734549453535348,-0.0005080126570050636,,,,,,
2021-02,2021-02-01,2021-04-01,2021-02-01,102,90,5,2,1,0.2734549453535348,-0.1583057743976155,MRNA,0.2734549453535348,-0.1583057743976155,,,,,,
2021-02,2021-02-01,2021-05-03,2021-02-01,102,90,5,3,1,0.2734549453535348,0.1812294216358743,MRNA,0.2734549453535348,0.1812294216358743,,,,,,
2021-02,2021-02-01,2021-03-01,2021-02-01,102,90,5,1,2,0.2167729389539529,0.03478274554593125,MRNA,0.2734549453535348,-0.0005080126570050636,PDD,0.16009093255437096,0.07007350374886756,,,
2021-02,2021-02-01,2021-04-01,2021-02-01,102,90,5,2,2,0.2167729389539529,-0.1654658697209339,MRNA,0.2734549453535348,-0.1583057743976155,PDD,0.16009093255437096,-0.17262596504425232,,,
2021-02,2021-02-01,2021-05-03,2021-02-01,102,90,5,3,2,0.2167729389539529,-0.02587762211451239,MRNA,0.2734549453535348,0.1812294216358743,PDD,0.16009093255437096,-0.23298466586489908,,,
2021-02,2021-02-01,2021-03-01,2021-02-01,102,90,5,1,3,0.1954537485773882,0.09717527796147234,MRNA,0.2734549453535348,-0.0005080126570050636,PDD,0.16009093255437096,0.07007350374886756,BIDU,0.1528153678242589,0.2219603427925545
2021-02,2021-02-01,2021-04-01,2021-02-01,102,90,5,2,3,0.1954537485773882,-0.14088922092823297,MRNA,0.2734549453535348,-0.1583057743976155,PDD,0.16009093255437096,-0.17262596504425232,BIDU,0.1528153678242589,-0.0917359233428311
2021-02,2021-02-01,2021-05-03,2021-02-01,102,90,5,3,3,0.1954537485773882,-0.06817020555904951,MRNA,0.2734549453535348,0.1812294216358743,PDD,0.16009093255437096,-0.23298466586489908,BIDU,0.1528153678242589,-0.15275537244812376
2021-03,2021-03-01,2021-04-01,2021-03-01,102,90,5,1,1,0.2521594100463535,-0.15787796574547142,MRNA,0.2521594100463535,-0.15787796574547142,,,,,,
2021-03,2021-03-01,2021-05-03,2021-03-01,102,90,5,2,1,0.2521594100463535,0.181829806135817,MRNA,0.2521594100463535,0.181829806135817,,,,,,
2021-03,2021-03-01,2021-06-01,2021-03-01,102,90,5,3,1,0.2521594100463535,0.1731893953156871,MRNA,0.2521594100463535,0.1731893953156871,,,,,,
2021-03,2021-03-01,2021-04-01,2021-03-01,102,90,5,1,2,0.23166360769984512,-0.1923421593568057,MRNA,0.2521594100463535,-0.15787796574547142,PDD,0.2111678053533367,-0.22680635296814,,,
2021-03,2021-03-01,2021-05-03,2021-03-01,102,90,5,2,2,0.23166360769984512,-0.05069133638762452,MRNA,0.2521594100463535,0.181829806135817,PDD,0.2111678053533367,-0.28321247891106605,,,
2021-03,2021-03-01,2021-06-01,2021-03-01,102,90,5,3,2,0.23166360769984512,-0.03913723651730394,MRNA,0.2521594100463535,0.1731893953156871,PDD,0.2111678053533367,-0.251463868350295,,,
2021-03,2021-03-01,2021-04-01,2021-03-01,102,90,5,1,3,0.22043032648416072,-0.21379996841971874,MRNA,0.2521594100463535,-0.15787796574547142,PDD,0.2111678053533367,-0.22680635296814,BIDU,0.19796376405279187,-0.2567155865455448
2021-03,2021-03-01,2021-05-03,2021-03-01,102,90,5,2,3,0.22043032648416072,-0.13601132086902537,MRNA,0.2521594100463535,0.181829806135817,PDD,0.2111678053533367,-0.28321247891106605,BIDU,0.19796376405279187,-0.3066512898318271
2021-03,2021-03-01,2021-06-01,2021-03-01,102,90,5,3,3,0.22043032648416072,-0.1318270882637355,MRNA,0.2521594100463535,0.1731893953156871,PDD,0.2111678053533367,-0.251463868350295,BIDU,0.19796376405279187,-0.3172067917565986
2021-04,2021-04-01,2021-05-03,2021-04-01,102,90,5,1,1,0.22892309497763685,0.40339494522549546,MRNA,0.22892309497763685,0.40339494522549546,,,,,,
2021-04,2021-04-01,2021-06-01,2021-04-01,102,90,5,2,1,0.22892309497763685,0.3931346617170861,MRNA,0.22892309497763685,0.3931346617170861,,,,,,
2021-04,2021-04-01,2021-07-01,2021-04-01,102,90,5,3,1,0.22892309497763685,0.7737457200853206,MRNA,0.22892309497763685,0.7737457200853206,,,,,,
2021-04,2021-04-01,2021-05-03,2021-04-01,102,90,5,1,2,0.21093098036263547,0.1710656506139535,MRNA,0.22892309497763685,0.40339494522549546,AMAT,0.19293886574763408,-0.061263643997588435,,,
2021-04,2021-04-01,2021-06-01,2021-04-01,102,90,5,2,2,0.21093098036263547,0.18572662174621463,MRNA,0.22892309497763685,0.3931346617170861,AMAT,0.19293886574763408,-0.021681418224656857,,,
2021-04,2021-04-01,2021-07-01,2021-04-01,102,90,5,3,2,0.21093098036263547,0.3751118373120812,MRNA,0.22892309497763685,0.7737457200853206,AMAT,0.19293886574763408,-0.023522045461158214,,,
2021-04,2021-04-01,2021-05-03,2021-04-01,102,90,5,1,3,0.18681123426203308,0.08738716202952967,MRNA,0.22892309497763685,0.40339494522549546,AMAT,0.19293886574763408,-0.061263643997588435,MU,0.13857174206082828,-0.079969815139318
2021-04,2021-04-01,2021-06-01,2021-04-01,102,90,5,2,3,0.18681123426203308,0.09402294002985372,MRNA,0.22892309497763685,0.3931346617170861,AMAT,0.19293886574763408,-0.021681418224656857,MU,0.13857174206082828,-0.08938442340286812
2021-04,2021-04-01,2021-07-01,2021-04-01,102,90,5,3,3,0.18681123426203308,0.20570699546961027,MRNA,0.22892309497763685,0.7737457200853206,AMAT,0.19293886574763408,-0.023522045461158214,MU,0.13857174206082828,-0.13310268821533155
2021-05,2021-05-03,2021-06-01,2021-05-03,102,90,5,1,1,0.11189838921044779,-0.015223943983700972,BIDU,0.11189838921044779,-0.015223943983700972,,,,,,
2021-05,2021-05-03,2021-07-01,2021-05-03,102,90,5,2,1,0.11189838921044779,-0.01698055863219783,BIDU,0.11189838921044779,-0.01698055863219783,,,,,,
2021-05,2021-05-03,2021-08-02,2021-05-03,102,90,5,3,1,0.11189838921044779,-0.18703035705297943,BIDU,0.11189838921044779,-0.18703035705297943,,,,,,
2021-05,2021-05-03,2021-06-01,2021-05-03,102,90,5,1,2,0.1061960849564256,0.01347074496048506,BIDU,0.11189838921044779,-0.015223943983700972,AMAT,0.10049378070240342,0.04216543390467109,,,
2021-05,2021-05-03,2021-07-01,2021-05-03,102,90,5,2,2,0.1061960849564256,0.011612062675401158,BIDU,0.11189838921044779,-0.01698055863219783,AMAT,0.10049378070240342,0.040204683983000145,,,
2021-05,2021-05-03,2021-08-02,2021-05-03,102,90,5,3,2,0.1061960849564256,-0.05810556788449883,BIDU,0.11189838921044779,-0.18703035705297943,AMAT,0.10049378070240342,0.07081922128398177,,,
2021-05,2021-05-03,2021-06-01,2021-05-03,102,90,5,1,3,0.10058627992222426,0.006543481661440438,BIDU,0.11189838921044779,-0.015223943983700972,AMAT,0.10049378070240342,0.04216543390467109,MRNA,0.08936666985382158,-0.007311044936648803
2021-05,2021-05-03,2021-07-01,2021-05-03,102,90,5,2,3,0.10058627992222426,0.09570681827789158,BIDU,0.11189838921044779,-0.01698055863219783,AMAT,0.10049378070240342,0.040204683983000145,MRNA,0.08936666985382158,0.26389632948287245
2021-05,2021-05-03,2021-08-02,2021-05-03,102,90,5,3,3,0.10058627992222426,0.249027670707383,BIDU,0.11189838921044779,-0.18703035705297943,AMAT,0.10049378070240342,0.07081922128398177,MRNA,0.08936666985382158,0.8632941478911467
2021-06,2021-06-01,2021-07-01,2021-06-01,102,90,5,1,1,0.1294334195084736,0.27320478689340644,MRNA,0.1294334195084736,0.27320478689340644,,,,,,
2021-06,2021-06-01,2021-08-02,2021-06-01,102,90,5,2,1,0.1294334195084736,0.8770171042874506,MRNA,0.1294334195084736,0.8770171042874506,,,,,,
2021-06,2021-06-01,2021-09-01,2021-06-01,102,90,5,3,1,0.1294334195084736,1.1116646523787472,MRNA,0.1294334195084736,1.1116646523787472,,,,,,
2021-06,2021-06-01,2021-07-01,2021-06-01,102,90,5,1,2,0.11609484416090265,0.1356616839115939,MRNA,0.1294334195084736,0.27320478689340644,AMAT,0.1027562688133317,-0.0018814190702186595,,,
2021-06,2021-06-01,2021-08-02,2021-06-01,102,90,5,2,2,0.11609484416090265,0.45225578768192287,MRNA,0.1294334195084736,0.8770171042874506,AMAT,0.1027562688133317,0.027494471076395133,,,
2021-06,2021-06-01,2021-09-01,2021-06-01,102,90,5,3,2,0.11609484416090265,0.5395315550507871,MRNA,0.1294334195084736,1.1116646523787472,AMAT,0.1027562688133317,-0.032601542277173046,,,
2021-06,2021-06-01,2021-07-01,2021-06-01,102,90,5,1,3,0.1011843440300727,0.10382488133399825,MRNA,0.1294334195084736,0.27320478689340644,AMAT,0.1027562688133317,-0.0018814190702186595,GOOG,0.07136334376841283,0.04015127617880698
2021-06,2021-06-01,2021-08-02,2021-06-01,102,90,5,2,3,0.1011843440300727,0.3412846654637601,MRNA,0.1294334195084736,0.8770171042874506,AMAT,0.1027562688133317,0.027494471076395133,GOOG,0.07136334376841283,0.11934242102743453
2021-06,2021-06-01,2021-09-01,2021-06-01,102,90,5,3,3,0.1011843440300727,0.4265007996002561,MRNA,0.1294334195084736,1.1116646523787472,AMAT,0.1027562688133317,-0.032601542277173046,GOOG,0.07136334376841283,0.20043928869919414
2021-07,2021-07-01,2021-08-02,2021-07-01,102,90,5,1,1,0.10218054175595533,0.47424603143955624,MRNA,0.10218054175595533,0.47424603143955624,,,,,,
2021-07,2021-07-01,2021-09-01,2021-07-01,102,90,5,2,1,0.10218054175595533,0.6585428158271109,MRNA,0.10218054175595533,0.6585428158271109,,,,,,
2021-07,2021-07-01,2021-10-01,2021-07-01,102,90,5,3,1,0.10218054175595533,0.45076770640301245,MRNA,0.10218054175595533,0.45076770640301245,,,,,,
2021-07,2021-07-01,2021-08-02,2021-07-01,102,90,5,1,2,0.09682000377157121,0.22569417560229116,MRNA,0.10218054175595533,0.47424603143955624,NVDA,0.09145946578718711,-0.02285768023497392,,,
2021-07,2021-07-01,2021-09-01,2021-07-01,102,90,5,2,2,0.09682000377157121,0.38450990121933504,MRNA,0.10218054175595533,0.6585428158271109,NVDA,0.09145946578718711,0.11047698661155914,,,
2021-07,2021-07-01,2021-10-01,2021-07-01,102,90,5,3,2,0.09682000377157121,0.23858539687891422,MRNA,0.10218054175595533,0.45076770640301245,NVDA,0.09145946578718711,0.026403087354816,,,
2021-07,2021-07-01,2021-08-02,2021-07-01,102,90,5,1,3,0.08766836967420362,0.1602732046300244,MRNA,0.10218054175595533,0.47424603143955624,NVDA,0.09145946578718711,-0.02285768023497392,AMAT,0.06936510147946848,0.0294312626854909
2021-07,2021-07-01,2021-09-01,2021-07-01,102,90,5,2,3,0.08766836967420362,0.2460805909533075,MRNA,0.10218054175595533,0.6585428158271109,NVDA,0.09145946578718711,0.11047698661155914,AMAT,0.06936510147946848,-0.030778029578747534
2021-07,2021-07-01,2021-10-01,2021-07-01,102,90,5,3,3,0.08766836967420362,0.13831568935667526,MRNA,0.10218054175595533,0.45076770640301245,NVDA,0.09145946578718711,0.026403087354816,AMAT,0.06936510147946848,-0.062223725687802656
2021-08,2021-08-02,2021-09-01,2021-08-02,102,91,5,1,1,0.1971313505752676,0.12501087366509278,MRNA,0.1971313505752676,0.12501087366509278,,,,,,
2021-08,2021-08-02,2021-10-01,2021-08-02,102,91,5,2,1,0.1971313505752676,-0.01592564913579453,MRNA,0.1971313505752676,-0.01592564913579453,,,,,,
2021-08,2021-08-02,2021-11-01,2021-08-02,102,91,5,3,1,0.1971313505752676,-0.027235141290731346,MRNA,0.1971313505752676,-0.027235141290731346,,,,,,
2021-08,2021-08-02,2021-09-01,2021-08-02,102,91,5,1,2,0.13744101982357115,0.13073227756471117,MRNA,0.1971313505752676,0.12501087366509278,NVDA,0.07775068907187474,0.13645368146432957,,,
2021-08,2021-08-02,2021-10-01,2021-08-02,102,91,5,2,2,0.13744101982357115,0.01724372241782507,MRNA,0.1971313505752676,-0.01592564913579453,NVDA,0.07775068907187474,0.05041309397144467,,,
2021-08,2021-08-02,2021-11-01,2021-08-02,102,91,5,3,2,0.13744101982357115,0.14034580598055607,MRNA,0.1971313505752676,-0.027235141290731346,NVDA,0.07775068907187474,0.3079267532518435,,,
2021-08,2021-08-02,2021-09-01,2021-08-02,102,91,5,1,3,0.1117592293177142,0.08239160434153803,MRNA,0.1971313505752676,0.12501087366509278,NVDA,0.07775068907187474,0.13645368146432957,ORLY,0.060395648306000325,-0.014289742104808267
2021-08,2021-08-02,2021-10-01,2021-08-02,102,91,5,2,3,0.1117592293177142,0.01333126481906699,MRNA,0.1971313505752676,-0.01592564913579453,NVDA,0.07775068907187474,0.05041309397144467,ORLY,0.060395648306000325,0.005506349621550832
2021-08,2021-08-02,2021-11-01,2021-08-02,102,91,5,3,3,0.1117592293177142,0.10387779359774445,MRNA,0.1971313505752676,-0.027235141290731346,NVDA,0.07775068907187474,0.3079267532518435,ORLY,0.060395648306000325,0.030941768832121186
2021-09,2021-09-01,2021-10-01,2021-09-01,102,92,5,1,1,0.2537091184573804,-0.12527569830657748,MRNA,0.2537091184573804,-0.12527569830657748,,,,,,
2021-09,2021-09-01,2021-11-01,2021-09-01,102,92,5,2,1,0.2537091184573804,-0.135328483057086,MRNA,0.2537091184573804,-0.135328483057086,,,,,,
2021-09,2021-09-01,2021-12-01,2021-09-01,102,92,5,3,1,0.2537091184573804,-0.20344159766415404,MRNA,0.2537091184573804,-0.20344159766415404,,,,,,
2021-09,2021-09-01,2021-10-01,2021-09-01,102,92,5,1,2,0.18227865170305313,-0.035034959269278576,MRNA,0.2537091184573804,-0.12527569830657748,TEAM,0.11084818494872581,0.055205779768020324,,,
2021-09,2021-09-01,2021-11-01,2021-09-01,102,92,5,2,2,0.18227865170305313,0.037850958720786365,MRNA,0.2537091184573804,-0.135328483057086,TEAM,0.11084818494872581,0.21103040049865873,,,
2021-09,2021-09-01,2021-12-01,2021-09-01,102,92,5,3,2,0.18227865170305313,-0.12121235153060433,MRNA,0.2537091184573804,-0.20344159766415404,TEAM,0.11084818494872581,-0.03898310539705463,,,
2021-09,2021-09-01,2021-10-01,2021-09-01,102,92,5,1,3,0.1566544269823898,-0.04859321210594473,MRNA,0.2537091184573804,-0.12527569830657748,TEAM,0.11084818494872581,0.055205779768020324,NVDA,0.10540597754106311,-0.07570971777927704
2021-09,2021-09-01,2021-11-01,2021-09-01,102,92,5,2,3,0.1566544269823898,0.07552875486196704,MRNA,0.2537091184573804,-0.135328483057086,TEAM,0.11084818494872581,0.21103040049865873,NVDA,0.10540597754106311,0.1508843471443284
2021-09,2021-09-01,2021-12-01,2021-09-01,102,92,5,3,3,0.1566544269823898,0.05284369911272609,MRNA,0.2537091184573804,-0.20344159766415404,TEAM,0.11084818494872581,-0.03898310539705463,NVDA,0.10540597754106311,0.40095580039938694
2021-10,2021-10-01,2021-11-01,2021-10-01,102,92,5,1,1,0.14797498975096585,-0.011492517963713755,MRNA,0.14797498975096585,-0.011492517963713755,,,,,,
2021-10,2021-10-01,2021-12-01,2021-10-01,102,92,5,2,1,0.14797498975096585,-0.08936061248813054,MRNA,0.14797498975096585,-0.08936061248813054,,,,,,
2021-10,2021-10-01,2022-01-03,2021-10-01,102,92,5,3,1,0.14797498975096585,-0.31088567364809916,MRNA,0.14797498975096585,-0.31088567364809916,,,,,,
2021-10,2021-10-01,2021-11-01,2021-10-01,102,92,5,1,2,0.1318253743240388,0.06808987029185476,MRNA,0.14797498975096585,-0.011492517963713755,TEAM,0.11567575889711175,0.14767225854742327,,,
2021-10,2021-10-01,2021-12-01,2021-10-01,102,92,5,2,2,0.1318253743240388,-0.08931088303344831,MRNA,0.14797498975096585,-0.08936061248813054,TEAM,0.11567575889711175,-0.08926115357876607,,,
2021-10,2021-10-01,2022-01-03,2021-10-01,102,92,5,3,2,0.1318253743240388,-0.2087292419829846,MRNA,0.14797498975096585,-0.31088567364809916,TEAM,0.11567575889711175,-0.10657281031787003,,,
2021-10,2021-10-01,2021-11-01,2021-10-01,102,92,5,1,3,0.11461327675971146,0.09227887811966085,MRNA,0.14797498975096585,-0.011492517963713755,TEAM,0.11567575889711175,0.14767225854742327,DXCM,0.0801890816310568,0.14065689377527302
2021-10,2021-10-01,2021-12-01,2021-10-01,102,92,5,2,3,0.11461327675971146,-0.060492246731959555,MRNA,0.14797498975096585,-0.08936061248813054,TEAM,0.11567575889711175,-0.08926115357876607,DXCM,0.0801890816310568,-0.0028549741289820574
2021-10,2021-10-01,2022-01-03,2021-10-01,102,92,5,3,3,0.11461327675971146,-0.15680994525909853,MRNA,0.14797498975096585,-0.31088567364809916,TEAM,0.11567575889711175,-0.10657281031787003,DXCM,0.0801890816310568,-0.052971351811326395
2021-11,2021-11-01,2021-12-01,2021-11-01,102,92,5,1,1,0.15657723807049137,-0.09398557354557135,TSLA,0.15657723807049137,-0.09398557354557135,,,,,,
2021-11,2021-11-01,2022-01-03,2021-11-01,102,92,5,2,1,0.15657723807049137,-0.007289509163908914,TSLA,0.15657723807049137,-0.007289509163908914,,,,,,
2021-11,2021-11-01,2022-02-01,2021-11-01,102,92,5,3,1,0.15657723807049137,-0.22947405754673922,TSLA,0.15657723807049137,-0.22947405754673922,,,,,,
2021-11,2021-11-01,2021-12-01,2021-11-01,102,92,5,1,2,0.1518579666080221,-0.08637948638785165,TSLA,0.15657723807049137,-0.09398557354557135,MRNA,0.14713869514555283,-0.07877339923013194,,,
2021-11,2021-11-01,2022-01-03,2021-11-01,102,92,5,2,2,0.1518579666080221,-0.15508172452154834,TSLA,0.15657723807049137,-0.007289509163908914,MRNA,0.14713869514555283,-0.30287393987918776,,,
2021-11,2021-11-01,2022-02-01,2021-11-01,102,92,5,3,2,0.1518579666080221,-0.3585754506172098,TSLA,0.15657723807049137,-0.22947405754673922,MRNA,0.14713869514555283,-0.4876768436876804,,,
2021-11,2021-11-01,2021-12-01,2021-11-01,102,92,5,1,3,0.14906521411133825,-0.1264019669247268,TSLA,0.15657723807049137,-0.09398557354557135,MRNA,0.14713869514555283,-0.07877339923013194,TEAM,0.14347970911797056,-0.20644692799847708
2021-11,2021-11-01,2022-01-03,2021-11-01,102,92,5,2,3,0.14906521411133825,-0.1772315079218899,TSLA,0.15657723807049137,-0.007289509163908914,MRNA,0.14713869514555283,-0.30287393987918776,TEAM,0.14347970911797056,-0.22153107472257305
2021-11,2021-11-01,2022-02-01,2021-11-01,102,92,5,3,3,0.14906521411133825,-0.3310735342848313,TSLA,0.15657723807049137,-0.22947405754673922,MRNA,0.14713869514555283,-0.4876768436876804,TEAM,0.14347970911797056,-0.27606970162007427
2021-12,2021-12-01,2022-01-03,2021-12-01,102,92,5,1,1,0.12046324369408963,0.09568949660209758,TSLA,0.12046324369408963,0.09568949660209758,,,,,,
2021-12,2021-12-01,2022-02-01,2021-12-01,102,92,5,2,1,0.12046324369408963,-0.14954340686536816,TSLA,0.12046324369408963,-0.14954340686536816,,,,,,
2021-12,2021-12-01,2022-03-01,2021-12-01,102,92,5,3,1,0.12046324369408963,-0.21062103689533396,TSLA,0.12046324369408963,-0.21062103689533396,,,,,,
2021-12,2021-12-01,2022-01-03,2021-12-01,102,92,5,1,2,0.11235095353319142,0.05163391360916714,TSLA,0.12046324369408963,0.09568949660209758,AMD,0.10423866337229322,0.007578330616236695,,,
2021-12,2021-12-01,2022-02-01,2021-12-01,102,92,5,2,2,0.11235095353319142,-0.18318160786135546,TSLA,0.12046324369408963,-0.14954340686536816,AMD,0.10423866337229322,-0.21681980885734276,,,
2021-12,2021-12-01,2022-03-01,2021-12-01,102,92,5,3,2,0.11235095353319142,-0.22361243862366242,TSLA,0.12046324369408963,-0.21062103689533396,AMD,0.10423866337229322,-0.2366038403519909,,,
2021-12,2021-12-01,2022-01-03,2021-12-01,102,92,5,1,3,0.10825578789159662,0.020489143147325712,TSLA,0.12046324369408963,0.09568949660209758,AMD,0.10423866337229322,0.007578330616236695,NVDA,0.10006545660840702,-0.041800397776357134
2021-12,2021-12-01,2022-02-01,2021-12-01,102,92,5,2,3,0.10825578789159662,-0.19419568845873023,TSLA,0.12046324369408963,-0.14954340686536816,AMD,0.10423866337229322,-0.21681980885734276,NVDA,0.10006545660840702,-0.21622384965347974
2021-12,2021-12-01,2022-03-01,2021-12-01,102,92,5,3,3,0.10825578789159662,-0.2334607695279536,TSLA,0.12046324369408963,-0.21062103689533396,AMD,0.10423866337229322,-0.2366038403519909,NVDA,0.10006545660840702,-0.253157431336536
2022-01,2022-01-03,2022-02-01,2022-01-03,101,92,5,1,1,0.16328739870382322,-0.2680185315444997,LCID,0.16328739870382322,-0.2680185315444997,,,,,,
2022-01,2022-01-03,2022-03-01,2022-01-03,101,92,5,2,1,0.16328739870382322,-0.38944539127890654,LCID,0.16328739870382322,-0.38944539127890654,,,,,,
2022-01,2022-01-03,2022-04-01,2022-01-03,101,92,5,3,1,0.16328739870382322,-0.40019543776732713,LCID,0.16328739870382322,-0.40019543776732713,,,,,,
2022-01,2022-01-03,2022-02-01,2022-01-03,101,92,5,1,2,0.14676082276529495,-0.24591729456506517,LCID,0.16328739870382322,-0.2680185315444997,TSLA,0.13023424682676665,-0.2238160575856306,,,
2022-01,2022-01-03,2022-03-01,2022-01-03,101,92,5,2,2,0.14676082276529495,-0.33450250298786166,LCID,0.16328739870382322,-0.38944539127890654,TSLA,0.13023424682676665,-0.2795596146968168,,,
2022-01,2022-01-03,2022-04-01,2022-01-03,101,92,5,3,2,0.14676082276529495,-0.248102354132878,LCID,0.16328739870382322,-0.40019543776732713,TSLA,0.13023424682676665,-0.09600927049842889,,,
2022-01,2022-01-03,2022-02-01,2022-01-03,101,92,5,1,3,0.12993285287690676,-0.22462235705483583,LCID,0.16328739870382322,-0.2680185315444997,TSLA,0.13023424682676665,-0.2238160575856306,NVDA,0.09627691310013038,-0.18203248203437716
2022-01,2022-01-03,2022-03-01,2022-01-03,101,92,5,2,3,0.12993285287690676,-0.2965274187805371,LCID,0.16328739870382322,-0.38944539127890654,TSLA,0.13023424682676665,-0.2795596146968168,NVDA,0.09627691310013038,-0.22057725036588804
2022-01,2022-01-03,2022-04-01,2022-01-03,101,92,5,3,3,0.12993285287690676,-0.20307688059053855,LCID,0.16328739870382322,-0.40019543776732713,TSLA,0.13023424682676665,-0.09600927049842889,NVDA,0.09627691310013038,-0.11302593350585965
2022-02,2022-02-01,2022-03-01,2022-02-01,101,92,5,1,1,0.15999921937810527,-0.16588788783221597,LCID,0.15999921937810527,-0.16588788783221597,,,,,,
2022-02,2022-02-01,2022-04-01,2022-02-01,101,92,5,2,1,0.15999921937810527,-0.18057411549191815,LCID,0.15999921937810527,-0.18057411549191815,,,,,,
2022-02,2022-02-01,2022-05-02,2022-02-01,101,92,5,3,1,0.15999921937810527,-0.3638184171543012,LCID,0.15999921937810527,-0.3638184171543012,,,,,,
2022-02,2022-02-01,2022-03-01,2022-02-01,101,92,5,1,2,0.12319424054569694,-0.06256998311132517,LCID,0.15999921937810527,-0.16588788783221597,DLTR,0.0863892617132886,0.04074792160956564,,,
2022-02,2022-02-01,2022-04-01,2022-02-01,101,92,5,2,2,0.12319424054569694,0.003537384118727671,LCID,0.15999921937810527,-0.18057411549191815,DLTR,0.0863892617132886,0.1876488837293735,,,
2022-02,2022-02-01,2022-05-02,2022-02-01,101,92,5,3,2,0.12319424054569694,-0.07337226654338275,LCID,0.15999921937810527,-0.3638184171543012,DLTR,0.0863892617132886,0.2170738840675357,,,
2022-02,2022-02-01,2022-03-01,2022-02-01,101,92,5,1,3,0.1083258150327822,-0.06565247449462208,LCID,0.15999921937810527,-0.16588788783221597,DLTR,0.0863892617132886,0.04074792160956564,TSLA,0.07858896400695273,-0.07181745726121591
2022-02,2022-02-01,2022-04-01,2022-02-01,101,92,5,2,3,0.1083258150327822,0.05724506838537332,LCID,0.15999921937810527,-0.18057411549191815,DLTR,0.0863892617132886,0.1876488837293735,TSLA,0.07858896400695273,0.1646604369186646
2022-02,2022-02-01,2022-05-02,2022-02-01,101,92,5,3,3,0.1083258150327822,-0.05904815530674549,LCID,0.15999921937810527,-0.3638184171543012,DLTR,0.0863892617132886,0.2170738840675357,TSLA,0.07858896400695273,-0.030399932833470977
2022-03,2022-03-01,2022-04-01,2022-03-01,102,94,5,1,1,0.07678130479098555,0.1411494167508096,DLTR,0.07678130479098555,0.1411494167508096,,,,,,
2022-03,2022-03-01,2022-05-02,2022-03-01,102,94,5,2,1,0.07678130479098555,0.16942235367164926,DLTR,0.07678130479098555,0.16942235367164926,,,,,,
2022-03,2022-03-01,2022-06-01,2022-03-01,102,94,5,3,1,0.07678130479098555,0.15245856967562932,DLTR,0.07678130479098555,0.15245856967562932,,,,,,
2022-03,2022-03-01,2022-04-01,2022-03-01,102,94,5,1,2,0.0674622963035144,0.02143668041287289,DLTR,0.07678130479098555,0.1411494167508096,QCOM,0.058143287816043256,-0.09827605592506383,,,
2022-03,2022-03-01,2022-05-02,2022-03-01,102,94,5,2,2,0.0674622963035144,0.030297328381640676,DLTR,0.07678130479098555,0.16942235367164926,QCOM,0.058143287816043256,-0.10882769690836791,,,
2022-03,2022-03-01,2022-06-01,2022-03-01,102,94,5,3,2,0.0674622963035144,0.007973111336849414,DLTR,0.07678130479098555,0.15245856967562932,QCOM,0.058143287816043256,-0.1365123470019305,,,
2022-03,2022-03-01,2022-04-01,2022-03-01,102,94,5,1,3,0.06264811645992968,0.09921618737900544,DLTR,0.07678130479098555,0.1411494167508096,QCOM,0.058143287816043256,-0.09827605592506383,TSLA,0.05301975677276023,0.2547752013112705
2022-03,2022-03-01,2022-05-02,2022-03-01,102,94,5,2,3,0.06264811645992968,0.0350722774604606,DLTR,0.07678130479098555,0.16942235367164926,QCOM,0.058143287816043256,-0.10882769690836791,TSLA,0.05301975677276023,0.044622175618100446
2022-03,2022-03-01,2022-06-01,2022-03-01,102,94,5,3,3,0.06264811645992968,-0.0425036166329937,DLTR,0.07678130479098555,0.15245856967562932,QCOM,0.058143287816043256,-0.1365123470019305,TSLA,0.05301975677276023,-0.14345707257267992
2022-04,2022-04-01,2022-05-02,2022-04-01,102,94,5,1,1,0.07892423500492365,0.02477584136294886,DLTR,0.07892423500492365,0.02477584136294886,,,,,,
2022-04,2022-04-01,2022-06-01,2022-04-01,102,94,5,2,1,0.07892423500492365,0.009910317403500013,DLTR,0.07892423500492365,0.009910317403500013,,,,,,
2022-04,2022-04-01,2022-07-01,2022-04-01,102,94,5,3,1,0.07892423500492365,-0.01982053909860304,DLTR,0.07892423500492365,-0.01982053909860304,,,,,,
2022-04,2022-04-01,2022-05-02,2022-04-01,102,94,5,1,2,0.078256668298224,0.0045164148811852045,DLTR,0.07892423500492365,0.02477584136294886,VRTX,0.07758910159152435,-0.01574301160057845,,,
2022-04,2022-04-01,2022-06-01,2022-04-01,102,94,5,2,2,0.078256668298224,0.01107954314733628,DLTR,0.07892423500492365,0.009910317403500013,VRTX,0.07758910159152435,0.012248768891172546,,,
2022-04,2022-04-01,2022-07-01,2022-04-01,102,94,5,3,2,0.078256668298224,0.0298605625251267,DLTR,0.07892423500492365,-0.01982053909860304,VRTX,0.07758910159152435,0.07954166414885644,,,
2022-04,2022-04-01,2022-05-02,2022-04-01,102,94,5,1,3,0.06835657883118397,-0.004052965397634445,DLTR,0.07892423500492365,0.02477584136294886,VRTX,0.07758910159152435,-0.01574301160057845,EXC,0.0485563998971039,-0.021191725955273744
2022-04,2022-04-01,2022-06-01,2022-04-01,102,94,5,2,3,0.06835657883118397,0.020546464784578628,DLTR,0.07892423500492365,0.009910317403500013,VRTX,0.07758910159152435,0.012248768891172546,EXC,0.0485563998971039,0.03948030805906333
2022-04,2022-04-01,2022-07-01,2022-04-01,102,94,5,3,3,0.06835657883118397,0.011089946777137335,DLTR,0.07892423500492365,-0.01982053909860304,VRTX,0.07758910159152435,0.07954166414885644,EXC,0.0485563998971039,-0.026451284718841395
2022-05,2022-05-02,2022-06-01,2022-05-02,102,94,5,1,1,0.05329701842053118,0.028439503932068178,VRTX,0.05329701842053118,0.028439503932068178,,,,,,
2022-05,2022-05-02,2022-07-01,2022-05-02,102,94,5,2,1,0.05329701842053118,0.09680873681616942,VRTX,0.05329701842053118,0.09680873681616942,,,,,,
2022-05,2022-05-02,2022-08-01,2022-05-02,102,94,5,3,1,0.05329701842053118,0.04531224425247027,VRTX,0.05329701842053118,0.04531224425247027,,,,,,
2022-05,2022-05-02,2022-06-01,2022-05-02,102,94,5,1,2,0.053052131275578035,-0.037621489391255536,VRTX,0.05329701842053118,0.028439503932068178,KHC,0.052807244130624896,-0.10368248271457925,,,
2022-05,2022-05-02,2022-07-01,2022-05-02,102,94,5,2,2,0.053052131275578035,0.013286338868798486,VRTX,0.05329701842053118,0.09680873681616942,KHC,0.052807244130624896,-0.07023605907857244,,,
2022-05,2022-05-02,2022-08-01,2022-05-02,102,94,5,3,2,0.053052131275578035,-0.02701954198126033,VRTX,0.05329701842053118,0.04531224425247027,KHC,0.052807244130624896,-0.09935132821499093,,,
2022-05,2022-05-02,2022-06-01,2022-05-02,102,94,5,1,3,0.05166398799108826,-0.004419120858788188,VRTX,0.05329701842053118,0.028439503932068178,KHC,0.052807244130624896,-0.10368248271457925,EXC,0.04888770142210872,0.06198561620614651
2022-05,2022-05-02,2022-07-01,2022-05-02,102,94,5,2,3,0.05166398799108826,0.007066415565318396,VRTX,0.05329701842053118,0.09680873681616942,KHC,0.052807244130624896,-0.07023605907857244,EXC,0.04888770142210872,-0.005373431041641785
2022-05,2022-05-02,2022-08-01,2022-05-02,102,94,5,3,3,0.05166398799108826,-0.01951632647027794,VRTX,0.05329701842053118,0.04531224425247027,KHC,0.052807244130624896,-0.09935132821499093,EXC,0.04888770142210872,-0.00450989544831315
2022-06,2022-06-01,2022-07-01,2022-06-01,102,94,5,1,1,0.043002203656419956,-0.0634274572271728,EXC,0.043002203656419956,-0.0634274572271728,,,,,,
2022-06,2022-06-01,2022-08-01,2022-06-01,102,94,5,2,1,0.043002203656419956,-0.06261432418643209,EXC,0.043002203656419956,-0.06261432418643209,,,,,,
2022-06,2022-06-01,2022-09-01,2022-06-01,102,94,5,3,1,0.043002203656419956,-0.08962780683089733,EXC,0.043002203656419956,-0.08962780683089733,,,,,,
2022-06,2022-06-01,2022-07-01,2022-06-01,102,94,5,1,2,0.0424423425149522,0.0015255784252344307,EXC,0.043002203656419956,-0.0634274572271728,VRTX,0.04188248137348445,0.06647861407764166,,,
2022-06,2022-06-01,2022-08-01,2022-06-01,102,94,5,2,2,0.0424423425149522,-0.02310408342116399,EXC,0.043002203656419956,-0.06261432418643209,VRTX,0.04188248137348445,0.01640615734410411,,,
2022-06,2022-06-01,2022-09-01,2022-06-01,102,94,5,3,2,0.0424423425149522,-0.006229574210293354,EXC,0.043002203656419956,-0.08962780683089733,VRTX,0.04188248137348445,0.07716865841031062,,,
2022-06,2022-06-01,2022-07-01,2022-06-01,102,94,5,1,3,0.03992795367134472,0.006590729449028647,EXC,0.043002203656419956,-0.0634274572271728,VRTX,0.04188248137348445,0.06647861407764166,TMUS,0.03489917598412975,0.016721031496617078
2022-06,2022-06-01,2022-08-01,2022-06-01,102,94,5,2,3,0.03992795367134472,0.007461952426717359,EXC,0.043002203656419956,-0.06261432418643209,VRTX,0.04188248137348445,0.01640615734410411,TMUS,0.03489917598412975,0.06859402412248006
2022-06,2022-06-01,2022-09-01,2022-06-01,102,94,5,3,3,0.03992795367134472,0.019033560439038144,EXC,0.043002203656419956,-0.08962780683089733,VRTX,0.04188248137348445,0.07716865841031062,TMUS,0.03489917598412975,0.06955982973770114
2022-07,2022-07-01,2022-08-01,2022-07-01,102,94,5,1,1,0.04677263231244886,0.051019887480350246,TMUS,0.04677263231244886,0.051019887480350246,,,,,,
2022-07,2022-07-01,2022-09-01,2022-07-01,102,94,5,2,1,0.04677263231244886,0.05196980942088425,TMUS,0.04677263231244886,0.05196980942088425,,,,,,
2022-07,2022-07-01,2022-10-03,2022-07-01,102,94,5,3,1,0.04677263231244886,0.015276523121473096,TMUS,0.04677263231244886,0.015276523121473096,,,,,,
2022-07,2022-07-01,2022-08-01,2022-07-01,102,94,5,1,2,0.041548926651248354,0.09235016201941271,TMUS,0.04677263231244886,0.051019887480350246,CEG,0.03632522099004785,0.13368043655847517,,,
2022-07,2022-07-01,2022-09-01,2022-07-01,102,94,5,2,2,0.041548926651248354,0.24358795384488674,TMUS,0.04677263231244886,0.05196980942088425,CEG,0.03632522099004785,0.43520609826888923,,,
2022-07,2022-07-01,2022-10-03,2022-07-01,102,94,5,3,2,0.041548926651248354,0.26063418336120237,TMUS,0.04677263231244886,0.015276523121473096,CEG,0.03632522099004785,0.5059918436009316,,,
2022-07,2022-07-01,2022-08-01,2022-07-01,102,94,5,1,3,0.03916261488585341,0.045916372795446546,TMUS,0.04677263231244886,0.051019887480350246,CEG,0.03632522099004785,0.13368043655847517,VRTX,0.03438999135506353,-0.046951205652485783
2022-07,2022-07-01,2022-09-01,2022-07-01,102,94,5,2,3,0.03916261488585341,0.16573319714003265,TMUS,0.04677263231244886,0.05196980942088425,CEG,0.03632522099004785,0.43520609826888923,VRTX,0.03438999135506353,0.010023683730324473
2022-07,2022-07-01,2022-10-03,2022-07-01,102,94,5,3,3,0.03916261488585341,0.1854851875035096,TMUS,0.04677263231244886,0.015276523121473096,CEG,0.03632522099004785,0.5059918436009316,VRTX,0.03438999135506353,0.035187195788124015
2022-08,2022-08-01,2022-09-01,2022-08-01,102,94,5,1,1,0.07042608117755492,0.265970596287044,CEG,0.07042608117755492,0.265970596287044,,,,,,
2022-08,2022-08-01,2022-10-03,2022-08-01,102,94,5,2,1,0.07042608117755492,0.3284094838689162,CEG,0.07042608117755492,0.3284094838689162,,,,,,
2022-08,2022-08-01,2022-11-01,2022-08-01,102,94,5,3,1,0.07042608117755492,0.46540834242998863,CEG,0.07042608117755492,0.46540834242998863,,,,,,
2022-08,2022-08-01,2022-09-01,2022-08-01,102,94,5,1,2,0.05923774487955483,0.09245351975979427,CEG,0.07042608117755492,0.265970596287044,CDNS,0.04804940858155473,-0.08106355676745547,,,
2022-08,2022-08-01,2022-10-03,2022-08-01,102,94,5,2,2,0.05923774487955483,0.12432148684805061,CEG,0.07042608117755492,0.3284094838689162,CDNS,0.04804940858155473,-0.079766510172815,,,
2022-08,2022-08-01,2022-11-01,2022-08-01,102,94,5,3,2,0.05923774487955483,0.14053490552115522,CEG,0.07042608117755492,0.46540834242998863,CDNS,0.04804940858155473,-0.1843385313876782,,,
2022-08,2022-08-01,2022-09-01,2022-08-01,102,94,5,1,3,0.054519845861163534,0.02783477487243935,CEG,0.07042608117755492,0.265970596287044,CDNS,0.04804940858155473,-0.08106355676745547,SNPS,0.045084047824380934,-0.10140271490227049
2022-08,2022-08-01,2022-10-03,2022-08-01,102,94,5,2,3,0.054519845861163534,0.03510750999307336,CEG,0.07042608117755492,0.3284094838689162,CDNS,0.04804940858155473,-0.079766510172815,SNPS,0.045084047824380934,-0.14332044371688113
2022-08,2022-08-01,2022-11-01,2022-08-01,102,94,5,3,3,0.054519845861163534,0.022664834758239143,CEG,0.07042608117755492,0.46540834242998863,CDNS,0.04804940858155473,-0.1843385313876782,SNPS,0.045084047824380934,-0.213075306767593
2022-09,2022-09-01,2022-10-03,2022-09-01,102,94,5,1,1,0.14009637201381403,-0.12279469151372446,PDD,0.14009637201381403,-0.12279469151372446,,,,,,
2022-09,2022-09-01,2022-11-01,2022-09-01,102,94,5,2,1,0.14009637201381403,-0.24544944313537143,PDD,0.14009637201381403,-0.24544944313537143,,,,,,
2022-09,2022-09-01,2022-12-01,2022-09-01,102,94,5,3,1,0.14009637201381403,0.1725007002335821,PDD,0.14009637201381403,0.1725007002335821,,,,,,
2022-09,2022-09-01,2022-10-03,2022-09-01,102,94,5,1,2,0.11045214908100182,-0.03673686479269184,PDD,0.14009637201381403,-0.12279469151372446,CEG,0.08080792614818959,0.04932096192834079,,,
2022-09,2022-09-01,2022-11-01,2022-09-01,102,94,5,2,2,0.11045214908100182,-0.04395600974772945,PDD,0.14009637201381403,-0.24544944313537143,CEG,0.08080792614818959,0.15753742363991252,,,
2022-09,2022-09-01,2022-12-01,2022-09-01,102,94,5,3,2,0.11045214908100182,0.15953258416863336,PDD,0.14009637201381403,0.1725007002335821,CEG,0.08080792614818959,0.14656446810368462,,,
2022-09,2022-09-01,2022-10-03,2022-09-01,102,94,5,1,3,0.08177801114938,-0.09627066961593185,PDD,0.14009637201381403,-0.12279469151372446,CEG,0.08080792614818959,0.04932096192834079,JD,0.02442973528613639,-0.2153382792624119
2022-09,2022-09-01,2022-11-01,2022-09-01,102,94,5,2,3,0.08177801114938,-0.15960560983867067,PDD,0.14009637201381403,-0.24544944313537143,CEG,0.08080792614818959,0.15753742363991252,JD,0.02442973528613639,-0.3909048100205531
2022-09,2022-09-01,2022-12-01,2022-09-01,102,94,5,3,3,0.08177801114938,0.0680093018811165,PDD,0.14009637201381403,0.1725007002335821,CEG,0.08080792614818959,0.14656446810368462,JD,0.02442973528613639,-0.11503726269391723
2022-10,2022-10-03,2022-11-01,2022-10-03,102,94,5,1,1,0.10611188506102472,-0.13982445208101013,PDD,0.10611188506102472,-0.13982445208101013,,,,,,
2022-10,2022-10-03,2022-12-01,2022-10-03,102,94,5,2,1,0.10611188506102472,0.33663201634845863,PDD,0.10611188506102472,0.33663201634845863,,,,,,
2022-10,2022-10-03,2023-01-03,2022-10-03,102,94,5,3,1,0.10611188506102472,0.3492417672867889,PDD,0.10611188506102472,0.3492417672867889,,,,,,
2022-10,2022-10-03,2022-11-01,2022-10-03,102,94,5,1,2,0.09808174467970085,-0.018347230372877332,PDD,0.10611188506102472,-0.13982445208101013,CEG,0.090051604298377,0.10312999133525547,,,
2022-10,2022-10-03,2022-12-01,2022-10-03,102,94,5,2,2,0.09808174467970085,0.21465240557004572,PDD,0.10611188506102472,0.33663201634845863,CEG,0.090051604298377,0.09267279479163282,,,
2022-10,2022-10-03,2023-01-03,2022-10-03,102,94,5,3,2,0.09808174467970085,0.14832059510322315,PDD,0.10611188506102472,0.3492417672867889,CEG,0.090051604298377,-0.0526005770803426,,,
2022-10,2022-10-03,2022-11-01,2022-10-03,102,94,5,1,3,0.08465264382068693,0.007619719389359385,PDD,0.10611188506102472,-0.13982445208101013,CEG,0.090051604298377,0.10312999133525547,BIIB,0.05779444210265912,0.05955361891383282
2022-10,2022-10-03,2022-12-01,2022-10-03,102,94,5,2,3,0.08465264382068693,0.19045942947303374,PDD,0.10611188506102472,0.33663201634845863,CEG,0.090051604298377,0.09267279479163282,BIIB,0.05779444210265912,0.14207347727900976
2022-10,2022-10-03,2023-01-03,2022-10-03,102,94,5,3,3,0.08465264382068693,0.1093861572028502,PDD,0.10611188506102472,0.3492417672867889,CEG,0.090051604298377,-0.0526005770803426,BIIB,0.05779444210265912,0.0315172814021043
2022-11,2022-11-01,2022-12-01,2022-11-01,102,94,5,1,1,0.11770942290278921,-0.00848456089098304,DXCM,0.11770942290278921,-0.00848456089098304,,,,,,
2022-11,2022-11-01,2023-01-03,2022-11-01,102,94,5,2,1,0.11770942290278921,-0.036206296416716244,DXCM,0.11770942290278921,-0.036206296416716244,,,,,,
2022-11,2022-11-01,2023-02-01,2022-11-01,102,94,5,3,1,0.11770942290278921,-0.09517810604768584,DXCM,0.11770942290278921,-0.09517810604768584,,,,,,
2022-11,2022-11-01,2022-12-01,2022-11-01,102,94,5,1,2,0.10455981927308294,-0.008982064798088552,DXCM,0.11770942290278921,-0.00848456089098304,CEG,0.09141021564337666,-0.009479568705194064,,,
2022-11,2022-11-01,2023-01-03,2022-11-01,102,94,5,2,2,0.10455981927308294,-0.0886889221601197,DXCM,0.11770942290278921,-0.036206296416716244,CEG,0.09141021564337666,-0.14117154790352315,,,
2022-11,2022-11-01,2023-02-01,2022-11-01,102,94,5,3,2,0.10455981927308294,-0.099826038041544,DXCM,0.11770942290278921,-0.09517810604768584,CEG,0.09141021564337666,-0.10447397003540215,,,
2022-11,2022-11-01,2022-12-01,2022-11-01,102,94,5,1,3,0.09940885232682138,0.029118036872359625,DXCM,0.11770942290278921,-0.00848456089098304,CEG,0.09141021564337666,-0.009479568705194064,NFLX,0.08910691843429823,0.10531824021325598
2022-11,2022-11-01,2023-01-03,2022-11-01,102,94,5,2,3,0.09940885232682138,-0.04959381647070845,DXCM,0.11770942290278921,-0.036206296416716244,CEG,0.09141021564337666,-0.14117154790352315,NFLX,0.08910691843429823,0.028596394908114053
2022-11,2022-11-01,2023-02-01,2022-11-01,102,94,5,3,3,0.09940885232682138,0.02091228124033277,DXCM,0.11770942290278921,-0.09517810604768584,CEG,0.09141021564337666,-0.10447397003540215,NFLX,0.08910691843429823,0.2623889198040863
2022-12,2022-12-01,2023-01-03,2022-12-01,102,94,5,1,1,0.1236068787715419,-0.06941154367482383,NFLX,0.1236068787715419,-0.06941154367482383,,,,,,
2022-12,2022-12-01,2023-02-01,2022-12-01,102,94,5,2,1,0.1236068787715419,0.14210448527523223,NFLX,0.1236068787715419,0.14210448527523223,,,,,,
2022-12,2022-12-01,2023-03-01,2022-12-01,102,94,5,3,1,0.1236068787715419,-0.010948103026073852,NFLX,0.1236068787715419,-0.010948103026073852,,,,,,
2022-12,2022-12-01,2023-01-03,2022-12-01,102,94,5,1,2,0.11686116281225145,-0.04253541348868073,NFLX,0.1236068787715419,-0.06941154367482383,ROST,0.110115446852961,-0.01565928330253763,,,
2022-12,2022-12-01,2023-02-01,2022-12-01,102,94,5,2,2,0.11686116281225145,0.0746526317289864,NFLX,0.1236068787715419,0.14210448527523223,ROST,0.110115446852961,0.007200778182740564,,,
2022-12,2022-12-01,2023-03-01,2022-12-01,102,94,5,3,2,0.11686116281225145,-0.035228866532222625,NFLX,0.1236068787715419,-0.010948103026073852,ROST,0.110115446852961,-0.0595096300383714,,,
2022-12,2022-12-01,2023-01-03,2022-12-01,102,94,5,1,3,0.11449786880742097,-0.09278369650987024,NFLX,0.1236068787715419,-0.06941154367482383,ROST,0.110115446852961,-0.01565928330253763,ENPH,0.10977128079776,-0.19328026255224928
2022-12,2022-12-01,2023-02-01,2022-12-01,102,94,5,2,3,0.11449786880742097,-0.04243964743582603,NFLX,0.1236068787715419,0.14210448527523223,ROST,0.110115446852961,0.007200778182740564,ENPH,0.10977128079776,-0.2766242057654509
2022-12,2022-12-01,2023-03-01,2022-12-01,102,94,5,3,3,0.11449786880742097,-0.13075767646920766,NFLX,0.1236068787715419,-0.010948103026073852,ROST,0.110115446852961,-0.0595096300383714,ENPH,0.10977128079776,-0.32181529634317774
2023-01,2023-01-03,2023-02-01,2023-01-03,101,94,5,1,1,0.1596619021113918,0.21826576178959445,PDD,0.1596619021113918,0.21826576178959445,,,,,,
2023-01,2023-01-03,2023-03-01,2023-01-03,101,94,5,2,1,0.1596619021113918,0.07701410422621358,PDD,0.1596619021113918,0.07701410422621358,,,,,,
2023-01,2023-01-03,2023-04-03,2023-01-03,101,94,5,3,1,0.1596619021113918,-0.1146338883395267,PDD,0.1596619021113918,-0.1146338883395267,,,,,,
2023-01,2023-01-03,2023-02-01,2023-01-03,101,94,5,1,2,0.12189615646868698,0.10099379956796617,PDD,0.1596619021113918,0.21826576178959445,GILD,0.08413041082598216,-0.01627816265366211,,,
2023-01,2023-01-03,2023-03-01,2023-01-03,101,94,5,2,2,0.12189615646868698,0.004545190556633216,PDD,0.1596619021113918,0.07701410422621358,GILD,0.08413041082598216,-0.06792372311294714,,,
2023-01,2023-01-03,2023-04-03,2023-01-03,101,94,5,3,2,0.12189615646868698,-0.06526478644849182,PDD,0.1596619021113918,-0.1146338883395267,GILD,0.08413041082598216,-0.015895684557456935,,,
2023-01,2023-01-03,2023-02-01,2023-01-03,101,94,5,1,3,0.10672637158852659,0.0750704425213357,PDD,0.1596619021113918,0.21826576178959445,GILD,0.08413041082598216,-0.01627816265366211,ROST,0.07638680182820579,0.02322372842807474
2023-01,2023-01-03,2023-03-01,2023-01-03,101,94,5,2,3,0.10672637158852659,-0.011819184788253612,PDD,0.1596619021113918,0.07701410422621358,GILD,0.08413041082598216,-0.06792372311294714,ROST,0.07638680182820579,-0.04454793547802727
2023-01,2023-01-03,2023-04-03,2023-01-03,101,94,5,3,3,0.10672637158852659,-0.06322126867923768,PDD,0.1596619021113918,-0.1146338883395267,GILD,0.08413041082598216,-0.015895684557456935,ROST,0.07638680182820579,-0.05913423314072941
2023-02,2023-02-01,2023-03-01,2023-02-01,101,94,5,1,1,0.10888208522514971,0.08379875097500133,NVDA,0.10888208522514971,0.08379875097500133,,,,,,
2023-02,2023-02-01,2023-04-03,2023-02-01,101,94,5,2,1,0.10888208522514971,0.33551784170000754,NVDA,0.10888208522514971,0.33551784170000754,,,,,,
2023-02,2023-02-01,2023-05-01,2023-02-01,101,94,5,3,1,0.10888208522514971,0.38064778825495416,NVDA,0.10888208522514971,0.38064778825495416,,,,,,
2023-02,2023-02-01,2023-03-01,2023-02-01,101,94,5,1,2,0.10633971007459381,-0.016073056305988542,NVDA,0.10888208522514971,0.08379875097500133,PDD,0.1037973349240379,-0.11594486358697842,,,
2023-02,2023-02-01,2023-04-03,2023-02-01,101,94,5,2,2,0.10633971007459381,0.03113041967629354,NVDA,0.10888208522514971,0.33551784170000754,PDD,0.1037973349240379,-0.27325700234742045,,,
2023-02,2023-02-01,2023-05-01,2023-02-01,101,94,5,3,2,0.10633971007459381,0.023349695749149357,NVDA,0.10888208522514971,0.38064778825495416,PDD,0.1037973349240379,-0.33394839675665544,,,
2023-02,2023-02-01,2023-03-01,2023-02-01,101,94,5,1,3,0.10435401409815466,-0.055385127527357726,NVDA,0.10888208522514971,0.08379875097500133,PDD,0.1037973349240379,-0.11594486358697842,NFLX,0.1003826221452764,-0.1340092699700961
2023-02,2023-02-01,2023-04-03,2023-02-01,101,94,5,2,3,0.10435401409815466,0.008128935202253254,NVDA,0.10888208522514971,0.33551784170000754,PDD,0.1037973349240379,-0.27325700234742045,NFLX,0.1003826221452764,-0.03787403374582732
2023-02,2023-02-01,2023-05-01,2023-02-01,101,94,5,3,3,0.10435401409815466,-0.019305608380953482,NVDA,0.10888208522514971,0.38064778825495416,PDD,0.1037973349240379,-0.33394839675665544,NFLX,0.1003826221452764,-0.10461621664115917
2023-03,2023-03-01,2023-04-03,2023-03-01,101,94,5,1,1,0.1460376600722444,0.2322563026563338,NVDA,0.1460376600722444,0.2322563026563338,,,,,,
2023-03,2023-03-01,2023-05-01,2023-03-01,101,94,5,2,1,0.1460376600722444,0.2738968254142231,NVDA,0.1460376600722444,0.2738968254142231,,,,,,
2023-03,2023-03-01,2023-06-01,2023-03-01,101,94,5,3,1,0.1460376600722444,0.7524343133765026,NVDA,0.1460376600722444,0.7524343133765026,,,,,,
2023-03,2023-03-01,2023-04-03,2023-03-01,101,94,5,1,2,0.12560248029081575,0.027156246590006206,NVDA,0.1460376600722444,0.2322563026563338,PDD,0.10516730050938712,-0.17794380947632138,,,
2023-03,2023-03-01,2023-05-01,2023-03-01,101,94,5,2,2,0.12560248029081575,0.0136509371366354,NVDA,0.1460376600722444,0.2738968254142231,PDD,0.10516730050938712,-0.2465949511409523,,,
2023-03,2023-03-01,2023-06-01,2023-03-01,101,94,5,3,2,0.12560248029081575,0.2556657267843604,NVDA,0.1460376600722444,0.7524343133765026,PDD,0.10516730050938712,-0.2411028598077818,,,
2023-03,2023-03-01,2023-04-03,2023-03-01,101,94,5,1,3,0.1136846453352298,0.032845028664546194,NVDA,0.1460376600722444,0.2322563026563338,PDD,0.10516730050938712,-0.17794380947632138,BKNG,0.0898489754240579,0.04422259281362617
2023-03,2023-03-01,2023-05-01,2023-03-01,101,94,5,2,3,0.1136846453352298,0.027224038733353956,NVDA,0.1460376600722444,0.2738968254142231,PDD,0.10516730050938712,-0.2465949511409523,BKNG,0.0898489754240579,0.054370241926791074
2023-03,2023-03-01,2023-06-01,2023-03-01,101,94,5,3,3,0.1136846453352298,0.1701408709864656,NVDA,0.1460376600722444,0.7524343133765026,PDD,0.10516730050938712,-0.2411028598077818,BKNG,0.0898489754240579,-0.0009088406093239465
2023-04,2023-04-03,2023-05-01,2023-04-03,101,94,5,1,1,0.1779106413116484,0.1413150073413285,META,0.1779106413116484,0.1413150073413285,,,,,,
2023-04,2023-04-03,2023-06-01,2023-04-03,101,94,5,2,1,0.1779106413116484,0.27943840933350805,META,0.1779106413116484,0.27943840933350805,,,,,,
2023-04,2023-04-03,2023-07-03,2023-04-03,101,94,5,3,1,0.1779106413116484,0.3423758777565409,META,0.1779106413116484,0.3423758777565409,,,,,,
2023-04,2023-04-03,2023-05-01,2023-04-03,101,94,5,1,2,0.1769596659332979,0.08755355146044885,META,0.1779106413116484,0.1413150073413285,NVDA,0.1760086905549474,0.03379209557956919,,,
2023-04,2023-04-03,2023-06-01,2023-04-03,101,94,5,2,2,0.1769596659332979,0.3507865003254731,META,0.1779106413116484,0.27943840933350805,NVDA,0.1760086905549474,0.42213459131743813,,,
2023-04,2023-04-03,2023-07-03,2023-04-03,101,94,5,3,2,0.1769596659332979,0.42958919684412966,META,0.1779106413116484,0.3423758777565409,NVDA,0.1760086905549474,0.5168025159317184,,,
2023-04,2023-04-03,2023-05-01,2023-04-03,101,94,5,1,3,0.15833289115594476,0.03465322620531138,META,0.1779106413116484,0.1413150073413285,NVDA,0.1760086905549474,0.03379209557956919,AMD,0.12107934160123845,-0.07114742430496357
2023-04,2023-04-03,2023-06-01,2023-04-03,101,94,5,2,3,0.15833289115594476,0.3129449502354919,META,0.1779106413116484,0.27943840933350805,NVDA,0.1760086905549474,0.42213459131743813,AMD,0.12107934160123845,0.23726185005552947
2023-04,2023-04-03,2023-07-03,2023-04-03,101,94,5,3,3,0.15833289115594476,0.3528799651951648,META,0.1779106413116484,0.3423758777565409,NVDA,0.1760086905549474,0.5168025159317184,AMD,0.12107934160123845,0.199461501897235
2023-05,2023-05-01,2023-06-01,2023-05-01,101,94,5,1,1,0.15314840595535956,0.12102127905418114,META,0.15314840595535956,0.12102127905418114,,,,,,
2023-05,2023-05-01,2023-07-03,2023-05-01,101,94,5,2,1,0.15314840595535956,0.17616597444344473,META,0.15314840595535956,0.17616597444344473,,,,,,
2023-05,2023-05-01,2023-08-01,2023-05-01,101,94,5,3,1,0.15314840595535956,0.3270418346757591,META,0.15314840595535956,0.3270418346757591,,,,,,
2023-05,2023-05-01,2023-06-01,2023-05-01,101,94,5,1,2,0.14140248631873853,0.24833491164060228,META,0.15314840595535956,0.12102127905418114,NVDA,0.1296565666821175,0.37564854422702343,,,
2023-05,2023-05-01,2023-07-03,2023-05-01,101,94,5,2,2,0.14140248631873853,0.32169399199602455,META,0.15314840595535956,0.17616597444344473,NVDA,0.1296565666821175,0.4672220095486044,,,
2023-05,2023-05-01,2023-08-01,2023-05-01,101,94,5,3,2,0.14140248631873853,0.4679450227717523,META,0.15314840595535956,0.3270418346757591,NVDA,0.1296565666821175,0.6088482108677455,,,
2023-05,2023-05-01,2023-06-01,2023-05-01,101,94,5,1,3,0.1279639851274609,0.14441145369677807,META,0.15314840595535956,0.12102127905418114,NVDA,0.1296565666821175,0.37564854422702343,ALGN,0.10108698274490571,-0.06343546219087037
2023-05,2023-05-01,2023-07-03,2023-05-01,101,94,5,2,3,0.1279639851274609,0.2430974273672224,META,0.15314840595535956,0.17616597444344473,NVDA,0.1296565666821175,0.4672220095486044,ALGN,0.10108698274490571,0.08590429810961808
2023-05,2023-05-01,2023-08-01,2023-05-01,101,94,5,3,3,0.1279639851274609,0.3742434260927985,META,0.15314840595535956,0.3270418346757591,NVDA,0.1296565666821175,0.6088482108677455,ALGN,0.10108698274490571,0.1868402327348908
2023-06,2023-06-01,2023-07-03,2023-06-01,101,94,5,1,1,0.23770135524059843,0.06656748608201823,NVDA,0.23770135524059843,0.06656748608201823,,,,,,
2023-06,2023-06-01,2023-08-01,2023-06-01,101,94,5,2,1,0.23770135524059843,0.16951980040204018,NVDA,0.23770135524059843,0.16951980040204018,,,,,,
2023-06,2023-06-01,2023-09-01,2023-06-01,101,94,5,3,1,0.23770135524059843,0.21986461186254602,NVDA,0.23770135524059843,0.21986461186254602,,,,,,
2023-06,2023-06-01,2023-07-03,2023-06-01,101,94,5,1,2,0.2058176727160679,0.20748382390847198,NVDA,0.23770135524059843,0.06656748608201823,TSLA,0.17393399019153738,0.3484001617349257,,,
2023-06,2023-06-01,2023-08-01,2023-06-01,101,94,5,2,2,0.2058176727160679,0.21378361345579144,NVDA,0.23770135524059843,0.16951980040204018,TSLA,0.17393399019153738,0.2580474265095427,,,
2023-06,2023-06-01,2023-09-01,2023-06-01,101,94,5,3,2,0.2058176727160679,0.20026092356457115,NVDA,0.23770135524059843,0.21986461186254602,TSLA,0.17393399019153738,0.18065723526659627,,,
2023-06,2023-06-01,2023-07-03,2023-06-01,101,94,5,1,3,0.193949177431457,0.15471970914180733,NVDA,0.23770135524059843,0.06656748608201823,TSLA,0.17393399019153738,0.3484001617349257,META,0.1702121868622352,0.04919147960847803
2023-06,2023-06-01,2023-08-01,2023-06-01,101,94,5,2,3,0.193949177431457,0.20378219040702872,NVDA,0.23770135524059843,0.16951980040204018,TSLA,0.17393399019153738,0.2580474265095427,META,0.1702121868622352,0.18377934430950327
2023-06,2023-06-01,2023-09-01,2023-06-01,101,94,5,3,3,0.193949177431457,0.1625720792108484,NVDA,0.23770135524059843,0.21986461186254602,TSLA,0.17393399019153738,0.18065723526659627,META,0.1702121868622352,0.08719439050340294
2023-07,2023-07-03,2023-08-01,2023-07-03,101,95,5,1,1,0.15841263590398919,0.09652676990765219,NVDA,0.15841263590398919,0.09652676990765219,,,,,,
2023-07,2023-07-03,2023-09-01,2023-07-03,101,95,5,2,1,0.15841263590398919,0.14372941963912367,NVDA,0.15841263590398919,0.14372941963912367,,,,,,
2023-07,2023-07-03,2023-10-02,2023-07-03,101,95,5,3,1,0.15841263590398919,0.05594258470071112,NVDA,0.15841263590398919,0.05594258470071112,,,,,,
2023-07,2023-07-03,2023-08-01,2023-07-03,101,95,5,1,2,0.14648023149596323,0.11240223249348047,NVDA,0.15841263590398919,0.09652676990765219,META,0.13454782708793728,0.12827769507930875,,,
2023-07,2023-07-03,2023-09-01,2023-07-03,101,95,5,2,2,0.14648023149596323,0.08997527954564566,NVDA,0.15841263590398919,0.14372941963912367,META,0.13454782708793728,0.03622113945216765,,,
2023-07,2023-07-03,2023-10-02,2023-07-03,101,95,5,3,2,0.14648023149596323,0.06433235912003055,NVDA,0.15841263590398919,0.05594258470071112,META,0.13454782708793728,0.07272213353934998,,,
2023-07,2023-07-03,2023-08-01,2023-07-03,101,95,5,1,3,0.13364693383066084,0.05259903495512349,NVDA,0.15841263590398919,0.09652676990765219,META,0.13454782708793728,0.12827769507930875,TSLA,0.10798033850005606,-0.06700736012159048
2023-07,2023-07-03,2023-09-01,2023-07-03,101,95,5,2,3,0.13364693383066084,0.018516371880358484,NVDA,0.15841263590398919,0.14372941963912367,META,0.13454782708793728,0.03622113945216765,TSLA,0.10798033850005606,-0.12440144345021587
2023-07,2023-07-03,2023-10-02,2023-07-03,101,95,5,3,3,0.13364693383066084,0.009271389912422526,NVDA,0.15841263590398919,0.05594258470071112,META,0.13454782708793728,0.07272213353934998,TSLA,0.10798033850005606,-0.10085054850279351
2023-08,2023-08-01,2023-09-01,2023-08-01,101,96,5,1,1,0.16095823969051937,0.043047421209285064,NVDA,0.16095823969051937,0.043047421209285064,,,,,,
2023-08,2023-08-01,2023-10-02,2023-08-01,101,96,5,2,1,0.16095823969051937,-0.03701157720970094,NVDA,0.16095823969051937,-0.03701157720970094,,,,,,
2023-08,2023-08-01,2023-11-01,2023-08-01,101,96,5,3,1,0.16095823969051937,-0.08984670679098905,NVDA,0.16095823969051937,-0.08984670679098905,,,,,,
2023-08,2023-08-01,2023-09-01,2023-08-01,101,96,5,1,2,0.14732323529484145,-0.019271457122514546,NVDA,0.16095823969051937,0.043047421209285064,META,0.13368823089916354,-0.08159033545431416,,,
2023-08,2023-08-01,2023-10-02,2023-08-01,101,96,5,2,2,0.14732323529484145,-0.04312541982784196,NVDA,0.16095823969051937,-0.03701157720970094,META,0.13368823089916354,-0.04923926244598298,,,
2023-08,2023-08-01,2023-11-01,2023-08-01,101,96,5,3,2,0.14732323529484145,-0.061749581314781865,NVDA,0.16095823969051937,-0.08984670679098905,META,0.13368823089916354,-0.03365245583857468,,,
2023-08,2023-08-01,2023-09-01,2023-08-01,101,96,5,1,3,0.13614766410795465,-0.004282078065844945,NVDA,0.16095823969051937,0.043047421209285064,META,0.13368823089916354,-0.08159033545431416,ADBE,0.113796521734181,0.025696680047494258
2023-08,2023-08-01,2023-10-02,2023-08-01,101,96,5,2,3,0.13614766410795465,-0.04572956231509795,NVDA,0.16095823969051937,-0.03701157720970094,META,0.13368823089916354,-0.04923926244598298,ADBE,0.113796521734181,-0.05093784728960993
2023-08,2023-08-01,2023-11-01,2023-08-01,101,96,5,3,3,0.13614766410795465,-0.04395882109534081,NVDA,0.16095823969051937,-0.08984670679098905,META,0.13368823089916354,-0.03365245583857468,ADBE,0.113796521734181,-0.008377300656458697
2023-09,2023-09-01,2023-10-02,2023-09-01,101,96,5,1,1,0.12311646340110963,-0.07675489799511459,NVDA,0.12311646340110963,-0.07675489799511459,,,,,,
2023-09,2023-09-01,2023-11-01,2023-09-01,101,96,5,2,1,0.12311646340110963,-0.12740947851268325,NVDA,0.12311646340110963,-0.12740947851268325,,,,,,
2023-09,2023-09-01,2023-12-01,2023-09-01,101,96,5,3,1,0.12311646340110963,-0.035872485847291635,NVDA,0.12311646340110963,-0.035872485847291635,,,,,,
2023-09,2023-09-01,2023-10-02,2023-09-01,101,96,5,1,2,0.1092459119607784,-0.030453486283030518,NVDA,0.12311646340110963,-0.07675489799511459,ZS,0.09537536052044719,0.015847925429053555,,,
2023-09,2023-09-01,2023-11-01,2023-09-01,101,96,5,2,2,0.1092459119607784,-0.06916632194668243,NVDA,0.12311646340110963,-0.12740947851268325,ZS,0.09537536052044719,-0.01092316538068161,,,
2023-09,2023-09-01,2023-12-01,2023-09-01,101,96,5,3,2,0.1092459119607784,0.10723736698317898,NVDA,0.12311646340110963,-0.035872485847291635,ZS,0.09537536052044719,0.2503472198136496,,,
2023-09,2023-09-01,2023-10-02,2023-09-01,101,96,5,1,3,0.10223563277623127,-0.03962928626328447,NVDA,0.12311646340110963,-0.07675489799511459,ZS,0.09537536052044719,0.015847925429053555,MRVL,0.08821507440713698,-0.05798088622379238
2023-09,2023-09-01,2023-11-01,2023-09-01,101,96,5,2,3,0.10223563277623127,-0.10476055900420955,NVDA,0.12311646340110963,-0.12740947851268325,ZS,0.09537536052044719,-0.01092316538068161,MRVL,0.08821507440713698,-0.1759490331192638
2023-09,2023-09-01,2023-12-01,2023-09-01,101,96,5,3,3,0.10223563277623127,0.0422105899580009,NVDA,0.12311646340110963,-0.035872485847291635,ZS,0.09537536052044719,0.2503472198136496,MRVL,0.08821507440713698,-0.08784296409235526
2023-10,2023-10-02,2023-11-01,2023-10-02,101,96,5,1,1,0.14134388862765623,-0.0263534434038718,ZS,0.14134388862765623,-0.0263534434038718,,,,,,
2023-10,2023-10-02,2023-12-01,2023-10-02,101,96,5,2,1,0.14134388862765623,0.23084094431314917,ZS,0.14134388862765623,0.23084094431314917,,,,,,
2023-10,2023-10-02,2024-01-02,2023-10-02,101,96,5,3,1,0.14134388862765623,0.31997014061056217,ZS,0.14134388862765623,0.31997014061056217,,,,,,
2023-10,2023-10-02,2023-11-01,2023-10-02,101,96,5,1,2,0.12358263628088703,-0.10447243181115029,ZS,0.14134388862765623,-0.0263534434038718,TSLA,0.10582138393411784,-0.18259142021842878,,,
2023-10,2023-10-02,2023-12-01,2023-10-02,101,96,5,2,2,0.12358263628088703,0.0900428808158038,ZS,0.14134388862765623,0.23084094431314917,TSLA,0.10582138393411784,-0.050755182681541555,,,
2023-10,2023-10-02,2024-01-02,2023-10-02,101,96,5,3,2,0.12358263628088703,0.15366549984139577,ZS,0.14134388862765623,0.31997014061056217,TSLA,0.10582138393411784,-0.012639140927770631,,,
2023-10,2023-10-02,2023-11-01,2023-10-02,101,96,5,1,3,0.11605744574931565,-0.08793688765746903,ZS,0.14134388862765623,-0.0263534434038718,TSLA,0.10582138393411784,-0.18259142021842878,NVDA,0.10100706468617286,-0.05486579935010649
2023-10,2023-10-02,2023-12-01,2023-10-02,101,96,5,2,3,0.11605744574931565,0.07478899123147038,ZS,0.14134388862765623,0.23084094431314917,TSLA,0.10582138393411784,-0.050755182681541555,NVDA,0.10100706468617286,0.044281212062803554
2023-10,2023-10-02,2024-01-02,2023-10-02,101,96,5,3,3,0.11605744574931565,0.12767875596380943,ZS,0.14134388862765623,0.31997014061056217,TSLA,0.10582138393411784,-0.012639140927770631,NVDA,0.10100706468617286,0.07570526820863677
2023-11,2023-11-01,2023-12-01,2023-11-01,101,96,5,1,1,0.08794706103014358,0.4113475550544239,PDD,0.08794706103014358,0.4113475550544239,,,,,,
2023-11,2023-11-01,2024-01-02,2023-11-01,101,96,5,2,1,0.08794706103014358,0.4149421835989735,PDD,0.08794706103014358,0.4149421835989735,,,,,,
2023-11,2023-11-01,2024-02-01,2023-11-01,101,96,5,3,1,0.08794706103014358,0.22986491754168492,PDD,0.08794706103014358,0.22986491754168492,,,,,,
2023-11,2023-11-01,2023-12-01,2023-11-01,101,96,5,1,2,0.07115196342524942,0.22878113772032838,PDD,0.08794706103014358,0.4113475550544239,CEG,0.05435686582035526,0.046214720386232866,,,
2023-11,2023-11-01,2024-01-02,2023-11-01,101,96,5,2,2,0.07115196342524942,0.21037503668551594,PDD,0.08794706103014358,0.4149421835989735,CEG,0.05435686582035526,0.005807889772058372,,,
2023-11,2023-11-01,2024-02-01,2023-11-01,101,96,5,3,2,0.07115196342524942,0.1718576408552941,PDD,0.08794706103014358,0.22986491754168492,CEG,0.05435686582035526,0.11385036416890326,,,
2023-11,2023-11-01,2023-12-01,2023-11-01,101,96,5,1,3,0.06506735431928214,0.19413078033704476,PDD,0.08794706103014358,0.4113475550544239,CEG,0.05435686582035526,0.046214720386232866,ADBE,0.052898136107347594,0.12483006557047749
2023-11,2023-11-01,2024-01-02,2023-11-01,101,96,5,2,3,0.06506735431928214,0.16202535798882498,PDD,0.08794706103014358,0.4149421835989735,CEG,0.05435686582035526,0.005807889772058372,ADBE,0.052898136107347594,0.06532600059544302
2023-11,2023-11-01,2024-02-01,2023-11-01,101,96,5,3,3,0.06506735431928214,0.16563388064643192,PDD,0.08794706103014358,0.22986491754168492,CEG,0.05435686582035526,0.11385036416890326,ADBE,0.052898136107347594,0.15318636022870757
2023-12,2023-12-01,2024-01-02,2023-12-01,101,96,5,1,1,0.16384805360348959,0.0025469477958681708,PDD,0.16384805360348959,0.0025469477958681708,,,,,,
2023-12,2023-12-01,2024-02-01,2023-12-01,101,96,5,2,1,0.16384805360348959,-0.12858819704813285,PDD,0.16384805360348959,-0.12858819704813285,,,,,,
2023-12,2023-12-01,2024-03-01,2023-12-01,101,96,5,3,1,0.16384805360348959,-0.12679841162386307,PDD,0.16384805360348959,-0.12679841162386307,,,,,,
2023-12,2023-12-01,2024-01-02,2023-12-01,101,96,5,1,2,0.1349070696446813,0.02650429692467593,PDD,0.16384805360348959,0.0025469477958681708,CRWD,0.10596608568587298,0.05046164605348369,,,
2023-12,2023-12-01,2024-02-01,2023-12-01,101,96,5,2,2,0.1349070696446813,0.07258203786716211,PDD,0.16384805360348959,-0.12858819704813285,CRWD,0.10596608568587298,0.27375227278245706,,,
2023-12,2023-12-01,2024-03-01,2023-12-01,101,96,5,3,2,0.1349070696446813,0.10587707325348755,PDD,0.16384805360348959,-0.12679841162386307,CRWD,0.10596608568587298,0.3385525581308382,,,
2023-12,2023-12-01,2024-01-02,2023-12-01,101,96,5,1,3,0.11509526282955136,-0.0071184491891008355,PDD,0.16384805360348959,0.0025469477958681708,CRWD,0.10596608568587298,0.05046164605348369,MELI,0.07547164919929153,-0.07436394141665437
2023-12,2023-12-01,2024-02-01,2023-12-01,101,96,5,2,3,0.11509526282955136,0.0678128509544987,PDD,0.16384805360348959,-0.12858819704813285,CRWD,0.10596608568587298,0.27375227278245706,MELI,0.07547164919929153,0.05827447712917189
2023-12,2023-12-01,2024-03-01,2023-12-01,101,96,5,3,3,0.11509526282955136,0.06266305047335126,PDD,0.16384805360348959,-0.12679841162386307,CRWD,0.10596608568587298,0.3385525581308382,MELI,0.07547164919929153,-0.023764995086921314
2024-01,2024-01-02,2024-02-01,2024-01-02,101,96,5,1,1,0.11161513658129649,-0.1308019989810012,PDD,0.11161513658129649,-0.1308019989810012,,,,,,
2024-01,2024-01-02,2024-03-01,2024-01-02,101,96,5,2,1,0.11161513658129649,-0.12901676046603217,PDD,0.11161513658129649,-0.12901676046603217,,,,,,
2024-01,2024-01-02,2024-04-01,2024-01-02,101,96,5,3,1,0.11161513658129649,-0.18181815324438377,PDD,0.11161513658129649,-0.18181815324438377,,,,,,
2024-01,2024-01-02,2024-02-01,2024-01-02,101,96,5,1,2,0.10013439215436187,0.040881142065005927,PDD,0.11161513658129649,-0.1308019989810012,CRWD,0.08865364772742726,0.21256428311101305,,,
2024-01,2024-01-02,2024-03-01,2024-01-02,101,96,5,2,2,0.10013439215436187,0.0726174792211075,PDD,0.11161513658129649,-0.12901676046603217,CRWD,0.08865364772742726,0.2742517189082472,,,
2024-01,2024-01-02,2024-04-01,2024-01-02,101,96,5,3,2,0.10013439215436187,0.05632247817542685,PDD,0.11161513658129649,-0.18181815324438377,CRWD,0.08865364772742726,0.29446310959523747,,,
2024-01,2024-01-02,2024-02-01,2024-01-02,101,96,5,1,3,0.08783271918365598,-0.0037082172096191135,PDD,0.11161513658129649,-0.1308019989810012,CRWD,0.08865364772742726,0.21256428311101305,INTC,0.06322937324224423,-0.0928869357588692
2024-01,2024-01-02,2024-03-01,2024-01-02,101,96,5,2,3,0.08783271918365598,0.0215528441331639,PDD,0.11161513658129649,-0.12901676046603217,CRWD,0.08865364772742726,0.2742517189082472,INTC,0.06322937324224423,-0.0805764260427233
2024-01,2024-01-02,2024-04-01,2024-01-02,101,96,5,3,3,0.08783271918365598,0.015585257052283455,PDD,0.11161513658129649,-0.18181815324438377,CRWD,0.08865364772742726,0.29446310959523747,INTC,0.06322937324224423,-0.06588918519400333
2024-02,2024-02-01,2024-03-01,2024-02-01,101,96,5,1,1,0.13686668607411384,0.05087353854672827,CRWD,0.13686668607411384,0.05087353854672827,,,,,,
2024-02,2024-02-01,2024-04-01,2024-02-01,101,96,5,2,1,0.13686668607411384,0.06754184303870558,CRWD,0.13686668607411384,0.06754184303870558,,,,,,
2024-02,2024-02-01,2024-05-01,2024-02-01,101,96,5,3,1,0.13686668607411384,-0.013127543641248574,CRWD,0.13686668607411384,-0.013127543641248574,,,,,,
2024-02,2024-02-01,2024-03-01,2024-02-01,101,96,5,1,2,0.11694258694925097,0.11975869697187091,CRWD,0.13686668607411384,0.05087353854672827,AMD,0.09701848782438811,0.18864385539701356,,,
2024-02,2024-02-01,2024-04-01,2024-02-01,101,96,5,2,2,0.11694258694925097,0.07148795851090817,CRWD,0.13686668607411384,0.06754184303870558,AMD,0.09701848782438811,0.07543407398311075,,,
2024-02,2024-02-01,2024-05-01,2024-02-01,101,96,5,3,2,0.11694258694925097,-0.08343493592179807,CRWD,0.13686668607411384,-0.013127543641248574,AMD,0.09701848782438811,-0.15374232820234757,,,
2024-02,2024-02-01,2024-03-01,2024-02-01,101,96,5,1,3,0.10776383619022002,0.05347322632681232,CRWD,0.13686668607411384,0.05087353854672827,AMD,0.09701848782438811,0.18864385539701356,ZS,0.08940633467215815,-0.07909771496330487
2024-02,2024-02-01,2024-04-01,2024-02-01,101,96,5,2,3,0.10776383619022002,-0.016652869501525076,CRWD,0.13686668607411384,0.06754184303870558,AMD,0.09701848782438811,0.07543407398311075,ZS,0.08940633467215815,-0.19293452552639156
2024-02,2024-02-01,2024-05-01,2024-02-01,101,96,5,3,3,0.10776383619022002,-0.1476869169752452,CRWD,0.13686668607411384,-0.013127543641248574,AMD,0.09701848782438811,-0.15374232820234757,ZS,0.08940633467215815,-0.27619087908213946
2024-03,2024-03-01,2024-04-01,2024-03-01,101,96,5,1,1,0.14604008755155817,-0.0952428104514873,AMD,0.14604008755155817,-0.0952428104514873,,,,,,
2024-03,2024-03-01,2024-05-01,2024-03-01,101,96,5,2,1,0.14604008755155817,-0.2880477462149521,AMD,0.14604008755155817,-0.2880477462149521,,,,,,
2024-03,2024-03-01,2024-06-03,2024-03-01,101,96,5,3,1,0.14604008755155817,-0.1929036540447575,AMD,0.14604008755155817,-0.1929036540447575,,,,,,
2024-03,2024-03-01,2024-04-01,2024-03-01,101,96,5,1,2,0.14242680161039115,0.0015298511413679439,AMD,0.14604008755155817,-0.0952428104514873,NVDA,0.13881351566922412,0.09830251273422319,,,
2024-03,2024-03-01,2024-05-01,2024-03-01,101,96,5,2,2,0.14242680161039115,-0.13936967652830307,AMD,0.14604008755155817,-0.2880477462149521,NVDA,0.13881351566922412,0.009308393158345973,,,
2024-03,2024-03-01,2024-06-03,2024-03-01,101,96,5,3,2,0.14242680161039115,0.10242264004849222,AMD,0.14604008755155817,-0.1929036540447575,NVDA,0.13881351566922412,0.39774893414174195,,,
2024-03,2024-03-01,2024-04-01,2024-03-01,101,96,5,1,3,0.14052891482402685,0.006307027416522078,AMD,0.14604008755155817,-0.0952428104514873,NVDA,0.13881351566922412,0.09830251273422319,CRWD,0.13673314125129826,0.015861379966830347
2024-03,2024-03-01,2024-05-01,2024-03-01,101,96,5,2,3,0.14052891482402685,-0.11321403238185719,AMD,0.14604008755155817,-0.2880477462149521,NVDA,0.13881351566922412,0.009308393158345973,CRWD,0.13673314125129826,-0.060902744088965455
2024-03,2024-03-01,2024-06-03,2024-03-01,101,96,5,3,3,0.14052891482402685,0.062019836375356206,AMD,0.14604008755155817,-0.1929036540447575,NVDA,0.13881351566922412,0.39774893414174195,CRWD,0.13673314125129826,-0.018785770970915827
2024-04,2024-04-01,2024-05-01,2024-04-01,101,97,5,1,1,0.16944717808609006,-0.08102878628068189,NVDA,0.16944717808609006,-0.08102878628068189,,,,,,
2024-04,2024-04-01,2024-06-03,2024-04-01,101,97,5,2,1,0.16944717808609006,0.2726447567365089,NVDA,0.16944717808609006,0.2726447567365089,,,,,,
2024-04,2024-04-01,2024-07-01,2024-04-01,101,97,5,3,1,0.16944717808609006,0.37567604708501,NVDA,0.16944717808609006,0.37567604708501,,,,,,
2024-04,2024-04-01,2024-05-01,2024-04-01,101,97,5,1,2,0.15033495401472677,-0.07953790458890275,NVDA,0.16944717808609006,-0.08102878628068189,DASH,0.13122272994336348,-0.07804702289712362,,,
2024-04,2024-04-01,2024-06-03,2024-04-01,101,97,5,2,2,0.15033495401472677,0.03711803730071095,NVDA,0.16944717808609006,0.2726447567365089,DASH,0.13122272994336348,-0.198408682135087,,,
2024-04,2024-04-01,2024-07-01,2024-04-01,101,97,5,3,2,0.15033495401472677,0.08027926092489374,NVDA,0.16944717808609006,0.37567604708501,DASH,0.13122272994336348,-0.21511752523522254,,,
2024-04,2024-04-01,2024-05-01,2024-04-01,101,97,5,1,3,0.1433941606970257,-0.07821378644341037,NVDA,0.16944717808609006,-0.08102878628068189,DASH,0.13122272994336348,-0.07804702289712362,CRWD,0.12951257406162356,-0.07556555015242561
2024-04,2024-04-01,2024-06-03,2024-04-01,101,97,5,2,3,0.1433941606970257,0.013376631580549544,NVDA,0.16944717808609006,0.2726447567365089,DASH,0.13122272994336348,-0.198408682135087,CRWD,0.12951257406162356,-0.03410617985977327
2024-04,2024-04-01,2024-07-01,2024-04-01,101,97,5,3,3,0.1433941606970257,0.12919980432013503,NVDA,0.16944717808609006,0.37567604708501,DASH,0.13122272994336348,-0.21511752523522254,CRWD,0.12951257406162356,0.22704089111061765
2024-05,2024-05-01,2024-06-03,2024-05-01,101,97,5,1,1,0.13226090582060696,0.3848581301973333,NVDA,0.13226090582060696,0.3848581301973333,,,,,,
2024-05,2024-05-01,2024-07-01,2024-05-01,101,97,5,2,1,0.13226090582060696,0.49697403634362747,NVDA,0.13226090582060696,0.49697403634362747,,,,,,
2024-05,2024-05-01,2024-08-01,2024-05-01,101,97,5,3,1,0.13226090582060696,0.3152415251918246,NVDA,0.13226090582060696,0.3152415251918246,,,,,,
2024-05,2024-05-01,2024-06-03,2024-05-01,101,97,5,1,2,0.11505774794120528,0.2574982491818544,NVDA,0.13226090582060696,0.3848581301973333,CEG,0.09785459006180361,0.13013836816637547,,,
2024-05,2024-05-01,2024-07-01,2024-05-01,101,97,5,2,2,0.11505774794120528,0.30484657096654455,NVDA,0.13226090582060696,0.49697403634362747,CEG,0.09785459006180361,0.11271910558946163,,,
2024-05,2024-05-01,2024-08-01,2024-05-01,101,97,5,3,2,0.11505774794120528,0.13941920635057947,NVDA,0.13226090582060696,0.3152415251918246,CEG,0.09785459006180361,-0.036403112490665634,,,
2024-05,2024-05-01,2024-06-03,2024-05-01,101,97,5,1,3,0.10518400423569707,0.2277882246886279,NVDA,0.13226090582060696,0.3848581301973333,CEG,0.09785459006180361,0.13013836816637547,MU,0.08543651682468063,0.16836817570217488
2024-05,2024-05-01,2024-07-01,2024-05-01,101,97,5,2,3,0.10518400423569707,0.26953312708002225,NVDA,0.13226090582060696,0.49697403634362747,CEG,0.09785459006180361,0.11271910558946163,MU,0.08543651682468063,0.1989062393069776
2024-05,2024-05-01,2024-08-01,2024-05-01,101,97,5,3,3,0.10518400423569707,0.06832986756503774,NVDA,0.13226090582060696,0.3152415251918246,CEG,0.09785459006180361,-0.036403112490665634,MU,0.08543651682468063,-0.0738488100060457
2024-06,2024-06-03,2024-07-01,2024-06-03,101,97,5,1,1,0.20321421882660246,0.08095840555907219,NVDA,0.20321421882660246,0.08095840555907219,,,,,,
2024-06,2024-06-03,2024-08-01,2024-06-03,101,97,5,2,1,0.20321421882660246,-0.05026984604956519,NVDA,0.20321421882660246,-0.05026984604956519,,,,,,
2024-06,2024-06-03,2024-09-03,2024-06-03,101,97,5,3,1,0.20321421882660246,-0.06079237163134876,NVDA,0.20321421882660246,-0.06079237163134876,,,,,,
2024-06,2024-06-03,2024-07-01,2024-06-03,101,97,5,1,2,0.16741043415746293,0.03277250815364874,NVDA,0.20321421882660246,0.08095840555907219,CEG,0.1316066494883234,-0.015413389251774712,,,
2024-06,2024-06-03,2024-08-01,2024-06-03,101,97,5,2,2,0.16741043415746293,-0.09881682134279607,NVDA,0.20321421882660246,-0.05026984604956519,CEG,0.1316066494883234,-0.14736379663602694,,,
2024-06,2024-06-03,2024-09-03,2024-06-03,101,97,5,3,2,0.16741043415746293,-0.10277887594113516,NVDA,0.20321421882660246,-0.06079237163134876,CEG,0.1316066494883234,-0.14476538025092156,,,
2024-06,2024-06-03,2024-07-01,2024-06-03,101,97,5,1,3,0.14558554920424902,0.030560793239040967,NVDA,0.20321421882660246,0.08095840555907219,CEG,0.1316066494883234,-0.015413389251774712,MU,0.10193577929782113,0.02613736340982542
2024-06,2024-06-03,2024-08-01,2024-06-03,101,97,5,2,3,0.14558554920424902,-0.13498195007060984,NVDA,0.20321421882660246,-0.05026984604956519,CEG,0.1316066494883234,-0.14736379663602694,MU,0.10193577929782113,-0.20731220752623736
2024-06,2024-06-03,2024-09-03,2024-06-03,101,97,5,3,3,0.14558554920424902,-0.17127994615055211,NVDA,0.20321421882660246,-0.06079237163134876,CEG,0.1316066494883234,-0.14476538025092156,MU,0.10193577929782113,-0.30828208656938605
2024-07,2024-07-01,2024-08-01,2024-07-01,101,97,5,1,1,0.24773690549315663,-0.2349682003688508,ARM,0.24773690549315663,-0.2349682003688508,,,,,,
2024-07,2024-07-01,2024-09-03,2024-07-01,101,97,5,2,1,0.24773690549315663,-0.22092805869642895,ARM,0.24773690549315663,-0.22092805869642895,,,,,,
2024-07,2024-07-01,2024-10-01,2024-07-01,101,97,5,3,1,0.24773690549315663,-0.1432349035933329,ARM,0.24773690549315663,-0.1432349035933329,,,,,,
2024-07,2024-07-01,2024-08-01,2024-07-01,101,97,5,1,2,0.20272313347065987,-0.178184054472105,ARM,0.24773690549315663,-0.2349682003688508,NVDA,0.1577093614481631,-0.1213999085753592,,,
2024-07,2024-07-01,2024-09-03,2024-07-01,101,97,5,2,2,0.20272313347065987,-0.17603120402461075,ARM,0.24773690549315663,-0.22092805869642895,NVDA,0.1577093614481631,-0.13113434935279256,,,
2024-07,2024-07-01,2024-10-01,2024-07-01,101,97,5,3,2,0.20272313347065987,-0.10094165604253896,ARM,0.24773690549315663,-0.1432349035933329,NVDA,0.1577093614481631,-0.05864840849174502,,,
2024-07,2024-07-01,2024-08-01,2024-07-01,101,97,5,1,3,0.17082883959214268,-0.16346138595210988,ARM,0.24773690549315663,-0.2349682003688508,NVDA,0.1577093614481631,-0.1213999085753592,CEG,0.10704025183510835,-0.1340160489121196
2024-07,2024-07-01,2024-09-03,2024-07-01,101,97,5,2,3,0.17082883959214268,-0.1611464543989235,ARM,0.24773690549315663,-0.22092805869642895,NVDA,0.1577093614481631,-0.13113434935279256,CEG,0.10704025183510835,-0.131376955147549
2024-07,2024-07-01,2024-10-01,2024-07-01,101,97,5,3,3,0.17082883959214268,0.03195734047484733,ARM,0.24773690549315663,-0.1432349035933329,NVDA,0.1577093614481631,-0.05864840849174502,CEG,0.10704025183510835,0.2977553335096199
2024-08,2024-08-01,2024-09-03,2024-08-01,101,98,5,1,1,0.07233807072691752,-0.011079489829837197,NVDA,0.07233807072691752,-0.011079489829837197,,,,,,
2024-08,2024-08-01,2024-10-01,2024-08-01,101,98,5,2,1,0.07233807072691752,0.07142214153638804,NVDA,0.07233807072691752,0.07142214153638804,,,,,,
2024-08,2024-08-01,2024-11-01,2024-08-01,101,98,5,3,1,0.07233807072691752,0.23991945271559856,NVDA,0.07233807072691752,0.23991945271559856,,,,,,
2024-08,2024-08-01,2024-09-03,2024-08-01,101,98,5,1,2,0.06547286493926205,-0.046060194412281596,NVDA,0.07233807072691752,-0.011079489829837197,CHTR,0.058607659151606574,-0.081040898994726,,,
2024-08,2024-08-01,2024-10-01,2024-08-01,101,98,5,2,2,0.06547286493926205,-0.027980985440753225,NVDA,0.07233807072691752,0.07142214153638804,CHTR,0.058607659151606574,-0.1273841124178945,,,
2024-08,2024-08-01,2024-11-01,2024-08-01,101,98,5,3,2,0.06547286493926205,0.1060594014613993,NVDA,0.07233807072691752,0.23991945271559856,CHTR,0.058607659151606574,-0.027800649792799947,,,
2024-08,2024-08-01,2024-09-03,2024-08-01,101,98,5,1,3,0.06024676288667679,-0.06126813393584141,NVDA,0.07233807072691752,-0.011079489829837197,CHTR,0.058607659151606574,-0.081040898994726,BKR,0.04979455878150627,-0.09168401298296103
2024-08,2024-08-01,2024-10-01,2024-08-01,101,98,5,2,3,0.06024676288667679,-0.024630090830643454,NVDA,0.07233807072691752,0.07142214153638804,CHTR,0.058607659151606574,-0.1273841124178945,BKR,0.04979455878150627,-0.017928301610423913
2024-08,2024-08-01,2024-11-01,2024-08-01,101,98,5,3,3,0.06024676288667679,0.07452863091971614,NVDA,0.07233807072691752,0.23991945271559856,CHTR,0.058607659151606574,-0.027800649792799947,BKR,0.04979455878150627,0.011467089836349809
2024-09,2024-09-03,2024-10-01,2024-09-03,101,98,5,1,1,0.060623097841092585,0.038162604986066384,MELI,0.060623097841092585,0.038162604986066384,,,,,,
2024-09,2024-09-03,2024-11-01,2024-09-03,101,98,5,2,1,0.060623097841092585,0.032524787816681666,MELI,0.060623097841092585,0.032524787816681666,,,,,,
2024-09,2024-09-03,2024-12-02,2024-09-03,101,98,5,3,1,0.060623097841092585,-0.01895823055615209,MELI,0.060623097841092585,-0.01895823055615209,,,,,,
2024-09,2024-09-03,2024-10-01,2024-09-03,101,98,5,1,2,0.05923487041587076,0.026802249250676202,MELI,0.060623097841092585,0.038162604986066384,AAPL,0.05784664299064894,0.01544189351528602,,,
2024-09,2024-09-03,2024-11-01,2024-09-03,101,98,5,2,2,0.05923487041587076,0.01657658736462153,MELI,0.060623097841092585,0.032524787816681666,AAPL,0.05784664299064894,0.0006283869125613961,,,
2024-09,2024-09-03,2024-12-02,2024-09-03,101,98,5,3,2,0.05923487041587076,0.02886443527098198,MELI,0.060623097841092585,-0.01895823055615209,AAPL,0.05784664299064894,0.07668710109811605,,,
2024-09,2024-09-03,2024-10-01,2024-09-03,101,98,5,1,3,0.056934062739539826,-0.006333632771607367,MELI,0.060623097841092585,0.038162604986066384,AAPL,0.05784664299064894,0.01544189351528602,PANW,0.052332447386877964,-0.0726053968161745
2024-09,2024-09-03,2024-11-01,2024-09-03,101,98,5,2,3,0.056934062739539826,0.018157644895542207,MELI,0.060623097841092585,0.032524787816681666,AAPL,0.05784664299064894,0.0006283869125613961,PANW,0.052332447386877964,0.021319759957383555
2024-09,2024-09-03,2024-12-02,2024-09-03,101,98,5,3,3,0.056934062739539826,0.05219421094697215,MELI,0.060623097841092585,-0.01895823055615209,AAPL,0.05784664299064894,0.07668710109811605,PANW,0.052332447386877964,0.09885376229895249
2024-10,2024-10-01,2024-11-01,2024-10-01,101,98,5,1,1,0.0955587719168017,-0.02827466156536007,CEG,0.0955587719168017,-0.02827466156536007,,,,,,
2024-10,2024-10-01,2024-12-02,2024-10-01,101,98,5,2,1,0.0955587719168017,-0.05887767766874186,CEG,0.0955587719168017,-0.05887767766874186,,,,,,
2024-10,2024-10-01,2025-01-02,2024-10-01,101,98,5,3,1,0.0955587719168017,-0.08519802782332242,CEG,0.0955587719168017,-0.08519802782332242,,,,,,
2024-10,2024-10-01,2024-11-01,2024-10-01,101,98,5,1,2,0.09443855814781092,0.005703916365407735,CEG,0.0955587719168017,-0.02827466156536007,ARM,0.09331834437882014,0.03968249429617554,,,
2024-10,2024-10-01,2024-12-02,2024-10-01,101,98,5,2,2,0.09443855814781092,-0.013786301909346599,CEG,0.0955587719168017,-0.05887767766874186,ARM,0.09331834437882014,0.03130507385004866,,,
2024-10,2024-10-01,2025-01-02,2024-10-01,101,98,5,3,2,0.09443855814781092,-0.0715525881943675,CEG,0.0955587719168017,-0.08519802782332242,ARM,0.09331834437882014,-0.05790714856541257,,,
2024-10,2024-10-01,2024-11-01,2024-10-01,101,98,5,1,3,0.09074324447609412,0.056224311205292886,CEG,0.0955587719168017,-0.02827466156536007,ARM,0.09331834437882014,0.03968249429617554,NVDA,0.08335261713266054,0.15726510088506318
2024-10,2024-10-01,2024-12-02,2024-10-01,101,98,5,2,3,0.09074324447609412,0.05243312021033505,CEG,0.0955587719168017,-0.05887767766874186,ARM,0.09331834437882014,0.03130507385004866,NVDA,0.08335261713266054,0.18487196444969833
2024-10,2024-10-01,2025-01-02,2024-10-01,101,98,5,3,3,0.09074324447609412,0.013037667893974906,CEG,0.0955587719168017,-0.08519802782332242,ARM,0.09331834437882014,-0.05790714856541257,NVDA,0.08335261713266054,0.1822181800706597
2024-11,2024-11-01,2024-12-02,2024-11-01,101,98,5,1,1,0.08496649934540716,-0.03078259067471545,ILMN,0.08496649934540716,-0.03078259067471545,,,,,,
2024-11,2024-11-01,2025-01-02,2024-11-01,101,98,5,2,1,0.08496649934540716,-0.12573452538551722,ILMN,0.08496649934540716,-0.12573452538551722,,,,,,
2024-11,2024-11-01,2025-02-03,2024-11-01,101,98,5,3,1,0.08496649934540716,-0.12459928610953952,ILMN,0.08496649934540716,-0.12459928610953952,,,,,,
2024-11,2024-11-01,2024-12-02,2024-11-01,101,98,5,1,2,0.08356733938043964,0.07716497310360426,ILMN,0.08496649934540716,-0.03078259067471545,TEAM,0.08216817941547212,0.18511253688192397,,,
2024-11,2024-11-01,2025-01-02,2024-11-01,101,98,5,2,2,0.08356733938043964,-0.02266224197658101,ILMN,0.08496649934540716,-0.12573452538551722,TEAM,0.08216817941547212,0.0804100414323552,,,
2024-11,2024-11-01,2025-02-03,2024-11-01,101,98,5,3,2,0.08356733938043964,0.13170522751519964,ILMN,0.08496649934540716,-0.12459928610953952,TEAM,0.08216817941547212,0.3880097411399388,,,
2024-11,2024-11-01,2024-12-02,2024-11-01,101,98,5,1,3,0.08138116276902484,0.19618051312310825,ILMN,0.08496649934540716,-0.03078259067471545,TEAM,0.08216817941547212,0.18511253688192397,TSLA,0.07700880954619524,0.4342115931621162
2024-11,2024-11-01,2025-01-02,2024-11-01,101,98,5,2,3,0.08138116276902484,0.15933691497714528,ILMN,0.08496649934540716,-0.12573452538551722,TEAM,0.08216817941547212,0.0804100414323552,TSLA,0.07700880954619524,0.5233352288845978
2024-11,2024-11-01,2025-02-03,2024-11-01,101,98,5,3,3,0.08138116276902484,0.2681392539603498,ILMN,0.08496649934540716,-0.12459928610953952,TEAM,0.08216817941547212,0.3880097411399388,TSLA,0.07700880954619524,0.5410073068506502
2024-12,2024-12-02,2025-01-02,2024-12-02,101,98,5,1,1,0.37516314221054975,0.003493944197426435,APP,0.37516314221054975,0.003493944197426435,,,,,,
2024-12,2024-12-02,2025-02-03,2024-12-02,101,98,5,2,1,0.37516314221054975,0.07296164411964301,APP,0.37516314221054975,0.07296164411964301,,,,,,
2024-12,2024-12-02,2025-03-03,2024-12-02,101,98,5,3,1,0.37516314221054975,-0.009542264995874294,APP,0.37516314221054975,-0.009542264995874294,,,,,,
2024-12,2024-12-02,2025-01-02,2024-12-02,101,98,5,1,2,0.2504646435032197,0.032817574284400464,APP,0.37516314221054975,0.003493944197426435,TSLA,0.1257661447958896,0.06214120437137449,,,
2024-12,2024-12-02,2025-02-03,2024-12-02,101,98,5,2,2,0.2504646435032197,0.07371232757745338,APP,0.37516314221054975,0.07296164411964301,TSLA,0.1257661447958896,0.07446301103526376,,,
2024-12,2024-12-02,2025-03-03,2024-12-02,101,98,5,3,2,0.2504646435032197,-0.10620214874637479,APP,0.37516314221054975,-0.009542264995874294,TSLA,0.1257661447958896,-0.2028620324968753,,,
2024-12,2024-12-02,2025-01-02,2024-12-02,101,98,5,1,3,0.20268951080168998,0.019885098142848594,APP,0.37516314221054975,0.003493944197426435,TSLA,0.1257661447958896,0.06214120437137449,FTNT,0.10713924539863066,-0.0059798541402551475
2024-12,2024-12-02,2025-02-03,2024-12-02,101,98,5,2,3,0.20268951080168998,0.06865477681593683,APP,0.37516314221054975,0.07296164411964301,TSLA,0.1257661447958896,0.07446301103526376,FTNT,0.10713924539863066,0.058539675292903715
2024-12,2024-12-02,2025-03-03,2024-12-02,101,98,5,3,3,0.20268951080168998,-0.031565171284039385,APP,0.37516314221054975,-0.009542264995874294,TSLA,0.1257661447958896,-0.2028620324968753,FTNT,0.10713924539863066,0.11770878364063142
2025-01,2025-01-02,2025-02-03,2025-01-02,101,98,5,1,1,0.39880464124088955,0.06922582873957994,APP,0.39880464124088955,0.06922582873957994,,,,,,
2025-01,2025-01-02,2025-03-03,2025-01-02,101,98,5,2,1,0.39880464124088955,-0.012990819993165759,APP,0.39880464124088955,-0.012990819993165759,,,,,,
2025-01,2025-01-02,2025-04-01,2025-01-02,101,98,5,3,1,0.39880464124088955,-0.17285969566175896,APP,0.39880464124088955,-0.17285969566175896,,,,,,
2025-01,2025-01-02,2025-02-03,2025-01-02,101,98,5,1,2,0.3224937402965726,0.09146884697217339,APP,0.39880464124088955,0.06922582873957994,PLTR,0.2461828393522556,0.11371186520476684,,,
2025-01,2025-01-02,2025-03-03,2025-01-02,101,98,5,2,2,0.3224937402965726,0.04823258215870735,APP,0.39880464124088955,-0.012990819993165759,PLTR,0.2461828393522556,0.10945598431058046,,,
2025-01,2025-01-02,2025-04-01,2025-01-02,101,98,5,3,2,0.3224937402965726,-0.023323067968989863,APP,0.39880464124088955,-0.17285969566175896,PLTR,0.2461828393522556,0.12621355972377923,,,
2025-01,2025-01-02,2025-02-03,2025-01-02,101,98,5,1,3,0.2813641179082953,0.11328858215838207,APP,0.39880464124088955,0.06922582873957994,PLTR,0.2461828393522556,0.11371186520476684,MSTR,0.1991048731317408,0.15692805253079944
2025-01,2025-01-02,2025-03-03,2025-01-02,101,98,5,2,3,0.2813641179082953,-0.022387582693780494,APP,0.39880464124088955,-0.012990819993165759,PLTR,0.2461828393522556,0.10945598431058046,MSTR,0.1991048731317408,-0.16362791239875618
2025-01,2025-01-02,2025-04-01,2025-01-02,101,98,5,3,3,0.2813641179082953,-0.008871180061039338,APP,0.39880464124088955,-0.17285969566175896,PLTR,0.2461828393522556,0.12621355972377923,MSTR,0.1991048731317408,0.020032595754861715
2025-02,2025-02-03,2025-03-03,2025-02-03,101,98,5,1,1,0.3779181475095592,-0.07689362389390075,APP,0.3779181475095592,-0.07689362389390075,,,,,,
2025-02,2025-02-03,2025-04-01,2025-02-03,101,98,5,2,1,0.3779181475095592,-0.22641196826185273,APP,0.3779181475095592,-0.22641196826185273,,,,,,
2025-02,2025-02-03,2025-05-01,2025-02-03,101,98,5,3,1,0.3779181475095592,-0.23519596002852017,APP,0.3779181475095592,-0.23519596002852017,,,,,,
2025-02,2025-02-03,2025-03-03,2025-02-03,101,98,5,1,2,0.3232946775290302,-0.17698436587190453,APP,0.3779181475095592,-0.07689362389390075,MSTR,0.2686712075485012,-0.2770751078499083,,,
2025-02,2025-02-03,2025-04-01,2025-02-03,101,98,5,2,2,0.3232946775290302,-0.17236932470187916,APP,0.3779181475095592,-0.22641196826185273,MSTR,0.2686712075485012,-0.11832668114190559,,,
2025-02,2025-02-03,2025-05-01,2025-02-03,101,98,5,3,2,0.3232946775290302,-0.06788463458550037,APP,0.3779181475095592,-0.23519596002852017,MSTR,0.2686712075485012,0.09942669085751943,,,
2025-02,2025-02-03,2025-03-03,2025-02-03,101,98,5,1,3,0.2938473907911817,-0.119263360000056,APP,0.3779181475095592,-0.07689362389390075,MSTR,0.2686712075485012,-0.2770751078499083,PLTR,0.2349528173154848,-0.0038213482563589363
2025-02,2025-02-03,2025-04-01,2025-02-03,101,98,5,2,3,0.2938473907911817,-0.11117113301363246,APP,0.3779181475095592,-0.22641196826185273,MSTR,0.2686712075485012,-0.11832668114190559,PLTR,0.2349528173154848,0.011225250362860928
2025-02,2025-02-03,2025-05-01,2025-02-03,101,98,5,3,3,0.2938473907911817,0.08395303444055653,APP,0.3779181475095592,-0.23519596002852017,MSTR,0.2686712075485012,0.09942669085751943,PLTR,0.2349528173154848,0.38762837249267035
2025-03,2025-03-03,2025-04-01,2025-03-03,101,98,5,1,1,0.26604561138797356,-0.16197303825227471,APP,0.26604561138797356,-0.16197303825227471,,,,,,
2025-03,2025-03-03,2025-05-01,2025-03-03,101,98,5,2,1,0.26604561138797356,-0.17148872571152574,APP,0.26604561138797356,-0.17148872571152574,,,,,,
2025-03,2025-03-03,2025-06-02,2025-03-03,101,98,5,3,1,0.26604561138797356,0.19140928447613836,APP,0.26604561138797356,0.19140928447613836,,,,,,
2025-03,2025-03-03,2025-04-01,2025-03-03,101,98,5,1,2,0.23061528073568116,-0.07343436038790135,APP,0.26604561138797356,-0.16197303825227471,PLTR,0.19518495008338874,0.015104317476472007,,,
2025-03,2025-03-03,2025-05-01,2025-03-03,101,98,5,2,2,0.23061528073568116,0.11073129944831445,APP,0.26604561138797356,-0.17148872571152574,PLTR,0.19518495008338874,0.39295132460815463,,,
2025-03,2025-03-03,2025-06-02,2025-03-03,101,98,5,3,2,0.23061528073568116,0.3871215457647299,APP,0.26604561138797356,0.19140928447613836,PLTR,0.19518495008338874,0.5828338070533214,,,
2025-03,2025-03-03,2025-04-01,2025-03-03,101,98,5,1,3,0.20282651618326067,0.024241048713729268,APP,0.26604561138797356,-0.16197303825227471,PLTR,0.19518495008338874,0.015104317476472007,MSTR,0.14724898707841977,0.2195918669169905
2025-03,2025-03-03,2025-05-01,2025-03-03,101,98,5,2,3,0.20282651618326067,0.2474220258825284,APP,0.26604561138797356,-0.17148872571152574,PLTR,0.19518495008338874,0.39295132460815463,MSTR,0.14724898707841977,0.5208034787509563
2025-03,2025-03-03,2025-06-02,2025-03-03,101,98,5,3,3,0.20282651618326067,0.41928777865034506,APP,0.26604561138797356,0.19140928447613836,PLTR,0.19518495008338874,0.5828338070533214,MSTR,0.14724898707841977,0.48362024442157536
2025-04,2025-04-01,2025-05-01,2025-04-01,101,98,5,1,1,0.1833180432800329,-0.011354870300838371,APP,0.1833180432800329,-0.011354870300838371,,,,,,
2025-04,2025-04-01,2025-06-02,2025-04-01,101,98,5,2,1,0.1833180432800329,0.4216837152726276,APP,0.1833180432800329,0.4216837152726276,,,,,,
2025-04,2025-04-01,2025-07-01,2025-04-01,101,98,5,3,1,0.1833180432800329,0.190979794492673,APP,0.1833180432800329,0.190979794492673,,,,,,
2025-04,2025-04-01,2025-05-01,2025-04-01,101,98,5,1,2,0.17578661515021446,0.18043496759800093,APP,0.1833180432800329,-0.011354870300838371,PLTR,0.16825518702039602,0.3722248054968402,,,
2025-04,2025-04-01,2025-06-02,2025-04-01,101,98,5,2,2,0.17578661515021446,0.49048281660110915,APP,0.1833180432800329,0.4216837152726276,PLTR,0.16825518702039602,0.5592819179295907,,,
2025-04,2025-04-01,2025-07-01,2025-04-01,101,98,5,3,2,0.17578661515021446,0.36710062117658826,APP,0.1833180432800329,0.190979794492673,PLTR,0.16825518702039602,0.5432214478605035,,,
2025-04,2025-04-01,2025-05-01,2025-04-01,101,98,5,1,3,0.15345025520471403,0.20261577388394966,APP,0.1833180432800329,-0.011354870300838371,PLTR,0.16825518702039602,0.3722248054968402,MSTR,0.10877753531371318,0.2469773864558471
2025-04,2025-04-01,2025-06-02,2025-04-01,101,98,5,2,3,0.15345025520471403,0.3991515864442013,APP,0.1833180432800329,0.4216837152726276,PLTR,0.16825518702039602,0.5592819179295907,MSTR,0.10877753531371318,0.21648912613038562
2025-04,2025-04-01,2025-07-01,2025-04-01,101,98,5,3,3,0.15345025520471403,0.3180187192336168,APP,0.1833180432800329,0.190979794492673,PLTR,0.16825518702039602,0.5432214478605035,MSTR,0.10877753531371318,0.21985491534767387
2025-05,2025-05-01,2025-06-02,2025-05-01,101,98,5,1,1,0.1259539539902485,0.13631666741734993,PLTR,0.1259539539902485,0.13631666741734993,,,,,,
2025-05,2025-05-01,2025-07-01,2025-05-01,101,98,5,2,1,0.1259539539902485,0.12461270316546336,PLTR,0.1259539539902485,0.12461270316546336,,,,,,
2025-05,2025-05-01,2025-08-01,2025-05-01,101,98,5,3,1,0.1259539539902485,0.32762485648924655,PLTR,0.1259539539902485,0.32762485648924655,,,,,,
2025-05,2025-05-01,2025-06-02,2025-05-01,101,98,5,1,2,0.08989032818467982,0.19834629157433759,PLTR,0.1259539539902485,0.13631666741734993,AVGO,0.053826702379111135,0.26037591573132524,,,
2025-05,2025-05-01,2025-07-01,2025-05-01,101,98,5,2,2,0.08989032818467982,0.23469043925233934,PLTR,0.1259539539902485,0.12461270316546336,AVGO,0.053826702379111135,0.34476817533921533,,,
2025-05,2025-05-01,2025-08-01,2025-05-01,101,98,5,3,2,0.08989032818467982,0.3968975383138489,PLTR,0.1259539539902485,0.32762485648924655,AVGO,0.053826702379111135,0.4661702201384512,,,
2025-05,2025-05-01,2025-06-02,2025-05-01,101,98,5,1,3,0.0773095206859604,0.1573778359532679,PLTR,0.1259539539902485,0.13631666741734993,AVGO,0.053826702379111135,0.26037591573132524,NFLX,0.05214790568852157,0.07544092471112851
2025-05,2025-05-01,2025-07-01,2025-05-01,101,98,5,2,3,0.0773095206859604,0.2035516743772241,PLTR,0.1259539539902485,0.12461270316546336,AVGO,0.053826702379111135,0.34476817533921533,NFLX,0.05214790568852157,0.14127414462699361
2025-05,2025-05-01,2025-08-01,2025-05-01,101,98,5,3,3,0.0773095206859604,0.2719886455930152,PLTR,0.1259539539902485,0.32762485648924655,AVGO,0.053826702379111135,0.4661702201384512,NFLX,0.05214790568852157,0.02217086015134795
2025-06,2025-06-02,2025-07-01,2025-06-02,101,98,5,1,1,0.12670726146781403,-0.010299914264645715,PLTR,0.12670726146781403,-0.010299914264645715,,,,,,
2025-06,2025-06-02,2025-08-01,2025-06-02,101,98,5,2,1,0.12670726146781403,0.16835816507620782,PLTR,0.12670726146781403,0.16835816507620782,,,,,,
2025-06,2025-06-02,2025-09-02,2025-06-02,101,98,5,3,1,0.12670726146781403,0.18971527056559334,PLTR,0.12670726146781403,0.18971527056559334,,,,,,
2025-06,2025-06-02,2025-07-01,2025-06-02,101,98,5,1,2,0.11639489389445434,0.018964946683904638,PLTR,0.12670726146781403,-0.010299914264645715,ZS,0.10608252632109468,0.04822980763245499,,,
2025-06,2025-06-02,2025-08-01,2025-06-02,101,98,5,2,2,0.11639489389445434,0.062161884938289946,PLTR,0.12670726146781403,0.16835816507620782,ZS,0.10608252632109468,-0.04403439519962793,,,
2025-06,2025-06-02,2025-09-02,2025-06-02,101,98,5,3,2,0.11639489389445434,0.06311947814984609,PLTR,0.12670726146781403,0.18971527056559334,ZS,0.10608252632109468,-0.06347631426590117,,,
2025-06,2025-06-02,2025-07-01,2025-06-02,101,98,5,1,3,0.10556556952471773,0.0008134448857945268,PLTR,0.12670726146781403,-0.010299914264645715,ZS,0.10608252632109468,0.04822980763245499,MELI,0.08390692078524446,-0.035489558710425695
2025-06,2025-06-02,2025-08-01,2025-06-02,101,98,5,2,3,0.10556556952471773,0.013483534520819703,PLTR,0.12670726146781403,0.16835816507620782,ZS,0.10608252632109468,-0.04403439519962793,MELI,0.08390692078524446,-0.08387316631412078
2025-06,2025-06-02,2025-09-02,2025-06-02,101,98,5,3,3,0.10556556952471773,0.014615494267274967,PLTR,0.12670726146781403,0.18971527056559334,ZS,0.10608252632109468,-0.06347631426590117,MELI,0.08390692078524446,-0.08239247349786727
2025-07,2025-07-01,2025-08-01,2025-07-01,101,98,5,1,1,0.1019049055739315,0.1805173930121562,PLTR,0.1019049055739315,0.1805173930121562,,,,,,
2025-07,2025-07-01,2025-09-02,2025-07-01,101,98,5,2,1,0.1019049055739315,0.2020967641743976,PLTR,0.1019049055739315,0.2020967641743976,,,,,,
2025-07,2025-07-01,2025-10-01,2025-07-01,101,98,5,3,1,0.1019049055739315,0.41528931216812603,PLTR,0.1019049055739315,0.41528931216812603,,,,,,
2025-07,2025-07-01,2025-08-01,2025-07-01,101,98,5,1,2,0.09872091559869643,0.0462491662674408,PLTR,0.1019049055739315,0.1805173930121562,ZS,0.09553692562346136,-0.08801906047727459,,,
2025-07,2025-07-01,2025-09-02,2025-07-01,101,98,5,2,2,0.09872091559869643,0.047765160657607386,PLTR,0.1019049055739315,0.2020967641743976,ZS,0.09553692562346136,-0.10656644285918282,,,
2025-07,2025-07-01,2025-10-01,2025-07-01,101,98,5,3,2,0.09872091559869643,0.20310539980652031,PLTR,0.1019049055739315,0.41528931216812603,ZS,0.09553692562346136,-0.009078512555085405,,,
2025-07,2025-07-01,2025-08-01,2025-07-01,101,98,5,1,3,0.09327077337599836,0.006093193175856178,PLTR,0.1019049055739315,0.1805173930121562,ZS,0.09553692562346136,-0.08801906047727459,MCHP,0.0823704889306022,-0.07421875300731307
2025-07,2025-07-01,2025-09-02,2025-07-01,101,98,5,2,3,0.09327077337599836,-0.0036810259696360426,PLTR,0.1019049055739315,0.2020967641743976,ZS,0.09553692562346136,-0.10656644285918282,MCHP,0.0823704889306022,-0.1065733992241229
2025-07,2025-07-01,2025-10-01,2025-07-01,101,98,5,3,3,0.09327077337599836,0.10226724015566531,PLTR,0.1019049055739315,0.41528931216812603,ZS,0.09553692562346136,-0.009078512555085405,MCHP,0.0823704889306022,-0.09940907914604469
2025-08,2025-08-01,2025-09-02,2025-08-01,101,99,5,1,1,0.13877265382763454,0.018279587653664775,PLTR,0.13877265382763454,0.018279587653664775,,,,,,
2025-08,2025-08-01,2025-10-01,2025-08-01,101,99,5,2,1,0.13877265382763454,0.19887205435994137,PLTR,0.13877265382763454,0.19887205435994137,,,,,,
2025-08,2025-08-01,2025-11-03,2025-08-01,101,99,5,3,1,0.13877265382763454,0.34297003265699266,PLTR,0.13877265382763454,0.34297003265699266,,,,,,
2025-08,2025-08-01,2025-09-02,2025-08-01,101,99,5,1,2,0.13154383746065024,-0.018175260892856926,PLTR,0.13877265382763454,0.018279587653664775,AMD,0.12431502109366595,-0.05463010943937863,,,
2025-08,2025-08-01,2025-10-01,2025-08-01,101,99,5,2,2,0.13154383746065024,0.07704230971320697,PLTR,0.13877265382763454,0.19887205435994137,AMD,0.12431502109366595,-0.04478743493352744,,,
2025-08,2025-08-01,2025-11-03,2025-08-01,101,99,5,3,2,0.13154383746065024,0.4276003294078382,PLTR,0.13877265382763454,0.34297003265699266,AMD,0.12431502109366595,0.5122306261586838,,,
2025-08,2025-08-01,2025-09-02,2025-08-01,101,99,5,1,3,0.12040847677184761,-0.0010303683022071148,PLTR,0.13877265382763454,0.018279587653664775,AMD,0.12431502109366595,-0.05463010943937863,AVGO,0.09813775539424234,0.03325941687909251
2025-08,2025-08-01,2025-10-01,2025-08-01,101,99,5,2,3,0.12040847677184761,0.10370035024363278,PLTR,0.13877265382763454,0.19887205435994137,AMD,0.12431502109366595,-0.04478743493352744,AVGO,0.09813775539424234,0.1570164313044844
2025-08,2025-08-01,2025-11-03,2025-08-01,101,99,5,3,3,0.12040847677184761,0.371138494717481,PLTR,0.13877265382763454,0.34297003265699266,AMD,0.12431502109366595,0.5122306261586838,AVGO,0.09813775539424234,0.25821482533676665
2025-09,2025-09-02,2025-10-01,2025-09-02,101,99,5,1,1,0.13940770786307308,0.17735057139110544,PLTR,0.13940770786307308,0.17735057139110544,,,,,,
2025-09,2025-09-02,2025-11-03,2025-09-02,101,99,5,2,1,0.13940770786307308,0.3188617830899316,PLTR,0.13940770786307308,0.3188617830899316,,,,,,
2025-09,2025-09-02,2025-12-01,2025-09-02,101,99,5,3,1,0.13940770786307308,0.06620414665300323,PLTR,0.13940770786307308,0.06620414665300323,,,,,,
2025-09,2025-09-02,2025-10-01,2025-09-02,101,99,5,1,2,0.13580757113293263,0.31946847980636284,PLTR,0.13940770786307308,0.17735057139110544,APP,0.13220743440279215,0.46158638822162024,,,
2025-09,2025-09-02,2025-11-03,2025-09-02,101,99,5,2,2,0.13580757113293263,0.3155453127268113,PLTR,0.13940770786307308,0.3188617830899316,APP,0.13220743440279215,0.312228842363691,,,
2025-09,2025-09-02,2025-12-01,2025-09-02,101,99,5,3,2,0.13580757113293263,0.18034224171323587,PLTR,0.13940770786307308,0.06620414665300323,APP,0.13220743440279215,0.2944803367734685,,,
2025-09,2025-09-02,2025-10-01,2025-09-02,101,99,5,1,3,0.13199368265501843,0.2529034599736828,PLTR,0.13940770786307308,0.17735057139110544,APP,0.13220743440279215,0.46158638822162024,AVGO,0.12436590569919001,0.11977342030832272
2025-09,2025-09-02,2025-11-03,2025-09-02,101,99,5,2,3,0.13199368265501843,0.2829349937955845,PLTR,0.13940770786307308,0.3188617830899316,APP,0.13220743440279215,0.312228842363691,AVGO,0.12436590569919001,0.21771435593313093
2025-09,2025-09-02,2025-12-01,2025-09-02,101,99,5,3,3,0.13199368265501843,0.2191433832453975,PLTR,0.13940770786307308,0.06620414665300323,APP,0.13220743440279215,0.2944803367734685,AVGO,0.12436590569919001,0.29674566630972077
2025-10,2025-10-01,2025-11-03,2025-10-01,101,99,5,1,1,0.22679568610728387,-0.10218865409636135,APP,0.22679568610728387,-0.10218865409636135,,,,,,
2025-10,2025-10-01,2025-12-01,2025-10-01,101,99,5,2,1,0.22679568610728387,-0.11433197024465813,APP,0.22679568610728387,-0.11433197024465813,,,,,,
2025-10,2025-10-01,2026-01-02,2025-10-01,101,99,5,3,1,0.22679568610728387,-0.1218168362848524,APP,0.22679568610728387,-0.1218168362848524,,,,,,
2025-10,2025-10-01,2025-11-03,2025-10-01,101,99,5,1,2,0.21631729934232757,0.0935584710299267,APP,0.22679568610728387,-0.10218865409636135,MU,0.20583891257737125,0.28930559615621476,,,
2025-10,2025-10-01,2025-12-01,2025-10-01,101,99,5,2,2,0.21631729934232757,0.10330784107298885,APP,0.22679568610728387,-0.11433197024465813,MU,0.20583891257737125,0.32094765239063583,,,
2025-10,2025-10-01,2026-01-02,2025-10-01,101,99,5,3,2,0.21631729934232757,0.3058088655666278,APP,0.22679568610728387,-0.1218168362848524,MU,0.20583891257737125,0.733434567418108,,,
2025-10,2025-10-01,2025-11-03,2025-10-01,101,99,5,1,3,0.21252911278934797,0.11301831705350614,APP,0.22679568610728387,-0.10218865409636135,MU,0.20583891257737125,0.28930559615621476,WBD,0.20495273968338884,0.15193800910066502
2025-10,2025-10-01,2025-12-01,2025-10-01,101,99,5,2,3,0.21252911278934797,0.14673581082136367,APP,0.22679568610728387,-0.11433197024465813,MU,0.20583891257737125,0.32094765239063583,WBD,0.20495273968338884,0.2335917503181133
2025-10,2025-10-01,2026-01-02,2025-10-01,101,99,5,3,3,0.21252911278934797,0.36166757561168933,APP,0.22679568610728387,-0.1218168362848524,MU,0.20583891257737125,0.733434567418108,WBD,0.20495273968338884,0.47338499570181236
2025-11,2025-11-03,2025-12-01,2025-11-03,102,100,5,1,1,0.21121192870821598,0.024541936627557437,MU,0.21121192870821598,0.024541936627557437,,,,,,
2025-11,2025-11-03,2026-01-02,2025-11-03,102,100,5,2,1,0.21121192870821598,0.34447145237402776,MU,0.21121192870821598,0.34447145237402776,,,,,,
2025-11,2025-11-03,2026-02-02,2025-11-03,102,100,5,3,1,0.21121192870821598,0.8661134983384711,MU,0.21121192870821598,0.8661134983384711,,,,,,
2025-11,2025-11-03,2025-12-01,2025-11-03,102,100,5,1,2,0.20465217735986166,0.04771286734495861,MU,0.21121192870821598,0.024541936627557437,WBD,0.19809242601150734,0.07088379806235978,,,
2025-11,2025-11-03,2026-01-02,2025-11-03,102,100,5,2,2,0.20465217735986166,0.3117601554799173,MU,0.21121192870821598,0.34447145237402776,WBD,0.19809242601150734,0.27904885858580686,,,
2025-11,2025-11-03,2026-02-02,2025-11-03,102,100,5,3,2,0.20465217735986166,0.550373916675341,MU,0.21121192870821598,0.8661134983384711,WBD,0.19809242601150734,0.23463433501221087,,,
2025-11,2025-11-03,2025-12-01,2025-11-03,102,100,5,1,3,0.20228690002782265,-0.01940138431875449,MU,0.21121192870821598,0.024541936627557437,WBD,0.19809242601150734,0.07088379806235978,AMD,0.1975563453637446,-0.15362988764618069
2025-11,2025-11-03,2026-01-02,2025-11-03,102,100,5,2,3,0.20228690002782265,0.16139297158285823,MU,0.21121192870821598,0.34447145237402776,WBD,0.19809242601150734,0.27904885858580686,AMD,0.1975563453637446,-0.13934139621125996
2025-11,2025-11-03,2026-02-02,2025-11-03,102,100,5,3,3,0.20228690002782265,0.34973898837019274,MU,0.21121192870821598,0.8661134983384711,WBD,0.19809242601150734,0.23463433501221087,AMD,0.1975563453637446,-0.05153086824010367
2025-12,2025-12-01,2026-01-02,2025-12-01,101,99,5,1,1,0.19346919401631327,0.19438622649824167,WBD,0.19346919401631327,0.19438622649824167,,,,,,
2025-12,2025-12-01,2026-02-02,2025-12-01,101,99,5,2,1,0.19346919401631327,0.15291158316722941,WBD,0.19346919401631327,0.15291158316722941,,,,,,
2025-12,2025-12-01,2026-03-02,2025-12-01,101,99,5,3,1,0.19346919401631327,0.1939672810214823,WBD,0.19346919401631327,0.1939672810214823,,,,,,
2025-12,2025-12-01,2026-01-02,2025-12-01,101,99,5,1,2,0.18166378361083713,0.25332606608830344,WBD,0.19346919401631327,0.19438622649824167,MU,0.16985837320536099,0.3122659056783652,,,
2025-12,2025-12-01,2026-02-02,2025-12-01,101,99,5,2,2,0.18166378361083713,0.487162045580928,WBD,0.19346919401631327,0.15291158316722941,MU,0.16985837320536099,0.8214125079946266,,,
2025-12,2025-12-01,2026-03-02,2025-12-01,101,99,5,3,2,0.18166378361083713,0.45541486626921357,WBD,0.19346919401631327,0.1939672810214823,MU,0.16985837320536099,0.7168624515169448,,,
2025-12,2025-12-01,2026-01-02,2025-12-01,101,99,5,1,3,0.17061100855270336,0.16606701187196635,WBD,0.19346919401631327,0.19438622649824167,MU,0.16985837320536099,0.3122659056783652,APP,0.14850545843643587,-0.00845109656070786
2025-12,2025-12-01,2026-02-02,2025-12-01,101,99,5,2,3,0.17061100855270336,0.2496238122306803,WBD,0.19346919401631327,0.15291158316722941,MU,0.16985837320536099,0.8214125079946266,APP,0.14850545843643587,-0.2254526544698151
2025-12,2025-12-01,2026-03-02,2025-12-01,101,99,5,3,3,0.17061100855270336,0.201721379567392,WBD,0.19346919401631327,0.1939672810214823,MU,0.16985837320536099,0.7168624515169448,APP,0.14850545843643587,-0.30566559383625114
2026-01,2026-01-02,2026-02-02,2026-01-02,101,99,5,1,1,0.2586351191566544,0.38799042184446786,MU,0.2586351191566544,0.38799042184446786,,,,,,
2026-01,2026-01-02,2026-03-02,2026-01-02,101,99,5,2,1,0.2586351191566544,0.30831902595947347,MU,0.2586351191566544,0.30831902595947347,,,,,,
2026-01,2026-01-02,2026-04-01,2026-01-02,101,99,5,3,1,0.2586351191566544,0.1667125696592029,MU,0.2586351191566544,0.1667125696592029,,,,,,
2026-01,2026-01-02,2026-02-02,2026-01-02,101,99,5,1,2,0.235299518568672,0.41384070663177264,MU,0.2586351191566544,0.38799042184446786,WDC,0.21196391798068964,0.4396909914190774,,,
2026-01,2026-01-02,2026-03-02,2026-01-02,101,99,5,2,2,0.235299518568672,0.37360535286040786,MU,0.2586351191566544,0.30831902595947347,WDC,0.21196391798068964,0.43889167976134225,,,
2026-01,2026-01-02,2026-04-01,2026-01-02,101,99,5,3,2,0.235299518568672,0.37683659699897076,MU,0.2586351191566544,0.1667125696592029,WDC,0.21196391798068964,0.5869606243387386,,,
2026-01,2026-01-02,2026-02-02,2026-01-02,101,99,5,1,3,0.22255403523944292,0.2643189211852373,MU,0.2586351191566544,0.38799042184446786,WDC,0.21196391798068964,0.4396909914190774,WBD,0.19706306858098466,-0.03472464970783329
2026-01,2026-01-02,2026-03-02,2026-01-02,101,99,5,2,3,0.22255403523944292,0.24895331452471528,MU,0.2586351191566544,0.30831902595947347,WDC,0.21196391798068964,0.43889167976134225,WBD,0.19706306858098466,-0.0003507621466698474
2026-01,2026-01-02,2026-04-01,2026-01-02,101,99,5,3,3,0.22255403523944292,0.23929875261669975,MU,0.2586351191566544,0.1667125696592029,WDC,0.21196391798068964,0.5869606243387386,WBD,0.19706306858098466,-0.035776936147842275
2026-02,2026-02-02,2026-03-02,2026-02-02,101,99,5,1,1,0.3102987820307971,-0.057400537230740345,MU,0.3102987820307971,-0.057400537230740345,,,,,,
2026-02,2026-02-02,2026-04-01,2026-02-02,101,99,5,2,1,0.3102987820307971,-0.1594231838366823,MU,0.3102987820307971,-0.1594231838366823,,,,,,
2026-02,2026-02-02,2026-05-01,2026-02-02,101,99,5,3,1,0.3102987820307971,0.2390082552862225,MU,0.3102987820307971,0.2390082552862225,,,,,,
2026-02,2026-02-02,2026-03-02,2026-02-02,101,99,5,1,2,0.29809848288334434,-0.028977866955048337,MU,0.3102987820307971,-0.057400537230740345,WDC,0.2858981837358916,-0.000555196679356329,,,
2026-02,2026-02-02,2026-04-01,2026-02-02,101,99,5,2,2,0.29809848288334434,-0.02856532726939026,MU,0.3102987820307971,-0.1594231838366823,WDC,0.2858981837358916,0.10229252929790178,,,
2026-02,2026-02-02,2026-05-01,2026-02-02,101,99,5,3,2,0.29809848288334434,0.4183171757034049,MU,0.3102987820307971,0.2390082552862225,WDC,0.2858981837358916,0.5976260961205873,,,
2026-02,2026-02-02,2026-03-02,2026-02-02,101,99,5,1,3,0.27441585882374564,-0.06045498142247826,MU,0.3102987820307971,-0.057400537230740345,WDC,0.2858981837358916,-0.000555196679356329,STX,0.22705061070454824,-0.1234092103573381
2026-02,2026-02-02,2026-04-01,2026-02-02,101,99,5,2,3,0.27441585882374564,-0.026043544535469126,MU,0.3102987820307971,-0.1594231838366823,WDC,0.2858981837358916,0.10229252929790178,STX,0.22705061070454824,-0.02099997906762685
2026-02,2026-02-02,2026-05-01,2026-02-02,101,99,5,3,3,0.27441585882374564,0.5061930348836344,MU,0.3102987820307971,0.2390082552862225,WDC,0.2858981837358916,0.5976260961205873,STX,0.22705061070454824,0.6819447532440934
2026-03,2026-03-02,2026-04-01,2026-03-02,101,99,5,1,1,0.191340664615173,-0.10823541773110079,MU,0.191340664615173,-0.10823541773110079,,,,,,
2026-03,2026-03-02,2026-05-01,2026-03-02,101,99,5,2,1,0.191340664615173,0.31445890245486097,MU,0.191340664615173,0.31445890245486097,,,,,,
2026-03,2026-03-02,2026-06-01,2026-03-02,101,99,5,3,1,0.191340664615173,1.5103229355775212,MU,0.191340664615173,1.5103229355775212,,,,,,
2026-03,2026-03-02,2026-04-01,2026-03-02,101,99,5,1,2,0.17894724642366722,-0.002665279659081088,MU,0.191340664615173,-0.10823541773110079,WDC,0.16655382823216142,0.10290485841293862,,,
2026-03,2026-03-02,2026-05-01,2026-03-02,101,99,5,2,2,0.17894724642366722,0.45648624400502724,MU,0.191340664615173,0.31445890245486097,WDC,0.16655382823216142,0.5985135855551935,,,
2026-03,2026-03-02,2026-06-01,2026-03-02,101,99,5,3,2,0.17894724642366722,1.2668274141048659,MU,0.191340664615173,1.5103229355775212,WDC,0.16655382823216142,1.0233318926322106,,,
2026-03,2026-03-02,2026-04-01,2026-03-02,101,99,5,1,3,0.15776889978884115,-0.01823843556479236,MU,0.191340664615173,-0.10823541773110079,WDC,0.16655382823216142,0.10290485841293862,AMAT,0.11541220651918901,-0.0493847473762149
2026-03,2026-03-02,2026-05-01,2026-03-02,101,99,5,2,3,0.15776889978884115,0.31946018565682915,MU,0.191340664615173,0.31445890245486097,WDC,0.16655382823216142,0.5985135855551935,AMAT,0.11541220651918901,0.045408068960433035
2026-03,2026-03-02,2026-06-01,2026-03-02,101,99,5,3,3,0.15776889978884115,0.9220764562465531,MU,0.191340664615173,1.5103229355775212,WDC,0.16655382823216142,1.0233318926322106,AMAT,0.11541220651918901,0.23257454052992732
2026-04,2026-04-01,2026-05-01,2026-04-01,101,99,5,1,1,0.14512543229959513,0.4493667095232743,WDC,0.14512543229959513,0.4493667095232743,,,,,,
2026-04,2026-04-01,2026-06-01,2026-04-01,101,99,5,2,1,0.14512543229959513,0.8345479913324083,WDC,0.14512543229959513,0.8345479913324083,,,,,,
2026-04,2026-04-01,2026-07-01,2026-04-01,101,99,5,3,1,0.14512543229959513,1.0102978930794646,WDC,0.14512543229959513,1.0102978930794646,,,,,,
2026-04,2026-04-01,2026-05-01,2026-04-01,101,99,5,1,2,0.13092443091850264,0.5836949570506007,WDC,0.14512543229959513,0.4493667095232743,STX,0.11672342953741013,0.7180232045779271,,,
2026-04,2026-04-01,2026-06-01,2026-04-01,101,99,5,2,2,0.13092443091850264,1.0059249605010547,WDC,0.14512543229959513,0.8345479913324083,STX,0.11672342953741013,1.1773019296697012,,,
2026-04,2026-04-01,2026-07-01,2026-04-01,101,99,5,3,2,0.13092443091850264,1.0873981378756497,WDC,0.14512543229959513,1.0102978930794646,STX,0.11672342953741013,1.1644983826718347,,,
2026-04,2026-04-01,2026-05-01,2026-04-01,101,99,5,1,3,0.12456044122490506,0.5471291894680704,WDC,0.14512543229959513,0.4493667095232743,STX,0.11672342953741013,0.7180232045779271,MU,0.11183246183770987,0.4739976543030098
2026-04,2026-04-01,2026-06-01,2026-04-01,101,99,5,2,3,0.12456044122490506,1.2756187472019558,WDC,0.14512543229959513,0.8345479913324083,STX,0.11672342953741013,1.1773019296697012,MU,0.11183246183770987,1.8150063206037577
2026-04,2026-04-01,2026-07-01,2026-04-01,101,99,5,3,3,0.12456044122490506,1.3270163630382952,WDC,0.14512543229959513,1.0102978930794646,STX,0.11672342953741013,1.1644983826718347,MU,0.11183246183770987,1.806252813363586
2026-05,2026-05-01,2026-06-01,2026-05-01,101,99,5,1,1,0.4979280875689506,0.48393433337062963,SNDK,0.4979280875689506,0.48393433337062963,,,,,,
2026-05,2026-05-01,2026-07-01,2026-05-01,101,99,5,2,1,0.4979280875689506,0.7120640022772746,SNDK,0.4979280875689506,0.7120640022772746,,,,,,
2026-05,2026-05-01,2026-08-03,2026-05-01,101,99,5,3,1,0.4979280875689506,0.08511375677917021,SNDK,0.4979280875689506,0.08511375677917021,,,,,,
2026-05,2026-05-01,2026-06-01,2026-05-01,101,99,5,1,2,0.37752669206190664,0.2907023544827563,SNDK,0.4979280875689506,0.48393433337062963,INTC,0.2571252965548627,0.09747037559488292,,,
2026-05,2026-05-01,2026-07-01,2026-05-01,101,99,5,2,2,0.37752669206190664,0.49355455253921154,SNDK,0.4979280875689506,0.7120640022772746,INTC,0.2571252965548627,0.27504510280114847,,,
2026-05,2026-05-01,2026-08-03,2026-05-01,101,99,5,3,2,0.37752669206190664,-0.0007075389408882082,SNDK,0.4979280875689506,0.08511375677917021,INTC,0.2571252965548627,-0.08652883466094663,,,
2026-05,2026-05-01,2026-06-01,2026-05-01,101,99,5,1,3,0.3373181916657774,0.28291148851772513,SNDK,0.4979280875689506,0.48393433337062963,INTC,0.2571252965548627,0.09747037559488292,STX,0.256901190873519,0.2673297565876629
2026-05,2026-05-01,2026-07-01,2026-05-01,101,99,5,2,3,0.3373181916657774,0.4156621246170555,SNDK,0.4979280875689506,0.7120640022772746,INTC,0.2571252965548627,0.27504510280114847,STX,0.256901190873519,0.2598772687727433
2026-05,2026-05-01,2026-08-03,2026-05-01,101,99,5,3,3,0.3373181916657774,0.04754878926188536,SNDK,0.4979280875689506,0.08511375677917021,INTC,0.2571252965548627,-0.08652883466094663,STX,0.256901190873519,0.1440614456674325
2026-06,2026-06-01,2026-07-01,2026-06-01,101,99,5,1,1,0.5327936594509215,0.15373299463222745,SNDK,0.5327936594509215,0.15373299463222745,,,,,,
2026-06,2026-06-01,2026-08-03,2026-06-01,101,99,5,2,1,0.5327936594509215,-0.2687589117812058,SNDK,0.5327936594509215,-0.2687589117812058,,,,,,
2026-06,2026-06-01,2026-09-01,2026-06-01,101,99,5,3,1,0.5327936594509215,-0.12748735501625652,SNDK,0.5327936594509215,-0.12748735501625652,,,,,,
2026-06,2026-06-01,2026-07-01,2026-06-01,101,99,5,1,2,0.43037867817005143,-0.0104271358222211,SNDK,0.5327936594509215,0.15373299463222745,ARM,0.32796369688918137,-0.17458726627666965,,,
2026-06,2026-06-01,2026-08-03,2026-06-01,101,99,5,2,2,0.43037867817005143,-0.3420228532370777,SNDK,0.5327936594509215,-0.2687589117812058,ARM,0.32796369688918137,-0.4152867946929496,,,
2026-06,2026-06-01,2026-09-01,2026-06-01,101,99,5,3,2,0.43037867817005143,-0.2765723386079091,SNDK,0.5327936594509215,-0.12748735501625652,ARM,0.32796369688918137,-0.42565732219956165,,,
2026-06,2026-06-01,2026-07-01,2026-06-01,101,99,5,1,3,0.3939943710183316,-0.007987952902878495,SNDK,0.5327936594509215,0.15373299463222745,ARM,0.32796369688918137,-0.17458726627666965,MU,0.32122575671489206,-0.0031095870641932866
2026-06,2026-06-01,2026-08-03,2026-06-01,101,99,5,2,3,0.3939943710183316,-0.29428675248819736,SNDK,0.5327936594509215,-0.2687589117812058,ARM,0.32796369688918137,-0.4152867946929496,MU,0.32122575671489206,-0.19881455099043666
2026-06,2026-06-01,2026-09-01,2026-06-01,101,99,5,3,3,0.3939943710183316,-0.2171890545593792,SNDK,0.5327936594509215,-0.12748735501625652,ARM,0.32796369688918137,-0.42565732219956165,MU,0.32122575671489206,-0.09842248646231944
2026-07,2026-07-01,2026-08-03,2026-07-01,101,100,5,1,1,0.3066433896698175,-0.29161111596923817,ARM,0.3066433896698175,-0.29161111596923817,,,,,,
2026-07,2026-07-01,2026-09-01,2026-07-01,101,100,5,2,1,0.3066433896698175,-0.30417516675608736,ARM,0.3066433896698175,-0.30417516675608736,,,,,,
2026-07,2026-07-01,2026-08-03,2026-07-01,101,100,5,1,2,0.3037548167538122,-0.2732367436272051,ARM,0.3066433896698175,-0.29161111596923817,ALAB,0.30086624383780686,-0.2548623712851721,,,
2026-07,2026-07-01,2026-09-01,2026-07-01,101,100,5,2,2,0.3037548167538122,-0.3272604780787255,ARM,0.3066433896698175,-0.30417516675608736,ALAB,0.30086624383780686,-0.3503457894013636,,,
2026-07,2026-07-01,2026-08-03,2026-07-01,101,100,5,1,3,0.30012279602200315,-0.27800072547503113,ARM,0.3066433896698175,-0.29161111596923817,ALAB,0.30086624383780686,-0.2548623712851721,MRVL,0.2928587545583849,-0.2875286891706831
2026-07,2026-07-01,2026-09-01,2026-07-01,101,100,5,2,3,0.30012279602200315,-0.2936598742378032,ARM,0.3066433896698175,-0.30417516675608736,ALAB,0.30086624383780686,-0.3503457894013636,MRVL,0.2928587545583849,-0.2264586665559587
2026-08,2026-08-03,2026-09-01,2026-08-03,101,100,5,1,1,0.2917331803376781,-0.12814198939446397,ALAB,0.2917331803376781,-0.12814198939446397,,,,,,
2026-08,2026-08-03,2026-09-01,2026-08-03,101,100,5,1,2,0.2673109235230088,-0.15500668302977982,ALAB,0.2917331803376781,-0.12814198939446397,DDOG,0.2428886667083395,-0.18187137666509567,,,
2026-08,2026-08-03,2026-09-01,2026-08-03,101,100,5,1,3,0.25479372996437594,-0.07476586740984,ALAB,0.2917331803376781,-0.12814198939446397,DDOG,0.2428886667083395,-0.18187137666509567,MRVL,0.22975934284711022,0.08571576383003965
