decision_month,decision_date,sell_date,universe_asof_date,raw_universe_size,available_universe_size,momentum_window,holding_months,top_n,avg_momentum,holding_return,stock_1,mom_1,stock_1_return,stock_2,mom_2,stock_2_return,stock_3,mom_3,stock_3_return
2016-01,2016-01-04,2016-02-01,2016-01-04,104,73,6,1,1,0.0839993407404095,-0.09484087584304002,NVDA,0.0839993407404095,-0.09484087584304002,,,,,,
2016-01,2016-01-04,2016-03-01,2016-01-04,104,73,6,2,1,0.0839993407404095,0.015425360380830755,NVDA,0.0839993407404095,0.015425360380830755,,,,,,
2016-01,2016-01-04,2016-04-01,2016-01-04,104,73,6,3,1,0.0839993407404095,0.120843591609604,NVDA,0.0839993407404095,0.120843591609604,,,,,,
2016-01,2016-01-04,2016-02-01,2016-01-04,104,73,6,1,2,0.07745259828016168,-0.09622812871132502,NVDA,0.0839993407404095,-0.09484087584304002,AMZN,0.07090585581991386,-0.09761538157961003,,,
2016-01,2016-01-04,2016-03-01,2016-01-04,104,73,6,2,2,0.07745259828016168,-0.0377747047313291,NVDA,0.0839993407404095,0.015425360380830755,AMZN,0.07090585581991386,-0.09097476984348896,,,
2016-01,2016-01-04,2016-04-01,2016-01-04,104,73,6,3,2,0.07745259828016168,0.03020936893120979,NVDA,0.0839993407404095,0.120843591609604,AMZN,0.07090585581991386,-0.060424853747184426,,,
2016-01,2016-01-04,2016-02-01,2016-01-04,104,73,6,1,3,0.07328591393755755,-0.059586813919154435,NVDA,0.0839993407404095,-0.09484087584304002,AMZN,0.07090585581991386,-0.09761538157961003,GOOG,0.06495254525234928,0.013695815665186739
2016-01,2016-01-04,2016-03-01,2016-01-04,104,73,6,2,3,0.07328591393755755,-0.03553129604494898,NVDA,0.0839993407404095,0.015425360380830755,AMZN,0.07090585581991386,-0.09097476984348896,GOOG,0.06495254525234928,-0.031044478672188736
2016-01,2016-01-04,2016-04-01,2016-01-04,104,73,6,3,3,0.07328591393755755,0.023765745322855285,NVDA,0.0839993407404095,0.120843591609604,AMZN,0.07090585581991386,-0.060424853747184426,GOOG,0.06495254525234928,0.010878498106146273
2016-02,2016-02-01,2016-03-01,2016-02-01,105,74,6,1,1,0.069091192591984,0.1218197257046596,NVDA,0.069091192591984,0.1218197257046596,,,,,,
2016-02,2016-02-01,2016-04-01,2016-02-01,105,74,6,2,1,0.069091192591984,0.23828348154091294,NVDA,0.069091192591984,0.23828348154091294,,,,,,
2016-02,2016-02-01,2016-05-02,2016-02-01,105,74,6,3,1,0.069091192591984,0.23314535499684608,NVDA,0.069091192591984,0.23314535499684608,,,,,,
2016-02,2016-02-01,2016-03-01,2016-02-01,105,74,6,1,2,0.060766322700882065,0.07896652285695782,NVDA,0.069091192591984,0.1218197257046596,KLAC,0.05244145280978013,0.036113320009256045,,,
2016-02,2016-02-01,2016-04-01,2016-02-01,105,74,6,2,2,0.060766322700882065,0.16776501359639895,NVDA,0.069091192591984,0.23828348154091294,KLAC,0.05244145280978013,0.09724654565188495,,,
2016-02,2016-02-01,2016-05-02,2016-02-01,105,74,6,3,2,0.060766322700882065,0.14281536687830665,NVDA,0.069091192591984,0.23314535499684608,KLAC,0.05244145280978013,0.05248537875976722,,,
2016-02,2016-02-01,2016-03-01,2016-02-01,105,74,6,1,3,0.057253089891022346,0.05208840601851968,NVDA,0.069091192591984,0.1218197257046596,KLAC,0.05244145280978013,0.036113320009256045,TCOM,0.0502266242713029,-0.001667827658356602
2016-02,2016-02-01,2016-04-01,2016-02-01,105,74,6,2,3,0.057253089891022346,0.13463741328138598,NVDA,0.069091192591984,0.23828348154091294,KLAC,0.05244145280978013,0.09724654565188495,TCOM,0.0502266242713029,0.06838221265136002
2016-02,2016-02-01,2016-05-02,2016-02-01,105,74,6,3,3,0.057253089891022346,0.11562165668784179,NVDA,0.069091192591984,0.23314535499684608,KLAC,0.05244145280978013,0.05248537875976722,TCOM,0.0502266242713029,0.06123423630691205
2016-03,2016-03-01,2016-04-01,2016-03-01,105,74,6,1,1,0.07821732845492808,0.10381681937630205,NVDA,0.07821732845492808,0.10381681937630205,,,,,,
2016-03,2016-03-01,2016-05-02,2016-03-01,105,74,6,2,1,0.07821732845492808,0.09923664804722376,NVDA,0.07821732845492808,0.09923664804722376,,,,,,
2016-03,2016-03-01,2016-06-01,2016-03-01,105,74,6,3,1,0.07821732845492808,0.43302432738187724,NVDA,0.07821732845492808,0.43302432738187724,,,,,,
2016-03,2016-03-01,2016-04-01,2016-03-01,105,74,6,1,2,0.07656025774404226,0.08274194607623175,NVDA,0.07821732845492808,0.10381681937630205,MAT,0.07490318703315645,0.06166707277616146,,,
2016-03,2016-03-01,2016-05-02,2016-03-01,105,74,6,2,2,0.07656025774404226,0.035053763683875916,NVDA,0.07821732845492808,0.09923664804722376,MAT,0.07490318703315645,-0.02912912067947193,,,
2016-03,2016-03-01,2016-06-01,2016-03-01,105,74,6,3,2,0.07656025774404226,0.21582723275220295,NVDA,0.07821732845492808,0.43302432738187724,MAT,0.07490318703315645,-0.0013698618774713456,,,
2016-03,2016-03-01,2016-04-01,2016-03-01,105,74,6,1,3,0.07323361206354496,0.07855031967901205,NVDA,0.07821732845492808,0.10381681937630205,MAT,0.07490318703315645,0.06166707277616146,TCOM,0.06658032070255039,0.07016706688457264
2016-03,2016-03-01,2016-05-02,2016-03-01,105,74,6,2,3,0.07323361206354496,0.044371558799616295,NVDA,0.07821732845492808,0.09923664804722376,MAT,0.07490318703315645,-0.02912912067947193,TCOM,0.06658032070255039,0.06300714903109705
2016-03,2016-03-01,2016-06-01,2016-03-01,105,74,6,3,3,0.07323361206354496,0.16313699863719142,NVDA,0.07821732845492808,0.43302432738187724,MAT,0.07490318703315645,-0.0013698618774713456,TCOM,0.06658032070255039,0.05775653040716833
2016-04,2016-04-01,2016-05-02,2016-04-01,105,75,6,1,1,0.10541440753603337,-0.08552228451261057,MAT,0.10541440753603337,-0.08552228451261057,,,,,,
2016-04,2016-04-01,2016-06-01,2016-04-01,105,75,6,2,1,0.10541440753603337,-0.05937542594101275,MAT,0.10541440753603337,-0.05937542594101275,,,,,,
2016-04,2016-04-01,2016-07-01,2016-04-01,105,75,6,3,1,0.10541440753603337,-0.06764994986666784,MAT,0.10541440753603337,-0.06764994986666784,,,,,,
2016-04,2016-04-01,2016-05-02,2016-04-01,105,75,6,1,2,0.09407306562645845,-0.04610637594692857,MAT,0.10541440753603337,-0.08552228451261057,TCOM,0.08273172371688355,-0.006690467381246568,,,
2016-04,2016-04-01,2016-06-01,2016-04-01,105,75,6,2,2,0.09407306562645845,-0.03548612373338533,MAT,0.10541440753603337,-0.05937542594101275,TCOM,0.08273172371688355,-0.011596821525757917,,,
2016-04,2016-04-01,2016-07-01,2016-04-01,105,75,6,3,2,0.09407306562645845,-0.07519430364170776,MAT,0.10541440753603337,-0.06764994986666784,TCOM,0.08273172371688355,-0.08273865741674769,,,
2016-04,2016-04-01,2016-05-02,2016-04-01,105,75,6,1,3,0.08783000596650599,-0.0321207154313257,MAT,0.10541440753603337,-0.08552228451261057,TCOM,0.08273172371688355,-0.006690467381246568,NVDA,0.07534388664660108,-0.004149394400119966
2016-04,2016-04-01,2016-06-01,2016-04-01,105,75,6,2,3,0.08783000596650599,0.07575748171831805,MAT,0.10541440753603337,-0.05937542594101275,TCOM,0.08273172371688355,-0.011596821525757917,NVDA,0.07534388664660108,0.2982446926217248
2016-04,2016-04-01,2016-07-01,2016-04-01,105,75,6,3,3,0.08783000596650599,0.047898719940999035,MAT,0.10541440753603337,-0.06764994986666784,TCOM,0.08273172371688355,-0.08273865741674769,NVDA,0.07534388664660108,0.2940847671064126
2016-05,2016-05-02,2016-06-01,2016-05-02,107,77,6,1,1,0.04804423339561217,0.028592122179447843,MAT,0.04804423339561217,0.028592122179447843,,,,,,
2016-05,2016-05-02,2016-07-01,2016-05-02,107,77,6,2,1,0.04804423339561217,0.01954376180333428,MAT,0.04804423339561217,0.01954376180333428,,,,,,
2016-05,2016-05-02,2016-08-01,2016-05-02,107,77,6,3,1,0.04804423339561217,0.05735267917491771,MAT,0.04804423339561217,0.05735267917491771,,,,,,
2016-05,2016-05-02,2016-06-01,2016-05-02,107,77,6,1,2,0.04572973638256136,0.16612309484429444,MAT,0.04804423339561217,0.028592122179447843,NVDA,0.04341523936951055,0.30365406750914103,,,
2016-05,2016-05-02,2016-07-01,2016-05-02,107,77,6,2,2,0.04572973638256136,0.15951028535184197,MAT,0.04804423339561217,0.01954376180333428,NVDA,0.04341523936951055,0.29947680890034967,,,
2016-05,2016-05-02,2016-08-01,2016-05-02,107,77,6,3,2,0.04572973638256136,0.31863904239349305,MAT,0.04804423339561217,0.05735267917491771,NVDA,0.04341523936951055,0.5799254056120684,,,
2016-05,2016-05-02,2016-06-01,2016-05-02,107,77,6,1,3,0.04347493127259941,0.11302757413404867,MAT,0.04804423339561217,0.028592122179447843,NVDA,0.04341523936951055,0.30365406750914103,ISRG,0.03896532105267551,0.0068365327135571086
2016-05,2016-05-02,2016-07-01,2016-05-02,107,77,6,2,3,0.04347493127259941,0.1236815588608533,MAT,0.04804423339561217,0.01954376180333428,NVDA,0.04341523936951055,0.29947680890034967,ISRG,0.03896532105267551,0.05202410587887596
2016-05,2016-05-02,2016-08-01,2016-05-02,107,77,6,3,3,0.04347493127259941,0.24427202725003908,MAT,0.04804423339561217,0.05735267917491771,NVDA,0.04341523936951055,0.5799254056120684,ISRG,0.03896532105267551,0.09553799696313114
2016-06,2016-06-01,2016-07-01,2016-06-01,107,77,6,1,1,0.06978286889140145,-0.0032042692251731397,NVDA,0.06978286889140145,-0.0032042692251731397,,,,,,
2016-06,2016-06-01,2016-08-01,2016-06-01,107,77,6,2,1,0.06978286889140145,0.21192074261755045,NVDA,0.06978286889140145,0.21192074261755045,,,,,,
2016-06,2016-06-01,2016-09-01,2016-06-01,107,77,6,3,1,0.06978286889140145,0.35155682806986066,NVDA,0.06978286889140145,0.35155682806986066,,,,,,
2016-06,2016-06-01,2016-07-01,2016-06-01,107,77,6,1,2,0.06685775585822964,0.013312545622033156,NVDA,0.06978286889140145,-0.0032042692251731397,ULTA,0.06393264282505784,0.029829360469239452,,,
2016-06,2016-06-01,2016-08-01,2016-06-01,107,77,6,2,2,0.06685775585822964,0.156429391478899,NVDA,0.06978286889140145,0.21192074261755045,ULTA,0.06393264282505784,0.10093804034024756,,,
2016-06,2016-06-01,2016-09-01,2016-06-01,107,77,6,3,2,0.06685775585822964,0.19445344333660275,NVDA,0.06978286889140145,0.35155682806986066,ULTA,0.06393264282505784,0.03735005860334484,,,
2016-06,2016-06-01,2016-07-01,2016-06-01,107,77,6,1,3,0.06159512356316716,0.005942750397824104,NVDA,0.06978286889140145,-0.0032042692251731397,ULTA,0.06393264282505784,0.029829360469239452,MAT,0.05106985897304219,-0.008796840050594001
2016-06,2016-06-01,2016-08-01,2016-06-01,107,77,6,2,3,0.06159512356316716,0.11360662434970219,NVDA,0.06978286889140145,0.21192074261755045,ULTA,0.06393264282505784,0.10093804034024756,MAT,0.05106985897304219,0.027961090091308538
2016-06,2016-06-01,2016-09-01,2016-06-01,107,77,6,3,3,0.06159512356316716,0.14756254344353223,NVDA,0.06978286889140145,0.35155682806986066,ULTA,0.06393264282505784,0.03735005860334484,MAT,0.05106985897304219,0.05378074365739116
2016-07,2016-07-01,2016-08-01,2016-07-01,104,76,6,1,1,0.07118267885362826,0.2158165461598669,NVDA,0.07118267885362826,0.2158165461598669,,,,,,
2016-07,2016-07-01,2016-09-01,2016-07-01,104,76,6,2,1,0.07118267885362826,0.3559015015235587,NVDA,0.07118267885362826,0.3559015015235587,,,,,,
2016-07,2016-07-01,2016-10-03,2016-07-01,104,76,6,3,1,0.07118267885362826,0.4696985789371879,NVDA,0.07118267885362826,0.4696985789371879,,,,,,
2016-07,2016-07-01,2016-08-01,2016-07-01,104,76,6,1,2,0.06201313094704482,0.14243276937056526,NVDA,0.07118267885362826,0.2158165461598669,ULTA,0.05284358304046136,0.06904899258126362,,,
2016-07,2016-07-01,2016-09-01,2016-07-01,104,76,6,2,2,0.06201313094704482,0.18160218002899242,NVDA,0.07118267885362826,0.3559015015235587,ULTA,0.05284358304046136,0.007302858534426138,,,
2016-07,2016-07-01,2016-10-03,2016-07-01,104,76,6,3,2,0.06201313094704482,0.22225390247575028,NVDA,0.07118267885362826,0.4696985789371879,ULTA,0.05284358304046136,-0.025190773985687365,,,
2016-07,2016-07-01,2016-08-01,2016-07-01,104,76,6,1,3,0.057928929390923374,0.1281629691469782,NVDA,0.07118267885362826,0.2158165461598669,ULTA,0.05284358304046136,0.06904899258126362,AMAT,0.049760526278680495,0.09962336869980404
2016-07,2016-07-01,2016-09-01,2016-07-01,104,76,6,2,3,0.057928929390923374,0.2118211850416701,NVDA,0.07118267885362826,0.3559015015235587,ULTA,0.05284358304046136,0.007302858534426138,AMAT,0.049760526278680495,0.27225919506702545
2016-07,2016-07-01,2016-10-03,2016-07-01,104,76,6,3,3,0.057928929390923374,0.23374204485475855,NVDA,0.07118267885362826,0.4696985789371879,ULTA,0.05284358304046136,-0.025190773985687365,AMAT,0.049760526278680495,0.2567183296127751
2016-08,2016-08-01,2016-09-01,2016-08-01,104,77,6,1,1,0.12295891585411274,0.1152188262334044,NVDA,0.12295891585411274,0.1152188262334044,,,,,,
2016-08,2016-08-01,2016-10-03,2016-08-01,104,77,6,2,1,0.12295891585411274,0.20881606980855993,NVDA,0.12295891585411274,0.20881606980855993,,,,,,
2016-08,2016-08-01,2016-11-01,2016-08-01,104,77,6,3,1,0.12295891585411274,0.21941207322594458,NVDA,0.12295891585411274,0.21941207322594458,,,,,,
2016-08,2016-08-01,2016-09-01,2016-08-01,104,77,6,1,2,0.09836131036684478,0.13610712027772154,NVDA,0.12295891585411274,0.1152188262334044,AMAT,0.07376370487957683,0.15699541432203867,,,
2016-08,2016-08-01,2016-10-03,2016-08-01,104,77,6,2,2,0.09836131036684478,0.17583929281703248,NVDA,0.12295891585411274,0.20881606980855993,AMAT,0.07376370487957683,0.14286251582550502,,,
2016-08,2016-08-01,2016-11-01,2016-08-01,104,77,6,3,2,0.09836131036684478,0.1616566945138418,NVDA,0.12295891585411274,0.21941207322594458,AMAT,0.07376370487957683,0.103901315801739,,,
2016-08,2016-08-01,2016-09-01,2016-08-01,104,77,6,1,3,0.08740369269545613,0.07148541279094063,NVDA,0.12295891585411274,0.1152188262334044,AMAT,0.07376370487957683,0.15699541432203867,ULTA,0.06548845735267882,-0.05775800218262117
2016-08,2016-08-01,2016-10-03,2016-08-01,104,77,6,2,3,0.08740369269545613,0.08784189595069303,NVDA,0.12295891585411274,0.20881606980855993,AMAT,0.07376370487957683,0.14286251582550502,ULTA,0.06548845735267882,-0.08815289778198587
2016-08,2016-08-01,2016-11-01,2016-08-01,104,77,6,3,3,0.08740369269545613,0.08168726983617673,NVDA,0.12295891585411274,0.21941207322594458,AMAT,0.07376370487957683,0.103901315801739,ULTA,0.06548845735267882,-0.0782515795191534
2016-09,2016-09-01,2016-10-03,2016-09-01,104,77,6,1,1,0.12185876594223688,0.08392724492580128,NVDA,0.12185876594223688,0.08392724492580128,,,,,,
2016-09,2016-09-01,2016-11-01,2016-09-01,104,77,6,2,1,0.12185876594223688,0.09342852231471688,NVDA,0.12185876594223688,0.09342852231471688,,,,,,
2016-09,2016-09-01,2016-12-01,2016-09-01,104,77,6,3,1,0.12185876594223688,0.3898847048970755,NVDA,0.12185876594223688,0.3898847048970755,,,,,,
2016-09,2016-09-01,2016-10-03,2016-09-01,104,77,6,1,2,0.10227871321586926,0.03585603624363509,NVDA,0.12185876594223688,0.08392724492580128,AMAT,0.08269866048950164,-0.012215172438531097,,,
2016-09,2016-09-01,2016-11-01,2016-09-01,104,77,6,2,2,0.10227871321586926,0.023769443112677202,NVDA,0.12185876594223688,0.09342852231471688,AMAT,0.08269866048950164,-0.04588963608936247,,,
2016-09,2016-09-01,2016-12-01,2016-09-01,104,77,6,3,2,0.10227871321586926,0.19339590948803215,NVDA,0.12185876594223688,0.3898847048970755,AMAT,0.08269866048950164,-0.0030928859210112014,,,
2016-09,2016-09-01,2016-10-03,2016-09-01,104,77,6,1,3,0.09565230711453891,0.06859860252182519,NVDA,0.12185876594223688,0.08392724492580128,AMAT,0.08269866048950164,-0.012215172438531097,NTES,0.08239949491187819,0.13408373507820537
2016-09,2016-09-01,2016-11-01,2016-09-01,104,77,6,2,3,0.09565230711453891,0.06697878699802469,NVDA,0.12185876594223688,0.09342852231471688,AMAT,0.08269866048950164,-0.04588963608936247,NTES,0.08239949491187819,0.15339747476871968
2016-09,2016-09-01,2016-12-01,2016-09-01,104,77,6,3,3,0.09565230711453891,0.13300327631193742,NVDA,0.12185876594223688,0.3898847048970755,AMAT,0.08269866048950164,-0.0030928859210112014,NTES,0.08239949491187819,0.012218009959747977
2016-10,2016-10-03,2016-11-01,2016-10-03,104,77,6,1,1,0.11854383686715342,0.00876560436449414,NVDA,0.11854383686715342,0.00876560436449414,,,,,,
2016-10,2016-10-03,2016-12-01,2016-10-03,104,77,6,2,1,0.11854383686715342,0.2822675243228323,NVDA,0.11854383686715342,0.2822675243228323,,,,,,
2016-10,2016-10-03,2017-01-03,2016-10-03,104,77,6,3,1,0.11854383686715342,0.4925163792053304,NVDA,0.11854383686715342,0.4925163792053304,,,,,,
2016-10,2016-10-03,2016-11-01,2016-10-03,104,77,6,1,2,0.10869203303794742,0.012897931662162687,NVDA,0.11854383686715342,0.00876560436449414,NTES,0.0988402292087414,0.017030258959831235,,,
2016-10,2016-10-03,2016-12-01,2016-10-03,104,77,6,2,2,0.10869203303794742,0.08740504648150493,NVDA,0.11854383686715342,0.2822675243228323,NTES,0.0988402292087414,-0.10745743135982244,,,
2016-10,2016-10-03,2017-01-03,2016-10-03,104,77,6,3,2,0.10869203303794742,0.19322613193565719,NVDA,0.11854383686715342,0.4925163792053304,NTES,0.0988402292087414,-0.10606411533401605,,,
2016-10,2016-10-03,2016-11-01,2016-10-03,104,77,6,1,3,0.10178244103361149,-0.005501863738785103,NVDA,0.11854383686715342,0.00876560436449414,NTES,0.0988402292087414,0.017030258959831235,MU,0.08796325702493964,-0.04230145454068068
2016-10,2016-10-03,2016-12-01,2016-10-03,104,77,6,2,3,0.10178244103361149,0.07237033196731842,NVDA,0.11854383686715342,0.2822675243228323,NTES,0.0988402292087414,-0.10745743135982244,MU,0.08796325702493964,0.042300902938945395
2016-10,2016-10-03,2017-01-03,2016-10-03,104,77,6,3,3,0.10178244103361149,0.21943595180649877,NVDA,0.11854383686715342,0.4925163792053304,NTES,0.0988402292087414,-0.10606411533401605,MU,0.08796325702493964,0.27185559154818195
2016-11,2016-11-01,2016-12-01,2016-11-01,104,77,6,1,1,0.12069633666125577,0.27112534247303155,NVDA,0.12069633666125577,0.27112534247303155,,,,,,
2016-11,2016-11-01,2017-01-03,2016-11-01,104,77,6,2,1,0.12069633666125577,0.47954725334394355,NVDA,0.12069633666125577,0.47954725334394355,,,,,,
2016-11,2016-11-01,2017-02-01,2016-11-01,104,77,6,3,1,0.12069633666125577,0.6527244467248026,NVDA,0.12069633666125577,0.6527244467248026,,,,,,
2016-11,2016-11-01,2016-12-01,2016-11-01,104,77,6,1,2,0.1133083774868939,0.0743611046051682,NVDA,0.12069633666125577,0.27112534247303155,NTES,0.10592041831253203,-0.12240313326269514,,,
2016-11,2016-11-01,2017-01-03,2016-11-01,104,77,6,2,2,0.1133083774868939,0.1792570524553196,NVDA,0.12069633666125577,0.47954725334394355,NTES,0.10592041831253203,-0.12103314843330437,,,
2016-11,2016-11-01,2017-02-01,2016-11-01,104,77,6,3,2,0.1133083774868939,0.33768271860369514,NVDA,0.12069633666125577,0.6527244467248026,NTES,0.10592041831253203,0.02264099048258772,,,
2016-11,2016-11-01,2016-12-01,2016-11-01,104,77,6,1,3,0.11056940481444394,0.0930824698813754,NVDA,0.12069633666125577,0.27112534247303155,NTES,0.10592041831253203,-0.12240313326269514,STX,0.10509145946954401,0.1305252004337898
2016-11,2016-11-01,2017-01-03,2016-11-01,104,77,6,2,3,0.11056940481444394,0.1843601141471315,NVDA,0.12069633666125577,0.47954725334394355,NTES,0.10592041831253203,-0.12103314843330437,STX,0.10509145946954401,0.1945662375307553
2016-11,2016-11-01,2017-02-01,2016-11-01,104,77,6,3,3,0.11056940481444394,0.3418363475272539,NVDA,0.12069633666125577,0.6527244467248026,NTES,0.10592041831253203,0.02264099048258772,STX,0.10509145946954401,0.3501436053743714
2016-12,2016-12-01,2017-01-03,2016-12-01,104,77,6,1,1,0.11527488248857086,0.1639664507556884,NVDA,0.11527488248857086,0.1639664507556884,,,,,,
2016-12,2016-12-01,2017-02-01,2016-12-01,104,77,6,2,1,0.11527488248857086,0.30020572440901283,NVDA,0.11527488248857086,0.30020572440901283,,,,,,
2016-12,2016-12-01,2017-03-01,2016-12-01,104,77,6,3,1,0.11527488248857086,0.1743467862481316,NVDA,0.11527488248857086,0.1743467862481316,,,,,,
2016-12,2016-12-01,2017-01-03,2016-12-01,104,77,6,1,2,0.10772203280525725,0.11030680324784325,NVDA,0.11527488248857086,0.1639664507556884,STX,0.10016918312194363,0.05664715573999812,,,
2016-12,2016-12-01,2017-02-01,2016-12-01,104,77,6,2,2,0.10772203280525725,0.24723400304785625,NVDA,0.11527488248857086,0.30020572440901283,STX,0.10016918312194363,0.19426228168669968,,,
2016-12,2016-12-01,2017-03-01,2016-12-01,104,77,6,3,2,0.10772203280525725,0.24697786696892976,NVDA,0.11527488248857086,0.1743467862481316,STX,0.10016918312194363,0.3196089476897279,,,
2016-12,2016-12-01,2017-01-03,2016-12-01,104,77,6,1,3,0.09454998582309064,0.0747607028744283,NVDA,0.11527488248857086,0.1639664507556884,STX,0.10016918312194363,0.05664715573999812,NTAP,0.06820589185875742,0.0036685021275983942
2016-12,2016-12-01,2017-02-01,2016-12-01,104,77,6,2,3,0.09454998582309064,0.19129325458395505,NVDA,0.11527488248857086,0.30020572440901283,STX,0.10016918312194363,0.19426228168669968,NTAP,0.06820589185875742,0.0794117576561526
2016-12,2016-12-01,2017-03-01,2016-12-01,104,77,6,3,3,0.09454998582309064,0.23802471601585581,NVDA,0.11527488248857086,0.1743467862481316,STX,0.10016918312194363,0.3196089476897279,NTAP,0.06820589185875742,0.2201184141097079
2017-01,2017-01-03,2017-02-01,2017-01-03,104,79,6,1,1,0.14313666915204779,0.11704742311505045,NVDA,0.14313666915204779,0.11704742311505045,,,,,,
2017-01,2017-01-03,2017-03-01,2017-01-03,104,79,6,2,1,0.14313666915204779,0.008918071036930542,NVDA,0.14313666915204779,0.008918071036930542,,,,,,
2017-01,2017-01-03,2017-04-03,2017-01-03,104,79,6,3,1,0.14313666915204779,0.06378565884758736,NVDA,0.14313666915204779,0.06378565884758736,,,,,,
2017-01,2017-01-03,2017-02-01,2017-01-03,104,79,6,1,2,0.1252116431620423,0.10730419936240321,NVDA,0.14313666915204779,0.11704742311505045,MU,0.10728661717203686,0.09756097560975596,,,
2017-01,2017-01-03,2017-03-01,2017-01-03,104,79,6,2,2,0.1252116431620423,0.0488049571791761,NVDA,0.14313666915204779,0.008918071036930542,MU,0.10728661717203686,0.08869184332142166,,,
2017-01,2017-01-03,2017-04-03,2017-01-03,104,79,6,3,2,0.1252116431620423,0.1669259973763615,NVDA,0.14313666915204779,0.06378565884758736,MU,0.10728661717203686,0.2700663359051356,,,
2017-01,2017-01-03,2017-02-01,2017-01-03,104,79,6,1,3,0.11754854069314064,0.1149486461580446,NVDA,0.14313666915204779,0.11704742311505045,MU,0.10728661717203686,0.09756097560975596,STX,0.10222233575533728,0.1302375397493274
2017-01,2017-01-03,2017-03-01,2017-01-03,104,79,6,2,3,0.11754854069314064,0.1154914165180388,NVDA,0.14313666915204779,0.008918071036930542,MU,0.10728661717203686,0.08869184332142166,STX,0.10222233575533728,0.24886433519576423
2017-01,2017-01-03,2017-04-03,2017-01-03,104,79,6,3,3,0.11754854069314064,0.1642638454089702,NVDA,0.14313666915204779,0.06378565884758736,MU,0.10728661717203686,0.2700663359051356,STX,0.10222233575533728,0.15893954147418765
2017-02,2017-02-01,2017-03-01,2017-02-01,104,79,6,1,1,0.12667514864457838,-0.09679924937885387,NVDA,0.12667514864457838,-0.09679924937885387,,,,,,
2017-02,2017-02-01,2017-04-03,2017-02-01,104,79,6,2,1,0.12667514864457838,-0.047680844309129444,NVDA,0.12667514864457838,-0.047680844309129444,,,,,,
2017-02,2017-02-01,2017-05-01,2017-02-01,104,79,6,3,1,0.12667514864457838,-0.06296994722216354,NVDA,0.12667514864457838,-0.06296994722216354,,,,,,
2017-02,2017-02-01,2017-03-01,2017-02-01,104,79,6,1,2,0.11804432209912853,-0.05244000717633479,NVDA,0.12667514864457838,-0.09679924937885387,MU,0.10941349555367869,-0.008080764973815713,,,
2017-02,2017-02-01,2017-04-03,2017-02-01,104,79,6,2,2,0.11804432209912853,0.054745353091108284,NVDA,0.12667514864457838,-0.047680844309129444,MU,0.10941349555367869,0.157171550491346,,,
2017-02,2017-02-01,2017-05-01,2017-02-01,104,79,6,3,2,0.11804432209912853,0.040030191554617345,NVDA,0.12667514864457838,-0.06296994722216354,MU,0.10941349555367869,0.14303033033139823,,,
2017-02,2017-02-01,2017-03-01,2017-02-01,104,79,6,1,3,0.11264162044662024,-0.038497104634547884,NVDA,0.12667514864457838,-0.09679924937885387,MU,0.10941349555367869,-0.008080764973815713,WDC,0.10183621714160367,-0.010611299550974063
2017-02,2017-02-01,2017-04-03,2017-02-01,104,79,6,2,3,0.11264162044662024,0.051205484490436826,NVDA,0.12667514864457838,-0.047680844309129444,MU,0.10941349555367869,0.157171550491346,WDC,0.10183621714160367,0.04412574728909391
2017-02,2017-02-01,2017-05-01,2017-02-01,104,79,6,3,3,0.11264162044662024,0.06495405020346523,NVDA,0.12667514864457838,-0.06296994722216354,MU,0.10941349555367869,0.14303033033139823,WDC,0.10183621714160367,0.114801767501161
2017-03,2017-03-01,2017-04-03,2017-03-01,104,79,6,1,1,0.105113097982189,-0.05303808901754514,CSX,0.105113097982189,-0.05303808901754514,,,,,,
2017-03,2017-03-01,2017-05-01,2017-03-01,104,79,6,2,1,0.105113097982189,0.04694150930265706,CSX,0.105113097982189,0.04694150930265706,,,,,,
2017-03,2017-03-01,2017-06-01,2017-03-01,104,79,6,3,1,0.105113097982189,0.11346711116377661,CSX,0.105113097982189,0.11346711116377661,,,,,,
2017-03,2017-03-01,2017-04-03,2017-03-01,104,79,6,1,2,0.10213819059083148,0.0011430092498896927,CSX,0.105113097982189,-0.05303808901754514,WDC,0.09916328319947397,0.05532410751732453,,,
2017-03,2017-03-01,2017-05-01,2017-03-01,104,79,6,2,2,0.10213819059083148,0.08684982245108075,CSX,0.105113097982189,0.04694150930265706,WDC,0.09916328319947397,0.12675813559950444,,,
2017-03,2017-03-01,2017-06-01,2017-03-01,104,79,6,3,2,0.10213819059083148,0.14510171188126242,CSX,0.105113097982189,0.11346711116377661,WDC,0.09916328319947397,0.17673631259874822,,,
2017-03,2017-03-01,2017-04-03,2017-03-01,104,79,6,1,3,0.09853839463028831,0.018889539473721444,CSX,0.105113097982189,-0.05303808901754514,WDC,0.09916328319947397,0.05532410751732453,NVDA,0.09133880270920199,0.054382599921384944
2017-03,2017-03-01,2017-05-01,2017-03-01,104,79,6,2,3,0.09853839463028831,0.07038485138687471,CSX,0.105113097982189,0.04694150930265706,WDC,0.09916328319947397,0.12675813559950444,NVDA,0.09133880270920199,0.03745490925846262
2017-03,2017-03-01,2017-06-01,2017-03-01,104,79,6,3,3,0.09853839463028831,0.2320329576415734,CSX,0.105113097982189,0.11346711116377661,WDC,0.09916328319947397,0.17673631259874822,NVDA,0.09133880270920199,0.40589544916219533
2017-04,2017-04-03,2017-05-01,2017-04-03,104,79,6,1,1,0.0870591593683666,-0.01222050451719392,MU,0.0870591593683666,-0.01222050451719392,,,,,,
2017-04,2017-04-03,2017-06-01,2017-04-03,104,79,6,2,1,0.0870591593683666,0.07402244022718873,MU,0.0870591593683666,0.07402244022718873,,,,,,
2017-04,2017-04-03,2017-07-03,2017-04-03,104,79,6,3,1,0.0870591593683666,0.017458214829443097,MU,0.0870591593683666,0.017458214829443097,,,,,,
2017-04,2017-04-03,2017-05-01,2017-04-03,104,79,6,1,2,0.08673692728841627,-0.01413755215153173,MU,0.0870591593683666,-0.01222050451719392,NVDA,0.08641469520846594,-0.01605459978586954,,,
2017-04,2017-04-03,2017-06-01,2017-04-03,104,79,6,2,2,0.08673692728841627,0.2037025375096797,MU,0.0870591593683666,0.07402244022718873,NVDA,0.08641469520846594,0.3333826347921707,,,
2017-04,2017-04-03,2017-07-03,2017-04-03,104,79,6,3,2,0.08673692728841627,0.1521905848971744,MU,0.0870591593683666,0.017458214829443097,NVDA,0.08641469520846594,0.2869229549649057,,,
2017-04,2017-04-03,2017-05-01,2017-04-03,104,79,6,1,3,0.0854799930752288,0.025768073198845998,MU,0.0870591593683666,-0.01222050451719392,NVDA,0.08641469520846594,-0.01605459978586954,CSX,0.08296612464885388,0.10557932389960145
2017-04,2017-04-03,2017-06-01,2017-04-03,104,79,6,2,3,0.0854799930752288,0.19441200403108141,MU,0.0870591593683666,0.07402244022718873,NVDA,0.08641469520846594,0.3333826347921707,CSX,0.08296612464885388,0.17583093707388486
2017-04,2017-04-03,2017-07-03,2017-04-03,104,79,6,3,3,0.0854799930752288,0.15935269683709227,MU,0.0870591593683666,0.017458214829443097,NVDA,0.08641469520846594,0.2869229549649057,CSX,0.08296612464885388,0.17367692071692797
2017-05,2017-05-01,2017-06-01,2017-05-01,104,79,6,1,1,0.10067218077638951,0.06354280661336165,CSX,0.10067218077638951,0.06354280661336165,,,,,,
2017-05,2017-05-01,2017-07-03,2017-05-01,104,79,6,2,1,0.10067218077638951,0.06159449199640643,CSX,0.10067218077638951,0.06159449199640643,,,,,,
2017-05,2017-05-01,2017-08-01,2017-05-01,104,79,6,3,1,0.10067218077638951,-0.05315627725456307,CSX,0.10067218077638951,-0.05315627725456307,,,,,,
2017-05,2017-05-01,2017-06-01,2017-05-01,104,79,6,1,2,0.09812877907521966,0.058937429847913836,CSX,0.10067218077638951,0.06354280661336165,TSLA,0.09558537737404983,0.054332053082466025,,,
2017-05,2017-05-01,2017-07-03,2017-05-01,104,79,6,2,2,0.09812877907521966,0.07693608347086078,CSX,0.10067218077638951,0.06159449199640643,TSLA,0.09558537737404983,0.09227767494531514,,,
2017-05,2017-05-01,2017-08-01,2017-05-01,104,79,6,3,2,0.09812877907521966,-0.031627224363677486,CSX,0.10067218077638951,-0.05315627725456307,TSLA,0.09558537737404983,-0.010098171472791906,,,
2017-05,2017-05-01,2017-06-01,2017-05-01,104,79,6,1,3,0.09611006972979569,0.06839492522089301,CSX,0.10067218077638951,0.06354280661336165,TSLA,0.09558537737404983,0.054332053082466025,MU,0.09207265103894773,0.08730991596685134
2017-05,2017-05-01,2017-07-03,2017-05-01,104,79,6,2,3,0.09611006972979569,0.06130602076272096,CSX,0.10067218077638951,0.06159449199640643,TSLA,0.09558537737404983,0.09227767494531514,MU,0.09207265103894773,0.03004589534644131
2017-05,2017-05-01,2017-08-01,2017-05-01,104,79,6,3,3,0.09611006972979569,-0.020495671549731975,CSX,0.10067218077638951,-0.05315627725456307,TSLA,0.09558537737404983,-0.010098171472791906,MU,0.09207265103894773,0.001767434078159047
2017-06,2017-06-01,2017-07-03,2017-06-01,104,79,6,1,1,0.11242414494993591,0.035990200385078275,TSLA,0.11242414494993591,0.035990200385078275,,,,,,
2017-06,2017-06-01,2017-08-01,2017-06-01,104,79,6,2,1,0.11242414494993591,-0.06110999316286403,TSLA,0.11242414494993591,-0.06110999316286403,,,,,,
2017-06,2017-06-01,2017-09-01,2017-06-01,104,79,6,3,1,0.11242414494993591,0.044157778978100914,TSLA,0.11242414494993591,0.044157778978100914,,,,,,
2017-06,2017-06-01,2017-07-03,2017-06-01,104,79,6,1,2,0.10435219507967511,0.0005733644450556796,TSLA,0.11242414494993591,0.035990200385078275,NVDA,0.0962802452094143,-0.034843471494966916,,,
2017-06,2017-06-01,2017-08-01,2017-06-01,104,79,6,2,2,0.10435219507967511,0.03916668566223558,TSLA,0.11242414494993591,-0.06110999316286403,NVDA,0.0962802452094143,0.1394433644873352,,,
2017-06,2017-06-01,2017-09-01,2017-06-01,104,79,6,3,2,0.10435219507967511,0.11299782054477636,TSLA,0.11242414494993591,0.044157778978100914,NVDA,0.0962802452094143,0.1818378621114518,,,
2017-06,2017-06-01,2017-07-03,2017-06-01,104,79,6,1,3,0.10020182930646776,-0.01717301574729498,TSLA,0.11242414494993591,0.035990200385078275,NVDA,0.0962802452094143,-0.034843471494966916,MU,0.09190109776005306,-0.0526657761319963
2017-06,2017-06-01,2017-08-01,2017-06-01,104,79,6,2,3,0.10020182930646776,-0.00011337782388461577,TSLA,0.11242414494993591,-0.06110999316286403,NVDA,0.0962802452094143,0.1394433644873352,MU,0.09190109776005306,-0.078673504796125
2017-06,2017-06-01,2017-09-01,2017-06-01,104,79,6,3,3,0.10020182930646776,0.09527123862754583,TSLA,0.11242414494993591,0.044157778978100914,NVDA,0.0962802452094143,0.1818378621114518,MU,0.09190109776005306,0.05981807479308476
2017-07,2017-07-03,2017-08-01,2017-07-03,104,80,6,1,1,0.09562388128686772,0.19472823873252687,VRTX,0.09562388128686772,0.19472823873252687,,,,,,
2017-07,2017-07-03,2017-09-01,2017-07-03,104,80,6,2,1,0.09562388128686772,0.26522663104418176,VRTX,0.09562388128686772,0.26522663104418176,,,,,,
2017-07,2017-07-03,2017-10-02,2017-07-03,104,80,6,3,1,0.09562388128686772,0.18716369648014952,VRTX,0.09562388128686772,0.18716369648014952,,,,,,
2017-07,2017-07-03,2017-08-01,2017-07-03,104,80,6,1,2,0.09093658121794096,0.05050064830647438,VRTX,0.09562388128686772,0.19472823873252687,TSLA,0.0862492811490142,-0.0937269421195781,,,
2017-07,2017-07-03,2017-09-01,2017-07-03,104,80,6,2,2,0.09093658121794096,0.13655523436938632,VRTX,0.09562388128686772,0.26522663104418176,TSLA,0.0862492811490142,0.00788383769459089,,,
2017-07,2017-07-03,2017-10-02,2017-07-03,104,80,6,3,2,0.09093658121794096,0.07785672876303296,VRTX,0.09562388128686772,0.18716369648014952,TSLA,0.0862492811490142,-0.03145023895408361,,,
2017-07,2017-07-03,2017-08-01,2017-07-03,104,80,6,1,3,0.0878114582970424,0.08446230334429905,VRTX,0.09562388128686772,0.19472823873252687,TSLA,0.0862492811490142,-0.0937269421195781,MELI,0.08156121245524527,0.15238561341994838
2017-07,2017-07-03,2017-09-01,2017-07-03,104,80,6,2,3,0.0878114582970424,0.09267239089760763,VRTX,0.09562388128686772,0.26522663104418176,TSLA,0.0862492811490142,0.00788383769459089,MELI,0.08156121245524527,0.00490670395405024
2017-07,2017-07-03,2017-10-02,2017-07-03,104,80,6,3,3,0.0878114582970424,0.06934768729244072,VRTX,0.09562388128686772,0.18716369648014952,TSLA,0.0862492811490142,-0.03145023895408361,MELI,0.08156121245524527,0.05232960435125622
2017-08,2017-08-01,2017-09-01,2017-08-01,104,80,6,1,1,0.10281932178193971,0.05900788984986716,VRTX,0.10281932178193971,0.05900788984986716,,,,,,
2017-08,2017-08-01,2017-10-02,2017-08-01,104,80,6,2,1,0.10281932178193971,-0.006331600783457181,VRTX,0.10281932178193971,-0.006331600783457181,,,,,,
2017-08,2017-08-01,2017-11-01,2017-08-01,104,80,6,3,1,0.10281932178193971,-0.0689947276500319,VRTX,0.10281932178193971,-0.0689947276500319,,,,,,
2017-08,2017-08-01,2017-09-01,2017-08-01,104,80,6,1,2,0.09432016939057605,-0.009573972428422395,VRTX,0.10281932178193971,0.05900788984986716,JD,0.0858210169992124,-0.07815583470671195,,,
2017-08,2017-08-01,2017-10-02,2017-08-01,104,80,6,2,2,0.09432016939057605,-0.07396713787543396,VRTX,0.10281932178193971,-0.006331600783457181,JD,0.0858210169992124,-0.14160267496741075,,,
2017-08,2017-08-01,2017-11-01,2017-08-01,104,80,6,3,2,0.09432016939057605,-0.11891015583085346,VRTX,0.10281932178193971,-0.0689947276500319,JD,0.0858210169992124,-0.16882558401167502,,,
2017-08,2017-08-01,2017-09-01,2017-08-01,104,80,6,1,3,0.0890242246969896,-0.04904166443103616,VRTX,0.10281932178193971,0.05900788984986716,JD,0.0858210169992124,-0.07815583470671195,MELI,0.07843233530981669,-0.12797704843626367
2017-08,2017-08-01,2017-10-02,2017-08-01,104,80,6,2,3,0.0890242246969896,-0.07825312899467936,VRTX,0.10281932178193971,-0.006331600783457181,JD,0.0858210169992124,-0.14160267496741075,MELI,0.07843233530981669,-0.08682511123317016
2017-08,2017-08-01,2017-11-01,2017-08-01,104,80,6,3,3,0.0890242246969896,-0.13665120093594263,VRTX,0.10281932178193971,-0.0689947276500319,JD,0.0858210169992124,-0.16882558401167502,MELI,0.07843233530981669,-0.17213329114612097
2017-09,2017-09-01,2017-10-02,2017-09-01,104,80,6,1,1,0.10478832422668949,-0.06169877605216656,VRTX,0.10478832422668949,-0.06169877605216656,,,,,,
2017-09,2017-09-01,2017-11-01,2017-09-01,104,80,6,2,1,0.10478832422668949,-0.12087031525142433,VRTX,0.10478832422668949,-0.12087031525142433,,,,,,
2017-09,2017-09-01,2017-12-01,2017-09-01,104,80,6,3,1,0.10478832422668949,-0.13221160922566066,VRTX,0.10478832422668949,-0.13221160922566066,,,,,,
2017-09,2017-09-01,2017-10-02,2017-09-01,104,80,6,1,2,0.10042820605800065,-0.005799630574155112,VRTX,0.10478832422668949,-0.06169877605216656,NVDA,0.0960680878893118,0.050099514903856335,,,
2017-09,2017-09-01,2017-11-01,2017-09-01,104,80,6,2,2,0.10042820605800065,0.04733204389171275,VRTX,0.10478832422668949,-0.12087031525142433,NVDA,0.0960680878893118,0.21553440303484983,,,
2017-09,2017-09-01,2017-12-01,2017-09-01,104,80,6,3,2,0.10042820605800065,0.01413968402027177,VRTX,0.10478832422668949,-0.13221160922566066,NVDA,0.0960680878893118,0.1604909772662042,,,
2017-09,2017-09-01,2017-10-02,2017-09-01,104,80,6,1,3,0.08866067379614717,0.010885706349200644,VRTX,0.10478832422668949,-0.06169877605216656,NVDA,0.0960680878893118,0.050099514903856335,PYPL,0.06512560927244022,0.04425638019591216
2017-09,2017-09-01,2017-11-01,2017-09-01,104,80,6,2,3,0.08866067379614717,0.09078018558242691,VRTX,0.10478832422668949,-0.12087031525142433,NVDA,0.0960680878893118,0.21553440303484983,PYPL,0.06512560927244022,0.17767646896385525
2017-09,2017-09-01,2017-12-01,2017-09-01,104,80,6,3,3,0.08866067379614717,0.08448883959345332,VRTX,0.10478832422668949,-0.13221160922566066,NVDA,0.0960680878893118,0.1604909772662042,PYPL,0.06512560927244022,0.22518715073981643
2017-10,2017-10-02,2017-11-01,2017-10-02,104,80,6,1,1,0.09535424038639036,0.1575421050890975,NVDA,0.09535424038639036,0.1575421050890975,,,,,,
2017-10,2017-10-02,2017-12-01,2017-10-02,104,80,6,2,1,0.09535424038639036,0.10512476274446692,NVDA,0.09535424038639036,0.10512476274446692,,,,,,
2017-10,2017-10-02,2018-01-02,2017-10-02,104,80,6,3,1,0.09535424038639036,0.1144608665898168,NVDA,0.09535424038639036,0.1144608665898168,,,,,,
2017-10,2017-10-02,2017-11-01,2017-10-02,104,80,6,1,2,0.08353515701730041,0.14265387447325573,NVDA,0.09535424038639036,0.1575421050890975,PYPL,0.07171607364821046,0.12776564385741396,,,
2017-10,2017-10-02,2017-12-01,2017-10-02,104,80,6,2,2,0.08353515701730041,0.1391937747614509,NVDA,0.09535424038639036,0.10512476274446692,PYPL,0.07171607364821046,0.17326278677843487,,,
2017-10,2017-10-02,2018-01-02,2017-10-02,104,80,6,3,2,0.08353515701730041,0.13248748085355233,NVDA,0.09535424038639036,0.1144608665898168,PYPL,0.07171607364821046,0.15051409511728786,,,
2017-10,2017-10-02,2017-11-01,2017-10-02,104,80,6,1,3,0.07851059301557407,0.12552293071980433,NVDA,0.09535424038639036,0.1575421050890975,PYPL,0.07171607364821046,0.12776564385741396,LRCX,0.0684614650121214,0.09126104321290152
2017-10,2017-10-02,2017-12-01,2017-10-02,104,80,6,2,3,0.07851059301557407,0.09613008910030126,NVDA,0.09535424038639036,0.10512476274446692,PYPL,0.07171607364821046,0.17326278677843487,LRCX,0.0684614650121214,0.01000271777800199
2017-10,2017-10-02,2018-01-02,2017-10-02,104,80,6,3,3,0.07851059301557407,0.09523549558041289,NVDA,0.09535424038639036,0.1144608665898168,PYPL,0.07171607364821046,0.15051409511728786,LRCX,0.0684614650121214,0.020731525034134002
2017-11,2017-11-01,2017-12-01,2017-11-01,104,80,6,1,1,0.1242870245322182,-0.045283313768181066,NVDA,0.1242870245322182,-0.045283313768181066,,,,,,
2017-11,2017-11-01,2018-01-02,2017-11-01,104,80,6,2,1,0.1242870245322182,-0.03721785869375738,NVDA,0.1242870245322182,-0.03721785869375738,,,,,,
2017-11,2017-11-01,2018-02-01,2017-11-01,104,80,6,3,1,0.1242870245322182,0.1615203920611885,NVDA,0.1242870245322182,0.1615203920611885,,,,,,
2017-11,2017-11-01,2017-12-01,2017-11-01,104,80,6,1,2,0.11274136441875651,0.018047874131712327,NVDA,0.1242870245322182,-0.045283313768181066,ALGN,0.10119570430529483,0.08137906203160572,,,
2017-11,2017-11-01,2018-01-02,2017-11-01,104,80,6,2,2,0.11274136441875651,-0.04059233425266873,NVDA,0.1242870245322182,-0.03721785869375738,ALGN,0.10119570430529483,-0.043966809811580077,,,
2017-11,2017-11-01,2018-02-01,2017-11-01,104,80,6,3,2,0.11274136441875651,0.12464189563435935,NVDA,0.1242870245322182,0.1615203920611885,ALGN,0.10119570430529483,0.08776339920753018,,,
2017-11,2017-11-01,2017-12-01,2017-11-01,104,80,6,1,3,0.10260710202291339,-0.005919081701261948,NVDA,0.1242870245322182,-0.045283313768181066,ALGN,0.10119570430529483,0.08137906203160572,MU,0.0823385772312271,-0.0538529933672105
2017-11,2017-11-01,2018-01-02,2017-11-01,104,80,6,2,3,0.10260710202291339,-0.032394355214061754,NVDA,0.1242870245322182,-0.03721785869375738,ALGN,0.10119570430529483,-0.043966809811580077,MU,0.0823385772312271,-0.01599839713684781
2017-11,2017-11-01,2018-02-01,2017-11-01,104,80,6,3,3,0.10260710202291339,0.06889898026448127,NVDA,0.1242870245322182,0.1615203920611885,ALGN,0.10119570430529483,0.08776339920753018,MU,0.0823385772312271,-0.042586850475274884
2017-12,2017-12-01,2018-01-02,2017-12-01,104,80,6,1,1,0.09951101120234314,-0.11591298208391076,ALGN,0.09951101120234314,-0.11591298208391076,,,,,,
2017-12,2017-12-01,2018-02-01,2017-12-01,104,80,6,2,1,0.09951101120234314,0.005903884585974906,ALGN,0.09951101120234314,0.005903884585974906,,,,,,
2017-12,2017-12-01,2018-03-01,2017-12-01,104,80,6,3,1,0.09951101120234314,-0.03353408126441526,ALGN,0.09951101120234314,-0.03353408126441526,,,,,,
2017-12,2017-12-01,2018-01-02,2017-12-01,104,80,6,1,2,0.0801731315280518,-0.06765111867248425,ALGN,0.09951101120234314,-0.11591298208391076,PYPL,0.060835251853760486,-0.019389255261057725,,,
2017-12,2017-12-01,2018-02-01,2017-12-01,104,80,6,2,2,0.0801731315280518,0.02353627545181447,ALGN,0.09951101120234314,0.005903884585974906,PYPL,0.060835251853760486,0.041168666317654035,,,
2017-12,2017-12-01,2018-03-01,2017-12-01,104,80,6,3,2,0.0801731315280518,0.005410900473451996,ALGN,0.09951101120234314,-0.03353408126441526,PYPL,0.060835251853760486,0.04435588221131925,,,
2017-12,2017-12-01,2018-01-02,2017-12-01,104,80,6,1,3,0.07305256291055125,-0.03176434176093135,ALGN,0.09951101120234314,-0.11591298208391076,PYPL,0.060835251853760486,-0.019389255261057725,MU,0.05881142567555012,0.04000921206217445
2017-12,2017-12-01,2018-02-01,2017-12-01,104,80,6,2,3,0.07305256291055125,0.019659980824957197,ALGN,0.09951101120234314,0.005903884585974906,PYPL,0.060835251853760486,0.041168666317654035,MU,0.05881142567555012,0.011907391571242654
2017-12,2017-12-01,2018-03-01,2017-12-01,104,80,6,3,3,0.07305256291055125,0.04830036423045555,ALGN,0.09951101120234314,-0.03353408126441526,PYPL,0.060835251853760486,0.04435588221131925,MU,0.05881142567555012,0.13407929174446265
2018-01,2018-01-02,2018-02-01,2018-01-02,103,82,6,1,1,0.07964684960577569,0.1041814530685099,TTWO,0.07964684960577569,0.1041814530685099,,,,,,
2018-01,2018-01-02,2018-03-01,2018-01-02,103,82,6,2,1,0.07964684960577569,-0.04730684326561607,TTWO,0.07964684960577569,-0.04730684326561607,,,,,,
2018-01,2018-01-02,2018-04-02,2018-01-02,103,82,6,3,1,0.07964684960577569,-0.15024804657283142,TTWO,0.07964684960577569,-0.15024804657283142,,,,,,
2018-01,2018-01-02,2018-02-01,2018-01-02,103,82,6,1,2,0.07824380700415148,0.07591996652331601,TTWO,0.07964684960577569,0.1041814530685099,DLTR,0.0768407644025273,0.047658479978122115,,,
2018-01,2018-01-02,2018-03-01,2018-01-02,103,82,6,2,2,0.07824380700415148,-0.044814549612336,TTWO,0.07964684960577569,-0.04730684326561607,DLTR,0.0768407644025273,-0.04232225595905592,,,
2018-01,2018-01-02,2018-04-02,2018-01-02,103,82,6,3,2,0.07824380700415148,-0.14086144436721354,TTWO,0.07964684960577569,-0.15024804657283142,DLTR,0.0768407644025273,-0.13147484216159566,,,
2018-01,2018-01-02,2018-02-01,2018-01-02,103,82,6,1,3,0.07770531993548847,0.09654275167061448,TTWO,0.07964684960577569,0.1041814530685099,DLTR,0.0768407644025273,0.047658479978122115,ALGN,0.07662834579816248,0.1377883219652114
2018-01,2018-01-02,2018-03-01,2018-01-02,103,82,6,2,3,0.07770531993548847,0.001183510108484202,TTWO,0.07964684960577569,-0.04730684326561607,DLTR,0.0768407644025273,-0.04232225595905592,ALGN,0.07662834579816248,0.0931796295501246
2018-01,2018-01-02,2018-04-02,2018-01-02,103,82,6,3,3,0.07770531993548847,-0.0670919590872,TTWO,0.07964684960577569,-0.15024804657283142,DLTR,0.0768407644025273,-0.13147484216159566,ALGN,0.07662834579816248,0.08044701147282707
2018-02,2018-02-01,2018-03-01,2018-02-01,103,82,6,1,1,0.09500097415530658,-0.00808208231758023,STX,0.09500097415530658,-0.00808208231758023,,,,,,
2018-02,2018-02-01,2018-04-02,2018-02-01,103,82,6,2,1,0.09500097415530658,0.07198224984079205,STX,0.09500097415530658,0.07198224984079205,,,,,,
2018-02,2018-02-01,2018-05-01,2018-02-01,103,82,6,3,1,0.09500097415530658,0.0062711589079258445,STX,0.09500097415530658,0.0062711589079258445,,,,,,
2018-02,2018-02-01,2018-03-01,2018-02-01,103,82,6,1,2,0.08691731260092095,-0.0726385963491718,STX,0.09500097415530658,-0.00808208231758023,TTWO,0.07883365104653532,-0.13719511038076337,,,
2018-02,2018-02-01,2018-04-02,2018-02-01,103,82,6,2,2,0.08691731260092095,-0.07922069055353903,STX,0.09500097415530658,0.07198224984079205,TTWO,0.07883365104653532,-0.2304236309478701,,,
2018-02,2018-02-01,2018-05-01,2018-02-01,103,82,6,3,2,0.08691731260092095,-0.07845939983636879,STX,0.09500097415530658,0.0062711589079258445,TTWO,0.07883365104653532,-0.16318995858066343,,,
2018-02,2018-02-01,2018-03-01,2018-02-01,103,82,6,1,3,0.08372606657170635,-0.07705488746042218,STX,0.09500097415530658,-0.00808208231758023,TTWO,0.07883365104653532,-0.13719511038076337,DLTR,0.07734357451327716,-0.08588746968292293
2018-02,2018-02-01,2018-04-02,2018-02-01,103,82,6,2,3,0.08372606657170635,-0.10980861455385753,STX,0.09500097415530658,0.07198224984079205,TTWO,0.07883365104653532,-0.2304236309478701,DLTR,0.07734357451327716,-0.1709844625544945
2018-02,2018-02-01,2018-05-01,2018-02-01,103,82,6,3,3,0.08372606657170635,-0.10482229948602824,STX,0.09500097415530658,0.0062711589079258445,TTWO,0.07883365104653532,-0.16318995858066343,DLTR,0.07734357451327716,-0.15754809878534715
2018-03,2018-03-01,2018-04-02,2018-03-01,103,82,6,1,1,0.10149534903307596,0.08071669110024726,STX,0.10149534903307596,0.08071669110024726,,,,,,
2018-03,2018-03-01,2018-05-01,2018-03-01,103,82,6,2,1,0.10149534903307596,0.014470190496247648,STX,0.10149534903307596,0.014470190496247648,,,,,,
2018-03,2018-03-01,2018-06-01,2018-03-01,103,82,6,3,1,0.10149534903307596,0.08352389968318596,STX,0.10149534903307596,0.08352389968318596,,,,,,
2018-03,2018-03-01,2018-04-02,2018-03-01,103,82,6,1,2,0.09784788736756853,0.02296793533846825,STX,0.10149534903307596,0.08071669110024726,NFLX,0.0942004257020611,-0.034780820423310765,,,
2018-03,2018-03-01,2018-05-01,2018-03-01,103,82,6,2,2,0.09784788736756853,0.046682052807300645,STX,0.10149534903307596,0.014470190496247648,NFLX,0.0942004257020611,0.07889391511835364,,,
2018-03,2018-03-01,2018-06-01,2018-03-01,103,82,6,3,2,0.09784788736756853,0.161497487893688,STX,0.10149534903307596,0.08352389968318596,NFLX,0.0942004257020611,0.23947107610419005,,,
2018-03,2018-03-01,2018-04-02,2018-03-01,103,82,6,1,3,0.09132932638763615,-0.01771171860722594,STX,0.10149534903307596,0.08071669110024726,NFLX,0.0942004257020611,-0.034780820423310765,MELI,0.07829220442777139,-0.09907102649861432
2018-03,2018-03-01,2018-05-01,2018-03-01,103,82,6,2,3,0.09132932638763615,-0.008597015780240339,STX,0.10149534903307596,0.014470190496247648,NFLX,0.0942004257020611,0.07889391511835364,MELI,0.07829220442777139,-0.11915515295532231
2018-03,2018-03-01,2018-06-01,2018-03-01,103,82,6,3,3,0.09132932638763615,0.030926880544163555,STX,0.10149534903307596,0.08352389968318596,NFLX,0.0942004257020611,0.23947107610419005,MELI,0.07829220442777139,-0.23021433415488535
2018-04,2018-04-02,2018-05-01,2018-04-02,103,82,6,1,1,0.09893608422976811,-0.061298674434791756,STX,0.09893608422976811,-0.061298674434791756,,,,,,
2018-04,2018-04-02,2018-06-01,2018-04-02,103,82,6,2,1,0.09893608422976811,0.00259754346912211,STX,0.09893608422976811,0.00259754346912211,,,,,,
2018-04,2018-04-02,2018-07-02,2018-04-02,103,82,6,3,1,0.09893608422976811,0.008346428260609828,STX,0.09893608422976811,0.008346428260609828,,,,,,
2018-04,2018-04-02,2018-05-01,2018-04-02,103,82,6,1,2,0.0925872959848461,0.028236114888683328,STX,0.09893608422976811,-0.061298674434791756,NFLX,0.08623850773992407,0.11777090421215841,,,
2018-04,2018-04-02,2018-06-01,2018-04-02,103,82,6,2,2,0.0925872959848461,0.14336593240151863,STX,0.09893608422976811,0.00259754346912211,NFLX,0.08623850773992407,0.28413432133391514,,,
2018-04,2018-04-02,2018-07-02,2018-04-02,103,82,6,3,2,0.0925872959848461,0.2144732916790778,STX,0.09893608422976811,0.008346428260609828,NFLX,0.08623850773992407,0.4206001550975458,,,
2018-04,2018-04-02,2018-05-01,2018-04-02,103,82,6,1,3,0.08332865081909888,0.06991043536596331,STX,0.09893608422976811,-0.061298674434791756,NFLX,0.08623850773992407,0.11777090421215841,AMZN,0.06481136048760444,0.15325907632052327
2018-04,2018-04-02,2018-06-01,2018-04-02,103,82,6,2,3,0.08332865081909888,0.16106610578525182,STX,0.09893608422976811,0.00259754346912211,NFLX,0.08623850773992407,0.28413432133391514,AMZN,0.06481136048760444,0.19646645255271822
2018-04,2018-04-02,2018-07-02,2018-04-02,103,82,6,3,3,0.08332865081909888,0.22602215727379402,STX,0.09893608422976811,0.008346428260609828,NFLX,0.08623850773992407,0.4206001550975458,AMZN,0.06481136048760444,0.2491198884632264
2018-05,2018-05-01,2018-06-01,2018-05-01,103,82,6,1,1,0.08610352268591122,0.14883498621662095,NFLX,0.08610352268591122,0.14883498621662095,,,,,,
2018-05,2018-05-01,2018-07-02,2018-05-01,103,82,6,2,1,0.08610352268591122,0.2709224669779995,NFLX,0.08610352268591122,0.2709224669779995,,,,,,
2018-05,2018-05-01,2018-08-01,2018-05-01,103,82,6,3,1,0.08610352268591122,0.08005111182962232,NFLX,0.08610352268591122,0.08005111182962232,,,,,,
2018-05,2018-05-01,2018-06-01,2018-05-01,103,82,6,1,2,0.08068642166153028,0.10845186387338901,NFLX,0.08610352268591122,0.14883498621662095,STX,0.07526932063714936,0.06806874153015707,,,
2018-05,2018-05-01,2018-07-02,2018-05-01,103,82,6,2,2,0.08068642166153028,0.17255775226373737,NFLX,0.08610352268591122,0.2709224669779995,STX,0.07526932063714936,0.07419303754947526,,,
2018-05,2018-05-01,2018-08-01,2018-05-01,103,82,6,3,2,0.08068642166153028,0.034795800038227964,NFLX,0.08610352268591122,0.08005111182962232,STX,0.07526932063714936,-0.010459511753166395,,,
2018-05,2018-05-01,2018-06-01,2018-05-01,103,82,6,1,3,0.07571414171597389,0.030273719584621477,NFLX,0.08610352268591122,0.14883498621662095,STX,0.07526932063714936,0.06806874153015707,MELI,0.06576958182486109,-0.1260825689929136
2018-05,2018-05-01,2018-07-02,2018-05-01,103,82,6,2,3,0.07571414171597389,0.07206831322032936,NFLX,0.08610352268591122,0.2709224669779995,STX,0.07526932063714936,0.07419303754947526,MELI,0.06576958182486109,-0.12891056486648667
2018-05,2018-05-01,2018-08-01,2018-05-01,103,82,6,3,3,0.07571414171597389,0.029756660503410637,NFLX,0.08610352268591122,0.08005111182962232,STX,0.07526932063714936,-0.010459511753166395,MELI,0.06576958182486109,0.019678381433775982
2018-06,2018-06-01,2018-07-02,2018-06-01,103,82,6,1,1,0.12032012875228987,0.10627068484695168,NFLX,0.12032012875228987,0.10627068484695168,,,,,,
2018-06,2018-06-01,2018-08-01,2018-06-01,103,82,6,2,1,0.12032012875228987,-0.059872719069533065,NFLX,0.12032012875228987,-0.059872719069533065,,,,,,
2018-06,2018-06-01,2018-09-04,2018-06-01,103,82,6,3,1,0.12032012875228987,0.010196443184030679,NFLX,0.12032012875228987,0.010196443184030679,,,,,,
2018-06,2018-06-01,2018-07-02,2018-06-01,103,82,6,1,2,0.09861956623965251,0.056002337674429525,NFLX,0.12032012875228987,0.10627068484695168,STX,0.07691900372701516,0.005733990501907371,,,
2018-06,2018-06-01,2018-08-01,2018-06-01,103,82,6,2,2,0.09861956623965251,-0.06669815689381142,NFLX,0.12032012875228987,-0.059872719069533065,STX,0.07691900372701516,-0.07352359471808978,,,
2018-06,2018-06-01,2018-09-04,2018-06-01,103,82,6,3,2,0.09861956623965251,-0.0636110442153,NFLX,0.12032012875228987,0.010196443184030679,STX,0.07691900372701516,-0.1374185316146307,,,
2018-06,2018-06-01,2018-07-02,2018-06-01,103,82,6,1,3,0.08662396835858666,0.05200404131577652,NFLX,0.12032012875228987,0.10627068484695168,STX,0.07691900372701516,0.005733990501907371,AMZN,0.06263277259645493,0.0440074485984705
2018-06,2018-06-01,2018-08-01,2018-06-01,103,82,6,2,3,0.08662396835858666,-0.012863024704267442,NFLX,0.12032012875228987,-0.059872719069533065,STX,0.07691900372701516,-0.07352359471808978,AMZN,0.06263277259645493,0.09480723967482052
2018-06,2018-06-01,2018-09-04,2018-06-01,103,82,6,3,3,0.08662396835858666,0.03840495445170914,NFLX,0.12032012875228987,0.010196443184030679,STX,0.07691900372701516,-0.1374185316146307,AMZN,0.06263277259645493,0.24243695178572744
2018-07,2018-07-02,2018-08-01,2018-07-02,103,82,6,1,1,0.12531912715877108,-0.15018331968135812,NFLX,0.12531912715877108,-0.15018331968135812,,,,,,
2018-07,2018-07-02,2018-09-04,2018-07-02,103,82,6,2,1,0.12531912715877108,-0.08684514827961165,NFLX,0.12531912715877108,-0.08684514827961165,,,,,,
2018-07,2018-07-02,2018-10-01,2018-07-02,103,82,6,3,1,0.12531912715877108,-0.04206638213076219,NFLX,0.12531912715877108,-0.04206638213076219,,,,,,
2018-07,2018-07-02,2018-08-01,2018-07-02,103,82,6,1,2,0.10177781759739488,-0.0553725851435522,NFLX,0.12531912715877108,-0.15018331968135812,ALGN,0.07823650803601867,0.03943814939425372,,,
2018-07,2018-07-02,2018-09-04,2018-07-02,103,82,6,2,2,0.10177781759739488,0.022772894231210372,NFLX,0.12531912715877108,-0.08684514827961165,ALGN,0.07823650803601867,0.1323909367420324,,,
2018-07,2018-07-02,2018-10-01,2018-07-02,103,82,6,3,2,0.10177781759739488,0.05425773173083187,NFLX,0.12531912715877108,-0.04206638213076219,ALGN,0.07823650803601867,0.15058184559242593,,,
2018-07,2018-07-02,2018-08-01,2018-07-02,103,82,6,1,3,0.08990008885893207,-0.020695571245431716,NFLX,0.12531912715877108,-0.15018331968135812,ALGN,0.07823650803601867,0.03943814939425372,AMZN,0.06614463138200645,0.04865845655080925
2018-07,2018-07-02,2018-09-04,2018-07-02,103,82,6,2,3,0.08990008885893207,0.07853700211447412,NFLX,0.12531912715877108,-0.08684514827961165,ALGN,0.07823650803601867,0.1323909367420324,AMZN,0.06614463138200645,0.1900652178810016
2018-07,2018-07-02,2018-10-01,2018-07-02,103,82,6,3,3,0.08990008885893207,0.09269015614640459,NFLX,0.12531912715877108,-0.04206638213076219,ALGN,0.07823650803601867,0.15058184559242593,AMZN,0.06614463138200645,0.16955500497755005
2018-08,2018-08-01,2018-09-04,2018-08-01,103,83,6,1,1,0.06184481260752572,0.0894259917263458,ALGN,0.06184481260752572,0.0894259917263458,,,,,,
2018-08,2018-08-01,2018-10-01,2018-08-01,103,83,6,2,1,0.06184481260752572,0.10692670483851563,ALGN,0.06184481260752572,0.10692670483851563,,,,,,
2018-08,2018-08-01,2018-11-01,2018-08-01,103,83,6,3,1,0.06184481260752572,-0.3470455499643573,ALGN,0.06184481260752572,-0.3470455499643573,,,,,,
2018-08,2018-08-01,2018-09-04,2018-08-01,103,83,6,1,2,0.06102363287905192,0.0907792672900708,ALGN,0.06184481260752572,0.0894259917263458,ILMN,0.06020245315057813,0.0921325428537958,,,
2018-08,2018-08-01,2018-10-01,2018-08-01,103,83,6,2,2,0.06102363287905192,0.1204590264451566,ALGN,0.06184481260752572,0.10692670483851563,ILMN,0.06020245315057813,0.13399134805179758,,,
2018-08,2018-08-01,2018-11-01,2018-08-01,103,83,6,3,2,0.06102363287905192,-0.18974956973828783,ALGN,0.06184481260752572,-0.3470455499643573,ILMN,0.06020245315057813,-0.03245358951221833,,,
2018-08,2018-08-01,2018-09-04,2018-08-01,103,83,6,1,3,0.05642877510491461,0.08536336819550254,ALGN,0.06184481260752572,0.0894259917263458,ILMN,0.06020245315057813,0.0921325428537958,NFLX,0.047239059556639984,0.07453157000636601
2018-08,2018-08-01,2018-10-01,2018-08-01,103,83,6,2,3,0.05642877510491461,0.12271396280013687,ALGN,0.06184481260752572,0.10692670483851563,ILMN,0.06020245315057813,0.13399134805179758,NFLX,0.047239059556639984,0.12722383551009742
2018-08,2018-08-01,2018-11-01,2018-08-01,103,83,6,3,3,0.05642877510491461,-0.14718651797216953,ALGN,0.06184481260752572,-0.3470455499643573,ILMN,0.06020245315057813,-0.03245358951221833,NFLX,0.047239059556639984,-0.06206041443993293
2018-09,2018-09-04,2018-10-01,2018-09-04,103,83,6,1,1,0.0832835604331744,0.01606415969976771,ALGN,0.0832835604331744,0.01606415969976771,,,,,,
2018-09,2018-09-04,2018-11-01,2018-09-04,103,83,6,2,1,0.0832835604331744,-0.4006435912172921,ALGN,0.0832835604331744,-0.4006435912172921,,,,,,
2018-09,2018-09-04,2018-12-03,2018-09-04,103,83,6,3,1,0.0832835604331744,-0.38831649453256734,ALGN,0.0832835604331744,-0.38831649453256734,,,,,,
2018-09,2018-09-04,2018-10-01,2018-09-04,103,83,6,1,2,0.08150143360372974,0.02719587341683627,ALGN,0.0832835604331744,0.01606415969976771,ILMN,0.07971930677428507,0.03832758713390483,,,
2018-09,2018-09-04,2018-11-01,2018-09-04,103,83,6,2,2,0.08150143360372974,-0.25735980495157085,ALGN,0.0832835604331744,-0.4006435912172921,ILMN,0.07971930677428507,-0.1140760186858496,,,
2018-09,2018-09-04,2018-12-03,2018-09-04,103,83,6,3,2,0.08150143360372974,-0.1980674699052578,ALGN,0.0832835604331744,-0.38831649453256734,ILMN,0.07971930677428507,-0.007818445277948283,,,
2018-09,2018-09-04,2018-10-01,2018-09-04,103,83,6,1,3,0.07463574182534961,0.020069805111835388,ALGN,0.0832835604331744,0.01606415969976771,ILMN,0.07971930677428507,0.03832758713390483,ORLY,0.060904358268589365,0.005817668501833628
2018-09,2018-09-04,2018-11-01,2018-09-04,103,83,6,2,3,0.07463574182534961,-0.19403911578327301,ALGN,0.0832835604331744,-0.4006435912172921,ILMN,0.07971930677428507,-0.1140760186858496,ORLY,0.060904358268589365,-0.06739773744667732
2018-09,2018-09-04,2018-12-03,2018-09-04,103,83,6,3,3,0.07463574182534961,-0.12956278580572214,ALGN,0.0832835604331744,-0.38831649453256734,ILMN,0.07971930677428507,-0.007818445277948283,ORLY,0.060904358268589365,0.007446582393349166
2018-10,2018-10-01,2018-11-01,2018-10-01,103,83,6,1,1,0.08790214116288642,-0.41011952536559404,ALGN,0.08790214116288642,-0.41011952536559404,,,,,,
2018-10,2018-10-01,2018-12-03,2018-10-01,103,83,6,2,1,0.08790214116288642,-0.3979873223279756,ALGN,0.08790214116288642,-0.3979873223279756,,,,,,
2018-10,2018-10-01,2019-01-02,2018-10-01,103,83,6,3,1,0.08790214116288642,-0.4837556171107027,ALGN,0.08790214116288642,-0.4837556171107027,,,,,,
2018-10,2018-10-01,2018-11-01,2018-10-01,103,83,6,1,2,0.08500430203449374,-0.2784487430528717,ALGN,0.08790214116288642,-0.41011952536559404,ILMN,0.08210646290610106,-0.14677796074014937,,,
2018-10,2018-10-01,2018-12-03,2018-10-01,103,83,6,2,2,0.08500430203449374,-0.22121498754674812,ALGN,0.08790214116288642,-0.3979873223279756,ILMN,0.08210646290610106,-0.04444265276552062,,,
2018-10,2018-10-01,2019-01-02,2018-10-01,103,83,6,3,2,0.08500430203449374,-0.3401208562491311,ALGN,0.08790214116288642,-0.4837556171107027,ILMN,0.08210646290610106,-0.19648609538755946,,,
2018-10,2018-10-01,2018-11-01,2018-10-01,103,83,6,1,3,0.07894738473452757,-0.24198133835770888,ALGN,0.08790214116288642,-0.41011952536559404,ILMN,0.08210646290610106,-0.14677796074014937,AMZN,0.06683355013459523,-0.16904652896738326
2018-10,2018-10-01,2018-12-03,2018-10-01,103,83,6,2,3,0.07894738473452757,-0.18605923446545783,ALGN,0.08790214116288642,-0.3979873223279756,ILMN,0.08210646290610106,-0.04444265276552062,AMZN,0.06683355013459523,-0.11574772830287727
2018-10,2018-10-01,2019-01-02,2018-10-01,103,83,6,3,3,0.07894738473452757,-0.3041169202198045,ALGN,0.08790214116288642,-0.4837556171107027,ILMN,0.08210646290610106,-0.19648609538755946,AMZN,0.06683355013459523,-0.2321090481611514
2018-11,2018-11-01,2018-12-03,2018-11-01,103,83,6,1,1,0.0500087604479262,-0.16539966351636226,AAPL,0.0500087604479262,-0.16539966351636226,,,,,,
2018-11,2018-11-01,2019-01-02,2018-11-01,103,83,6,2,1,0.0500087604479262,-0.28687348306780125,AAPL,0.0500087604479262,-0.28687348306780125,,,,,,
2018-11,2018-11-01,2019-02-01,2018-11-01,103,83,6,3,1,0.0500087604479262,-0.24803798415302003,AAPL,0.0500087604479262,-0.24803798415302003,,,,,,
2018-11,2018-11-01,2018-12-03,2018-11-01,103,83,6,1,2,0.04909278857841608,-0.022729915800898615,AAPL,0.0500087604479262,-0.16539966351636226,ILMN,0.048176816708905945,0.11993983191456503,,,
2018-11,2018-11-01,2019-01-02,2018-11-01,103,83,6,2,2,0.04909278857841608,-0.1725664008489194,AAPL,0.0500087604479262,-0.28687348306780125,ILMN,0.048176816708905945,-0.05825931863003753,,,
2018-11,2018-11-01,2019-02-01,2018-11-01,103,83,6,3,2,0.04909278857841608,-0.1717903252640543,AAPL,0.0500087604479262,-0.24803798415302003,ILMN,0.048176816708905945,-0.09554266637508857,,,
2018-11,2018-11-01,2018-12-03,2018-11-01,103,83,6,1,3,0.048377445618644675,-0.039063671428252435,AAPL,0.0500087604479262,-0.16539966351636226,ILMN,0.048176816708905945,0.11993983191456503,QCOM,0.04694675969910187,-0.07173118268296008
2018-11,2018-11-01,2019-01-02,2018-11-01,103,83,6,2,3,0.048377445618644675,-0.1447980033386516,AAPL,0.0500087604479262,-0.28687348306780125,ILMN,0.048176816708905945,-0.05825931863003753,QCOM,0.04694675969910187,-0.08926120831811601
2018-11,2018-11-01,2019-02-01,2018-11-01,103,83,6,3,3,0.048377445618644675,-0.18548074022859387,AAPL,0.0500087604479262,-0.24803798415302003,ILMN,0.048176816708905945,-0.09554266637508857,QCOM,0.04694675969910187,-0.21286157015767304
2018-12,2018-12-03,2019-01-02,2018-12-03,103,84,6,1,1,0.05566190075420698,-0.048033357640092866,WDAY,0.05566190075420698,-0.048033357640092866,,,,,,
2018-12,2018-12-03,2019-02-01,2018-12-03,103,84,6,2,1,0.05566190075420698,0.10881998912242952,WDAY,0.05566190075420698,0.10881998912242952,,,,,,
2018-12,2018-12-03,2019-03-01,2018-12-03,103,84,6,3,1,0.05566190075420698,0.12717518444447418,WDAY,0.05566190075420698,0.12717518444447418,,,,,,
2018-12,2018-12-03,2019-01-02,2018-12-03,103,84,6,1,2,0.05076380847953445,-0.1015056165041448,WDAY,0.05566190075420698,-0.048033357640092866,HSIC,0.045865716204861906,-0.15497787536819674,,,
2018-12,2018-12-03,2019-02-01,2018-12-03,103,84,6,2,2,0.05076380847953445,-0.01837763372258916,WDAY,0.05566190075420698,0.10881998912242952,HSIC,0.045865716204861906,-0.14557525656760784,,,
2018-12,2018-12-03,2019-03-01,2018-12-03,103,84,6,3,2,0.05076380847953445,-0.012799310460588409,WDAY,0.05566190075420698,0.12717518444447418,HSIC,0.045865716204861906,-0.152773805365651,,,
2018-12,2018-12-03,2019-01-02,2018-12-03,103,84,6,1,3,0.048942176136664774,-0.12070872177224046,WDAY,0.05566190075420698,-0.048033357640092866,HSIC,0.045865716204861906,-0.15497787536819674,ILMN,0.045298911450925426,-0.15911493230843177
2018-12,2018-12-03,2019-02-01,2018-12-03,103,84,6,2,3,0.048942176136664774,-0.07638689717090674,WDAY,0.05566190075420698,0.10881998912242952,HSIC,0.045865716204861906,-0.14557525656760784,ILMN,0.045298911450925426,-0.1924054240675419
2018-12,2018-12-03,2019-03-01,2018-12-03,103,84,6,3,3,0.048942176136664774,-0.03619881517407882,WDAY,0.05566190075420698,0.12717518444447418,HSIC,0.045865716204861906,-0.152773805365651,ILMN,0.045298911450925426,-0.08299782460105964
2019-01,2019-01-02,2019-02-01,2019-01-02,103,88,6,1,1,0.0779098755140552,0.3016463265103333,AMD,0.0779098755140552,0.3016463265103333,,,,,,
2019-01,2019-01-02,2019-03-01,2019-01-02,103,88,6,2,1,0.0779098755140552,0.2575677324015182,AMD,0.0779098755140552,0.2575677324015182,,,,,,
2019-01,2019-01-02,2019-04-01,2019-01-02,103,88,6,3,1,0.0779098755140552,0.3998938245966537,AMD,0.0779098755140552,0.3998938245966537,,,,,,
2019-01,2019-01-02,2019-02-01,2019-01-02,103,88,6,1,2,0.0641226171099099,0.23320700938116423,AMD,0.0779098755140552,0.3016463265103333,WDAY,0.050335358705764575,0.16476769225199517,,,
2019-01,2019-01-02,2019-03-01,2019-01-02,103,88,6,2,2,0.0641226171099099,0.22080838380897505,AMD,0.0779098755140552,0.2575677324015182,WDAY,0.050335358705764575,0.1840490352164319,,,
2019-01,2019-01-02,2019-04-01,2019-01-02,103,88,6,3,2,0.0641226171099099,0.3032710432977106,AMD,0.0779098755140552,0.3998938245966537,WDAY,0.050335358705764575,0.2066482619987675,,,
2019-01,2019-01-02,2019-02-01,2019-01-02,103,88,6,1,3,0.05941601580515591,0.1751127765389914,AMD,0.0779098755140552,0.3016463265103333,WDAY,0.050335358705764575,0.16476769225199517,SBUX,0.05000281319564794,0.05892431085464578
2019-01,2019-01-02,2019-03-01,2019-01-02,103,88,6,2,3,0.05941601580515591,0.1829630691816498,AMD,0.0779098755140552,0.2575677324015182,WDAY,0.050335358705764575,0.1840490352164319,SBUX,0.05000281319564794,0.10727243992699931
2019-01,2019-01-02,2019-04-01,2019-01-02,103,88,6,3,3,0.05941601580515591,0.25413957473551524,AMD,0.0779098755140552,0.3998938245966537,WDAY,0.050335358705764575,0.2066482619987675,SBUX,0.05000281319564794,0.15587663761112447
2019-02,2019-02-01,2019-03-01,2019-02-01,103,88,6,1,1,0.09168470600719604,-0.033863725661169575,AMD,0.09168470600719604,-0.033863725661169575,,,,,,
2019-02,2019-02-01,2019-04-01,2019-02-01,103,88,6,2,1,0.09168470600719604,0.07547941102382105,AMD,0.09168470600719604,0.07547941102382105,,,,,,
2019-02,2019-02-01,2019-05-01,2019-02-01,103,88,6,3,1,0.09168470600719604,0.09383921728202571,AMD,0.09168470600719604,0.09383921728202571,,,,,,
2019-02,2019-02-01,2019-03-01,2019-02-01,103,88,6,1,2,0.08331892658262682,-0.008654957876620184,AMD,0.09168470600719604,-0.033863725661169575,WDAY,0.07495314715805762,0.016553809907929207,,,
2019-02,2019-02-01,2019-04-01,2019-02-01,103,88,6,2,2,0.08331892658262682,0.0557177838984253,AMD,0.09168470600719604,0.07547941102382105,WDAY,0.07495314715805762,0.035956156773029546,,,
2019-02,2019-02-01,2019-05-01,2019-02-01,103,88,6,3,2,0.08331892658262682,0.08755165022863554,AMD,0.09168470600719604,0.09383921728202571,WDAY,0.07495314715805762,0.08126408317524536,,,
2019-02,2019-02-01,2019-03-01,2019-02-01,103,88,6,1,3,0.07223713573519001,0.009449286776116598,AMD,0.09168470600719604,-0.033863725661169575,WDAY,0.07495314715805762,0.016553809907929207,SBUX,0.05007355404031638,0.04565777608159016
2019-02,2019-02-01,2019-04-01,2019-02-01,103,88,6,2,3,0.07223713573519001,0.06766431317361032,AMD,0.09168470600719604,0.07547941102382105,WDAY,0.07495314715805762,0.035956156773029546,SBUX,0.05007355404031638,0.09155737172398037
2019-02,2019-02-01,2019-05-01,2019-02-01,103,88,6,3,3,0.07223713573519001,0.10640078080770603,AMD,0.09168470600719604,0.09383921728202571,WDAY,0.07495314715805762,0.08126408317524536,SBUX,0.05007355404031638,0.144099041965847
2019-03,2019-03-01,2019-04-01,2019-03-01,103,88,6,1,1,0.0581992577451144,0.1471746713029094,MELI,0.0581992577451144,0.1471746713029094,,,,,,
2019-03,2019-03-01,2019-05-01,2019-03-01,103,88,6,2,1,0.0581992577451144,0.07326630782183541,MELI,0.0581992577451144,0.07326630782183541,,,,,,
2019-03,2019-03-01,2019-06-03,2019-03-01,103,88,6,3,1,0.0581992577451144,0.25934372749055035,MELI,0.0581992577451144,0.25934372749055035,,,,,,
2019-03,2019-03-01,2019-04-01,2019-03-01,103,88,6,1,2,0.054775642487355655,0.09553504966090365,MELI,0.0581992577451144,0.1471746713029094,SBUX,0.05135202722959692,0.0438954280188979,,,
2019-03,2019-03-01,2019-05-01,2019-03-01,103,88,6,2,2,0.054775642487355655,0.08370460890126241,MELI,0.0581992577451144,0.07326630782183541,SBUX,0.05135202722959692,0.09414290998068942,,,
2019-03,2019-03-01,2019-06-03,2019-03-01,103,88,6,3,2,0.054775642487355655,0.1700642377773628,MELI,0.0581992577451144,0.25934372749055035,SBUX,0.05135202722959692,0.08078474806417524,,,
2019-03,2019-03-01,2019-04-01,2019-03-01,103,88,6,1,3,0.05057236258707354,0.10740716707666365,MELI,0.0581992577451144,0.1471746713029094,SBUX,0.05135202722959692,0.0438954280188979,AVGO,0.0421658027865093,0.13115140190818364
2019-03,2019-03-01,2019-05-01,2019-03-01,103,88,6,2,3,0.05057236258707354,0.11568534495472156,MELI,0.0581992577451144,0.07326630782183541,SBUX,0.05135202722959692,0.09414290998068942,AVGO,0.0421658027865093,0.17964681706163987
2019-03,2019-03-01,2019-06-03,2019-03-01,103,88,6,3,3,0.05057236258707354,0.09222322129774789,MELI,0.0581992577451144,0.25934372749055035,SBUX,0.05135202722959692,0.08078474806417524,AVGO,0.0421658027865093,-0.06345881166148193
2019-04,2019-04-01,2019-05-01,2019-04-01,103,90,6,1,1,0.0874906913307175,-0.06442642548682875,MELI,0.0874906913307175,-0.06442642548682875,,,,,,
2019-04,2019-04-01,2019-06-03,2019-04-01,103,90,6,2,1,0.0874906913307175,0.09777853276715409,MELI,0.0874906913307175,0.09777853276715409,,,,,,
2019-04,2019-04-01,2019-07-01,2019-04-01,103,90,6,3,1,0.0874906913307175,0.19532534610071672,MELI,0.0874906913307175,0.19532534610071672,,,,,,
2019-04,2019-04-01,2019-05-01,2019-04-01,103,90,6,1,2,0.0767364041590765,-0.0033552058943847607,MELI,0.0874906913307175,-0.06442642548682875,CDNS,0.06598211698743549,0.05771601369805923,,,
2019-04,2019-04-01,2019-06-03,2019-04-01,103,90,6,2,2,0.0767364041590765,0.024969496763024013,MELI,0.0874906913307175,0.09777853276715409,CDNS,0.06598211698743549,-0.047839539241106066,,,
2019-04,2019-04-01,2019-07-01,2019-04-01,103,90,6,3,2,0.0767364041590765,0.16363485684434775,MELI,0.0874906913307175,0.19532534610071672,CDNS,0.06598211698743549,0.13194436758797878,,,
2019-04,2019-04-01,2019-05-01,2019-04-01,103,90,6,1,3,0.06863429054274768,0.012341652924333646,MELI,0.0874906913307175,-0.06442642548682875,CDNS,0.06598211698743549,0.05771601369805923,WDAY,0.052430063310090036,0.04373537056177046
2019-04,2019-04-01,2019-06-03,2019-04-01,103,90,6,2,3,0.06863429054274768,0.015141800060455254,MELI,0.0874906913307175,0.09777853276715409,CDNS,0.06598211698743549,-0.047839539241106066,WDAY,0.052430063310090036,-0.004513593344682265
2019-04,2019-04-01,2019-07-01,2019-04-01,103,90,6,3,3,0.06863429054274768,0.14492215915987758,MELI,0.0874906913307175,0.19532534610071672,CDNS,0.06598211698743549,0.13194436758797878,WDAY,0.052430063310090036,0.1074967637909372
2019-05,2019-05-01,2019-06-03,2019-05-01,103,90,6,1,1,0.07467675963003716,-0.09979574060726815,CDNS,0.07467675963003716,-0.09979574060726815,,,,,,
2019-05,2019-05-01,2019-07-01,2019-05-01,103,90,6,2,1,0.07467675963003716,0.07017796169162405,CDNS,0.07467675963003716,0.07017796169162405,,,,,,
2019-05,2019-05-01,2019-08-01,2019-05-01,103,90,6,3,1,0.07467675963003716,0.06565509104013678,CDNS,0.07467675963003716,0.06565509104013678,,,,,,
2019-05,2019-05-01,2019-06-03,2019-05-01,103,90,6,1,2,0.07394098932883511,-0.16399994286807412,CDNS,0.07467675963003716,-0.09979574060726815,QCOM,0.07320521902763305,-0.2282041451288801,,,
2019-05,2019-05-01,2019-07-01,2019-05-01,103,90,6,2,2,0.07394098932883511,-0.012042191233443522,CDNS,0.07467675963003716,0.07017796169162405,QCOM,0.07320521902763305,-0.09426234415851109,,,
2019-05,2019-05-01,2019-08-01,2019-05-01,103,90,6,3,2,0.07394098932883511,-0.05122481112782046,CDNS,0.07467675963003716,0.06565509104013678,QCOM,0.07320521902763305,-0.1681047132957777,,,
2019-05,2019-05-01,2019-06-03,2019-05-01,103,90,6,1,3,0.07334777121540313,-0.05154166785132249,CDNS,0.07467675963003716,-0.09979574060726815,QCOM,0.07320521902763305,-0.2282041451288801,MELI,0.07216133498853917,0.17337488218218078
2019-05,2019-05-01,2019-07-01,2019-05-01,103,90,6,2,3,0.07334777121540313,0.08451822719786106,CDNS,0.07467675963003716,0.07017796169162405,QCOM,0.07320521902763305,-0.09426234415851109,MELI,0.07216133498853917,0.27763906406047023
2019-05,2019-05-01,2019-08-01,2019-05-01,103,90,6,3,3,0.07334777121540313,0.063306440432588,CDNS,0.07467675963003716,0.06565509104013678,QCOM,0.07320521902763305,-0.1681047132957777,MELI,0.07216133498853917,0.2923689435534049
2019-06,2019-06-03,2019-07-01,2019-06-03,103,90,6,1,1,0.08746623382784219,0.08885837208683411,MELI,0.08746623382784219,0.08885837208683411,,,,,,
2019-06,2019-06-03,2019-08-01,2019-06-03,103,90,6,2,1,0.08746623382784219,0.10141180212578371,MELI,0.08746623382784219,0.10141180212578371,,,,,,
2019-06,2019-06-03,2019-09-03,2019-06-03,103,90,6,3,1,0.08746623382784219,0.021502505492165813,MELI,0.08746623382784219,0.021502505492165813,,,,,,
2019-06,2019-06-03,2019-07-01,2019-06-03,103,90,6,1,2,0.07108152978502287,0.1388375942048906,MELI,0.08746623382784219,0.08885837208683411,CDNS,0.054696825742203546,0.1888168163229471,,,
2019-06,2019-06-03,2019-08-01,2019-06-03,103,90,6,2,2,0.07108152978502287,0.14260217344834814,MELI,0.08746623382784219,0.10141180212578371,CDNS,0.054696825742203546,0.18379254477091256,,,
2019-06,2019-06-03,2019-09-03,2019-06-03,103,90,6,3,2,0.07108152978502287,0.06293924745496804,MELI,0.08746623382784219,0.021502505492165813,CDNS,0.054696825742203546,0.10437598941777027,,,
2019-06,2019-06-03,2019-07-01,2019-06-03,103,90,6,1,3,0.0630964838411196,0.15040694081111586,MELI,0.08746623382784219,0.08885837208683411,CDNS,0.054696825742203546,0.1888168163229471,QCOM,0.04712639195331305,0.17354563402356638
2019-06,2019-06-03,2019-08-01,2019-06-03,103,90,6,2,3,0.0630964838411196,0.12102464781354676,MELI,0.08746623382784219,0.10141180212578371,CDNS,0.054696825742203546,0.18379254477091256,QCOM,0.04712639195331305,0.07786959654394399
2019-06,2019-06-03,2019-09-03,2019-06-03,103,90,6,3,3,0.0630964838411196,0.08769707089991519,MELI,0.08746623382784219,0.021502505492165813,CDNS,0.054696825742203546,0.10437598941777027,QCOM,0.04712639195331305,0.13721271778980948
2019-07,2019-07-01,2019-08-01,2019-07-01,103,90,6,1,1,0.13452587821282166,0.011528983346925425,MELI,0.13452587821282166,0.011528983346925425,,,,,,
2019-07,2019-07-01,2019-09-03,2019-07-01,103,90,6,2,1,0.13452587821282166,-0.06185916214757892,MELI,0.13452587821282166,-0.06185916214757892,,,,,,
2019-07,2019-07-01,2019-10-01,2019-07-01,103,90,6,3,1,0.13452587821282166,-0.11122056022726434,MELI,0.13452587821282166,-0.11122056022726434,,,,,,
2019-07,2019-07-01,2019-08-01,2019-07-01,103,90,6,1,2,0.11573697373206572,0.0036513521707869367,MELI,0.13452587821282166,0.011528983346925425,CDNS,0.09694806925130978,-0.004226279005351552,,,
2019-07,2019-07-01,2019-09-03,2019-07-01,103,90,6,2,2,0.11573697373206572,-0.06644423133183153,MELI,0.13452587821282166,-0.06185916214757892,CDNS,0.09694806925130978,-0.07102930051608414,,,
2019-07,2019-07-01,2019-10-01,2019-07-01,103,90,6,3,2,0.11573697373206572,-0.11055232323744646,MELI,0.13452587821282166,-0.11122056022726434,CDNS,0.09694806925130978,-0.10988408624762858,,,
2019-07,2019-07-01,2019-08-01,2019-07-01,103,90,6,1,3,0.10815824758061184,-0.011882005815849528,MELI,0.13452587821282166,0.011528983346925425,CDNS,0.09694806925130978,-0.004226279005351552,AMD,0.09300079527770407,-0.04294872178912246
2019-07,2019-07-01,2019-09-03,2019-07-01,103,90,6,2,3,0.10815824758061184,-0.04750129457456709,MELI,0.13452587821282166,-0.06185916214757892,CDNS,0.09694806925130978,-0.07102930051608414,AMD,0.09300079527770407,-0.00961542106003821
2019-07,2019-07-01,2019-10-01,2019-07-01,103,90,6,3,3,0.10815824758061184,-0.0997699299616291,MELI,0.13452587821282166,-0.11122056022726434,CDNS,0.09694806925130978,-0.10988408624762858,AMD,0.09300079527770407,-0.0782051434099944
2019-08,2019-08-01,2019-09-03,2019-08-01,103,90,6,1,1,0.09917234455892676,-0.07255169817445994,MELI,0.09917234455892676,-0.07255169817445994,,,,,,
2019-08,2019-08-01,2019-10-01,2019-08-01,103,90,6,2,1,0.09917234455892676,-0.12135049572978007,MELI,0.09917234455892676,-0.12135049572978007,,,,,,
2019-08,2019-08-01,2019-11-01,2019-08-01,103,90,6,3,1,0.09917234455892676,-0.2178146852073758,MELI,0.09917234455892676,-0.2178146852073758,,,,,,
2019-08,2019-08-01,2019-09-03,2019-08-01,103,90,6,1,2,0.09370081358686125,-0.008747880288340892,MELI,0.09917234455892676,-0.07255169817445994,QCOM,0.08822928261479575,0.05505593759777816,,,
2019-08,2019-08-01,2019-10-01,2019-08-01,103,90,6,2,2,0.09370081358686125,-0.026481416720902373,MELI,0.09917234455892676,-0.12135049572978007,QCOM,0.08822928261479575,0.06838766228797533,,,
2019-08,2019-08-01,2019-11-01,2019-08-01,103,90,6,3,2,0.09370081358686125,-0.01730919479084908,MELI,0.09917234455892676,-0.2178146852073758,QCOM,0.08822928261479575,0.18319629562567763,,,
2019-08,2019-08-01,2019-09-03,2019-08-01,103,90,6,1,3,0.08754455675928992,-0.028194102852227898,MELI,0.09917234455892676,-0.07255169817445994,QCOM,0.08822928261479575,0.05505593759777816,CDNS,0.07523204310414727,-0.06708654798000191
2019-08,2019-08-01,2019-10-01,2019-08-01,103,90,6,2,3,0.08754455675928992,-0.053023025088747046,MELI,0.09917234455892676,-0.12135049572978007,QCOM,0.08822928261479575,0.06838766228797533,CDNS,0.07523204310414727,-0.1061062418244364
2019-08,2019-08-01,2019-11-01,2019-08-01,103,90,6,3,3,0.08754455675928992,-0.04604109455494443,MELI,0.09917234455892676,-0.2178146852073758,QCOM,0.08822928261479575,0.18319629562567763,CDNS,0.07523204310414727,-0.10350489408313512
2019-09,2019-09-03,2019-10-01,2019-09-03,103,90,6,1,1,0.0819850280572193,0.012636035886923525,QCOM,0.0819850280572193,0.012636035886923525,,,,,,
2019-09,2019-09-03,2019-11-01,2019-09-03,103,90,6,2,1,0.0819850280572193,0.12145361535963484,QCOM,0.0819850280572193,0.12145361535963484,,,,,,
2019-09,2019-09-03,2019-12-02,2019-09-03,103,90,6,3,1,0.0819850280572193,0.1062913536559964,QCOM,0.0819850280572193,0.1062913536559964,,,,,,
2019-09,2019-09-03,2019-10-01,2019-09-03,103,90,6,1,2,0.07548801947013611,-0.026911511741407046,QCOM,0.0819850280572193,0.012636035886923525,TTWO,0.06899101088305293,-0.06645905936973762,,,
2019-09,2019-09-03,2019-11-01,2019-09-03,103,90,6,2,2,0.07548801947013611,0.004673330064434877,QCOM,0.0819850280572193,0.12145361535963484,TTWO,0.06899101088305293,-0.11210695523076508,,,
2019-09,2019-09-03,2019-12-02,2019-09-03,103,90,6,3,2,0.07548801947013611,0.011637246016973746,QCOM,0.0819850280572193,0.1062913536559964,TTWO,0.06899101088305293,-0.08301686162204891,,,
2019-09,2019-09-03,2019-10-01,2019-09-03,103,90,6,1,3,0.06897083600526745,-0.05328253005697784,QCOM,0.0819850280572193,0.012636035886923525,TTWO,0.06899101088305293,-0.06645905936973762,SBUX,0.055936469075530106,-0.10602456668811944
2019-09,2019-09-03,2019-11-01,2019-09-03,103,90,6,2,3,0.06897083600526745,-0.04359311812006594,QCOM,0.0819850280572193,0.12145361535963484,TTWO,0.06899101088305293,-0.11210695523076508,SBUX,0.055936469075530106,-0.14012601448906759
2019-09,2019-09-03,2019-12-02,2019-09-03,103,90,6,3,3,0.06897083600526745,-0.03280966481313626,QCOM,0.0819850280572193,0.1062913536559964,TTWO,0.06899101088305293,-0.08301686162204891,SBUX,0.055936469075530106,-0.12170348647335627
2019-10,2019-10-01,2019-11-01,2019-10-01,103,90,6,1,1,0.0709230635724359,0.10745971466184567,QCOM,0.0709230635724359,0.10745971466184567,,,,,,
2019-10,2019-10-01,2019-12-02,2019-10-01,103,90,6,2,1,0.0709230635724359,0.09248665310142168,QCOM,0.0709230635724359,0.09248665310142168,,,,,,
2019-10,2019-10-01,2020-01-02,2019-10-01,103,90,6,3,1,0.0709230635724359,0.18428109815845706,QCOM,0.0709230635724359,0.18428109815845706,,,,,,
2019-10,2019-10-01,2019-11-01,2019-10-01,103,90,6,1,2,0.0650249462502352,-0.03164574432016726,QCOM,0.0709230635724359,0.10745971466184567,HAS,0.0591268289280345,-0.1707512033021802,,,
2019-10,2019-10-01,2019-12-02,2019-10-01,103,90,6,2,2,0.0650249462502352,-0.02172013104753706,QCOM,0.0709230635724359,0.09248665310142168,HAS,0.0591268289280345,-0.1359269151964958,,,
2019-10,2019-10-01,2020-01-02,2019-10-01,103,90,6,3,2,0.0650249462502352,0.04498569089306759,QCOM,0.0709230635724359,0.18428109815845706,HAS,0.0591268289280345,-0.09430971637232188,,,
2019-10,2019-10-01,2019-11-01,2019-10-01,103,90,6,1,3,0.06126100940331907,0.008658463007540695,QCOM,0.0709230635724359,0.10745971466184567,HAS,0.0591268289280345,-0.1707512033021802,KLAC,0.05373313570948681,0.0892668776629566
2019-10,2019-10-01,2019-12-02,2019-10-01,103,90,6,2,3,0.06126100940331907,-0.007006491443877105,QCOM,0.0709230635724359,0.09248665310142168,HAS,0.0591268289280345,-0.1359269151964958,KLAC,0.05373313570948681,0.022420787763442807
2019-10,2019-10-01,2020-01-02,2019-10-01,103,90,6,3,3,0.06126100940331907,0.08297959537675033,QCOM,0.0709230635724359,0.18428109815845706,HAS,0.0591268289280345,-0.09430971637232188,KLAC,0.05373313570948681,0.15896740434411583
2019-11,2019-11-01,2019-12-02,2019-11-01,103,90,6,1,1,0.0656029607831199,0.06881367125383675,TSLA,0.0656029607831199,0.06881367125383675,,,,,,
2019-11,2019-11-01,2020-01-02,2019-11-01,103,90,6,2,1,0.0656029607831199,0.3732725058894282,TSLA,0.0656029607831199,0.3732725058894282,,,,,,
2019-11,2019-11-01,2020-02-03,2019-11-01,103,90,6,3,1,0.0656029607831199,1.489547143643243,TSLA,0.0656029607831199,1.489547143643243,,,,,,
2019-11,2019-11-01,2019-12-02,2019-11-01,103,90,6,1,2,0.06451473839124525,0.00372285391853594,TSLA,0.0656029607831199,0.06881367125383675,KLAC,0.0634265159993706,-0.06136796341676487,,,
2019-11,2019-11-01,2020-01-02,2019-11-01,103,90,6,2,2,0.06451473839124525,0.2186304905876979,TSLA,0.0656029607831199,0.3732725058894282,KLAC,0.0634265159993706,0.06398847528596763,,,
2019-11,2019-11-01,2020-02-03,2019-11-01,103,90,6,3,2,0.06451473839124525,0.7399361648103543,TSLA,0.0656029607831199,1.489547143643243,KLAC,0.0634265159993706,-0.00967481402253445,,,
2019-11,2019-11-01,2019-12-02,2019-11-01,103,90,6,1,3,0.06339425789654164,-0.015870198370968702,TSLA,0.0656029607831199,0.06881367125383675,KLAC,0.0634265159993706,-0.06136796341676487,LRCX,0.06115329690713441,-0.05505630294997799
2019-11,2019-11-01,2020-01-02,2019-11-01,103,90,6,2,3,0.06339425789654164,0.17080660342086693,TSLA,0.0656029607831199,0.3732725058894282,KLAC,0.0634265159993706,0.06398847528596763,LRCX,0.06115329690713441,0.07515882908720495
2019-11,2019-11-01,2020-02-03,2019-11-01,103,90,6,3,3,0.06339425789654164,0.5310362599741509,TSLA,0.0656029607831199,1.489547143643243,KLAC,0.0634265159993706,-0.00967481402253445,LRCX,0.06115329690713441,0.11323645030174423
2019-12,2019-12-02,2020-01-02,2019-12-02,103,91,6,1,1,0.11627252063743833,0.28485679293232424,TSLA,0.11627252063743833,0.28485679293232424,,,,,,
2019-12,2019-12-02,2020-02-03,2019-12-02,103,91,6,2,1,0.11627252063743833,1.3292620693396717,TSLA,0.11627252063743833,1.3292620693396717,,,,,,
2019-12,2019-12-02,2020-03-02,2019-12-02,103,91,6,3,1,0.11627252063743833,1.2206229967734785,TSLA,0.11627252063743833,1.2206229967734785,,,,,,
2019-12,2019-12-02,2020-01-02,2019-12-02,103,91,6,1,2,0.10026539190412456,0.2092045312117058,TSLA,0.11627252063743833,0.28485679293232424,KLAC,0.08425826317081081,0.13355226949108734,,,
2019-12,2019-12-02,2020-02-03,2019-12-02,103,91,6,2,2,0.10026539190412456,0.692167463951752,TSLA,0.11627252063743833,1.3292620693396717,KLAC,0.08425826317081081,0.05507285856383226,,,
2019-12,2019-12-02,2020-03-02,2019-12-02,103,91,6,3,2,0.10026539190412456,0.6055426479331105,TSLA,0.11627252063743833,1.2206229967734785,KLAC,0.08425826317081081,-0.009537700907257474,,,
2019-12,2019-12-02,2020-01-02,2019-12-02,103,91,6,1,3,0.09400208855540122,0.188310676120122,TSLA,0.11627252063743833,0.28485679293232424,KLAC,0.08425826317081081,0.13355226949108734,NVDA,0.08147548185795456,0.14652296593695446
2019-12,2019-12-02,2020-02-03,2019-12-02,103,91,6,2,3,0.09400208855540122,0.5109550515197135,TSLA,0.11627252063743833,1.3292620693396717,KLAC,0.08425826317081081,0.05507285856383226,NVDA,0.08147548185795456,0.14853022665563675
2019-12,2019-12-02,2020-03-02,2019-12-02,103,91,6,3,3,0.09400208855540122,0.5109755301611026,TSLA,0.11627252063743833,1.2206229967734785,KLAC,0.08425826317081081,-0.009537700907257474,NVDA,0.08147548185795456,0.321841294617087
2020-01,2020-01-02,2020-02-03,2020-01-02,103,90,6,1,1,0.1188621594666147,0.8128573411078648,TSLA,0.1188621594666147,0.8128573411078648,,,,,,
2020-01,2020-01-02,2020-03-02,2020-01-02,103,90,6,2,1,0.1188621594666147,0.7283038926894965,TSLA,0.1188621594666147,0.7283038926894965,,,,,,
2020-01,2020-01-02,2020-04-01,2020-01-02,103,90,6,3,1,0.1188621594666147,0.11923023547882572,TSLA,0.1188621594666147,0.11923023547882572,,,,,,
2020-01,2020-01-02,2020-02-03,2020-01-02,103,90,6,1,2,0.10222935429431826,0.39543072707205384,TSLA,0.1188621594666147,0.8128573411078648,AMD,0.0855965491220218,-0.021995886963757094,,,
2020-01,2020-01-02,2020-03-02,2020-01-02,103,90,6,2,2,0.10222935429431826,0.34745134104317354,TSLA,0.1188621594666147,0.7283038926894965,AMD,0.0855965491220218,-0.03340121060314938,,,
2020-01,2020-01-02,2020-04-01,2020-01-02,103,90,6,3,2,0.10222935429431826,0.004217981326300635,TSLA,0.1188621594666147,0.11923023547882572,AMD,0.0855965491220218,-0.11079427282622445,,,
2020-01,2020-01-02,2020-02-03,2020-01-02,103,90,6,1,3,0.09527317943797615,0.27542575483988235,TSLA,0.1188621594666147,0.8128573411078648,AMD,0.0855965491220218,-0.021995886963757094,LRCX,0.08136082972529195,0.035415810375539314
2020-01,2020-01-02,2020-03-02,2020-01-02,103,90,6,2,3,0.09527317943797615,0.2343645465231042,TSLA,0.1188621594666147,0.7283038926894965,AMD,0.0855965491220218,-0.03340121060314938,LRCX,0.08136082972529195,0.0081909574829655
2020-01,2020-01-02,2020-04-01,2020-01-02,103,90,6,3,3,0.09527317943797615,-0.07912006168932546,TSLA,0.1188621594666147,0.11923023547882572,AMD,0.0855965491220218,-0.11079427282622445,LRCX,0.08136082972529195,-0.24579614772057767
2020-02,2020-02-03,2020-03-02,2020-02-03,103,90,6,1,1,0.24943749949771674,-0.04664098299466646,TSLA,0.24943749949771674,-0.04664098299466646,,,,,,
2020-02,2020-02-03,2020-04-01,2020-02-03,103,90,6,2,1,0.24943749949771674,-0.38261538285475516,TSLA,0.24943749949771674,-0.38261538285475516,,,,,,
2020-02,2020-02-03,2020-05-01,2020-02-03,103,90,6,3,1,0.24943749949771674,-0.10087181971623349,TSLA,0.24943749949771674,-0.10087181971623349,,,,,,
2020-02,2020-02-03,2020-03-02,2020-02-03,103,90,6,1,2,0.1692630938786497,-0.029151409530992656,TSLA,0.24943749949771674,-0.04664098299466646,AMD,0.0890886882595827,-0.011661836067318854,,,
2020-02,2020-02-03,2020-04-01,2020-02-03,103,90,6,2,2,0.1692630938786497,-0.2367054482869015,TSLA,0.24943749949771674,-0.38261538285475516,AMD,0.0890886882595827,-0.09079551371904782,,,
2020-02,2020-02-03,2020-05-01,2020-02-03,103,90,6,3,2,0.1692630938786497,-0.031068973241908937,TSLA,0.24943749949771674,-0.10087181971623349,AMD,0.0890886882595827,0.038733873232415617,,,
2020-02,2020-02-03,2020-03-02,2020-02-03,103,90,6,1,3,0.13774303084271128,-0.028198820435578937,TSLA,0.24943749949771674,-0.04664098299466646,AMD,0.0890886882595827,-0.011661836067318854,LRCX,0.07470290477083441,-0.026293642244751503
2020-02,2020-02-03,2020-04-01,2020-02-03,103,90,6,2,3,0.13774303084271128,-0.24833471972737,TSLA,0.24943749949771674,-0.38261538285475516,AMD,0.0890886882595827,-0.09079551371904782,LRCX,0.07470290477083441,-0.2715932626083071
2020-02,2020-02-03,2020-05-01,2020-02-03,103,90,6,3,3,0.13774303084271128,-0.0985345467047725,TSLA,0.24943749949771674,-0.10087181971623349,AMD,0.0890886882595827,0.038733873232415617,LRCX,0.07470290477083441,-0.23346569363049963
2020-03,2020-03-02,2020-04-01,2020-03-02,103,90,6,1,1,0.24796433939065818,-0.35241120487373445,TSLA,0.24796433939065818,-0.35241120487373445,,,,,,
2020-03,2020-03-02,2020-05-01,2020-03-02,103,90,6,2,1,0.24796433939065818,-0.05688396055865241,TSLA,0.24796433939065818,-0.05688396055865241,,,,,,
2020-03,2020-03-02,2020-06-01,2020-03-02,103,90,6,3,1,0.24796433939065818,0.20774045142001563,TSLA,0.24796433939065818,0.20774045142001563,,,,,,
2020-03,2020-03-02,2020-04-01,2020-03-02,103,90,6,1,2,0.17129141143687274,-0.14188611542326035,TSLA,0.24796433939065818,-0.35241120487373445,REGN,0.09461848348308731,0.06863897402721375,,,
2020-03,2020-03-02,2020-05-01,2020-03-02,103,90,6,2,2,0.17129141143687274,0.03691572883395078,TSLA,0.24796433939065818,-0.05688396055865241,REGN,0.09461848348308731,0.13071541822655397,,,
2020-03,2020-03-02,2020-06-01,2020-03-02,103,90,6,3,2,0.17129141143687274,0.24880836932922912,TSLA,0.24796433939065818,0.20774045142001563,REGN,0.09461848348308731,0.2898762872384426,,,
2020-03,2020-03-02,2020-04-01,2020-03-02,103,90,6,1,3,0.14513847640273972,-0.13481788865272862,TSLA,0.24796433939065818,-0.35241120487373445,REGN,0.09461848348308731,0.06863897402721375,NVDA,0.0928326063344737,-0.12068143511166518
2020-03,2020-03-02,2020-05-01,2020-03-02,103,90,6,2,3,0.14513847640273972,0.03226758439966967,TSLA,0.24796433939065818,-0.05688396055865241,REGN,0.09461848348308731,0.13071541822655397,NVDA,0.0928326063344737,0.02297129553110744
2020-03,2020-03-02,2020-06-01,2020-03-02,103,90,6,3,3,0.14513847640273972,0.25729982700667287,TSLA,0.24796433939065818,0.20774045142001563,REGN,0.09461848348308731,0.2898762872384426,NVDA,0.0928326063344737,0.27428274236156036
2020-04,2020-04-01,2020-05-01,2020-04-01,103,90,6,1,1,0.17465199497854375,0.45635015080435526,TSLA,0.17465199497854375,0.45635015080435526,,,,,,
2020-04,2020-04-01,2020-06-01,2020-04-01,103,90,6,2,1,0.17465199497854375,0.864980463697697,TSLA,0.17465199497854375,0.864980463697697,,,,,,
2020-04,2020-04-01,2020-07-01,2020-04-01,103,90,6,3,1,0.17465199497854375,1.325006169890199,TSLA,0.17465199497854375,1.325006169890199,,,,,,
2020-04,2020-04-01,2020-05-01,2020-04-01,103,90,6,1,2,0.14288333409257017,0.25721970399428407,TSLA,0.17465199497854375,0.45635015080435526,REGN,0.11111467320659661,0.05808925718421287,,,
2020-04,2020-04-01,2020-06-01,2020-04-01,103,90,6,2,2,0.14288333409257017,0.5360038218396226,TSLA,0.17465199497854375,0.864980463697697,REGN,0.11111467320659661,0.20702717998154818,,,
2020-04,2020-04-01,2020-07-01,2020-04-01,103,90,6,3,2,0.14288333409257017,0.7757820365646355,TSLA,0.17465199497854375,1.325006169890199,REGN,0.11111467320659661,0.2265579032390721,,,
2020-04,2020-04-01,2020-05-01,2020-04-01,103,90,6,1,3,0.12176829819140046,0.21896797828082434,TSLA,0.17465199497854375,0.45635015080435526,REGN,0.11111467320659661,0.05808925718421287,AMD,0.07953822638906105,0.14246452685390487
2020-04,2020-04-01,2020-06-01,2020-04-01,103,90,6,2,3,0.12176829819140046,0.4334543821849386,TSLA,0.17465199497854375,0.864980463697697,REGN,0.11111467320659661,0.20702717998154818,AMD,0.07953822638906105,0.2283555028755706
2020-04,2020-04-01,2020-07-01,2020-04-01,103,90,6,3,3,0.12176829819140046,0.5852900400644463,TSLA,0.17465199497854375,1.325006169890199,REGN,0.11111467320659661,0.2265579032390721,AMD,0.07953822638906105,0.20430604706406785
2020-05,2020-05-01,2020-06-01,2020-05-01,103,90,6,1,1,0.20397096137166337,0.28058520999750747,TSLA,0.20397096137166337,0.28058520999750747,,,,,,
2020-05,2020-05-01,2020-07-01,2020-05-01,103,90,6,2,1,0.20397096137166337,0.5964609668945873,TSLA,0.20397096137166337,0.5964609668945873,,,,,,
2020-05,2020-05-01,2020-08-03,2020-05-01,103,90,6,3,1,0.20397096137166337,1.1174357512021218,TSLA,0.20397096137166337,1.1174357512021218,,,,,,
2020-05,2020-05-01,2020-06-01,2020-05-01,103,90,6,1,2,0.1787527440697585,0.19472576321701385,TSLA,0.20397096137166337,0.28058520999750747,DXCM,0.15353452676785365,0.10886631643652023,,,
2020-05,2020-05-01,2020-07-01,2020-05-01,103,90,6,2,2,0.1787527440697585,0.38415517940858435,TSLA,0.20397096137166337,0.5964609668945873,DXCM,0.15353452676785365,0.17184939192258142,,,
2020-05,2020-05-01,2020-08-03,2020-05-01,103,90,6,3,2,0.1787527440697585,0.7082699189661905,TSLA,0.20397096137166337,1.1174357512021218,DXCM,0.15353452676785365,0.29910408673025923,,,
2020-05,2020-05-01,2020-06-01,2020-05-01,103,90,6,1,3,0.16165441036557734,0.28760681532976173,TSLA,0.20397096137166337,0.28058520999750747,DXCM,0.15353452676785365,0.10886631643652023,ZM,0.12745774295721504,0.4733689195552575
2020-05,2020-05-01,2020-07-01,2020-05-01,103,90,6,2,3,0.16165441036557734,0.5461583255541546,TSLA,0.20397096137166337,0.5964609668945873,DXCM,0.15353452676785365,0.17184939192258142,ZM,0.12745774295721504,0.8701646178452951
2020-05,2020-05-01,2020-08-03,2020-05-01,103,90,6,3,3,0.16165441036557734,0.7835733368601575,TSLA,0.20397096137166337,1.1174357512021218,DXCM,0.15353452676785365,0.29910408673025923,ZM,0.12745774295721504,0.9341801726480916
2020-06,2020-06-01,2020-07-01,2020-06-01,103,90,6,1,1,0.23926621782894184,0.246665160920994,TSLA,0.23926621782894184,0.246665160920994,,,,,,
2020-06,2020-06-01,2020-08-03,2020-06-01,103,90,6,2,1,0.23926621782894184,0.6534907124268936,TSLA,0.23926621782894184,0.6534907124268936,,,,,,
2020-06,2020-06-01,2020-09-01,2020-06-01,103,90,6,3,1,0.23926621782894184,1.6447501455040907,TSLA,0.23926621782894184,1.6447501455040907,,,,,,
2020-06,2020-06-01,2020-07-01,2020-06-01,103,90,6,1,2,0.22453785450472652,0.25798850167058063,TSLA,0.23926621782894184,0.246665160920994,ZM,0.20980949118051118,0.26931184242016726,,,
2020-06,2020-06-01,2020-08-03,2020-06-01,103,90,6,2,2,0.22453785450472652,0.4831254884996402,TSLA,0.23926621782894184,0.6534907124268936,ZM,0.20980949118051118,0.3127602645723868,,,
2020-06,2020-06-01,2020-09-01,2020-06-01,103,90,6,3,2,0.22453785450472652,1.4433400889780097,TSLA,0.23926621782894184,1.6447501455040907,ZM,0.20980949118051118,1.2419300324519287,,,
2020-06,2020-06-01,2020-07-01,2020-06-01,103,90,6,1,3,0.1833892132080898,0.19092550807146477,TSLA,0.23926621782894184,0.246665160920994,ZM,0.20980949118051118,0.26931184242016726,DXCM,0.10109193061481632,0.056799520873233034
2020-06,2020-06-01,2020-08-03,2020-06-01,103,90,6,2,3,0.1833892132080898,0.3792705255840904,TSLA,0.23926621782894184,0.6534907124268936,ZM,0.20980949118051118,0.3127602645723868,DXCM,0.10109193061481632,0.17156059975299076
2020-06,2020-06-01,2020-09-01,2020-06-01,103,90,6,3,3,0.1833892132080898,1.0005067971344614,TSLA,0.23926621782894184,1.6447501455040907,ZM,0.20980949118051118,1.2419300324519287,DXCM,0.10109193061481632,0.11484021344736473
2020-07,2020-07-01,2020-08-03,2020-07-01,103,90,6,1,1,0.2552025575317976,0.03422990371647172,ZM,0.2552025575317976,0.03422990371647172,,,,,,
2020-07,2020-07-01,2020-09-01,2020-07-01,103,90,6,2,1,0.2552025575317976,0.7662562953618184,ZM,0.2552025575317976,0.7662562953618184,,,,,,
2020-07,2020-07-01,2020-10-01,2020-07-01,103,90,6,3,1,0.2552025575317976,0.863890638418348,ZM,0.2552025575317976,0.863890638418348,,,,,,
2020-07,2020-07-01,2020-08-03,2020-07-01,103,90,6,1,2,0.24405175167942553,0.1802804770764712,ZM,0.2552025575317976,0.03422990371647172,TSLA,0.23290094582705345,0.3263310504364707,,,
2020-07,2020-07-01,2020-09-01,2020-07-01,103,90,6,2,2,0.24405175167942553,0.9438580968319061,ZM,0.2552025575317976,0.7662562953618184,TSLA,0.23290094582705345,1.1214598983019939,,,
2020-07,2020-07-01,2020-10-01,2020-07-01,103,90,6,3,2,0.24405175167942553,0.9326331115643656,ZM,0.2552025575317976,0.863890638418348,TSLA,0.23290094582705345,1.0013755847103831,,,
2020-07,2020-07-01,2020-08-03,2020-07-01,103,90,6,1,3,0.21614756769826635,0.20832584310345417,ZM,0.2552025575317976,0.03422990371647172,TSLA,0.23290094582705345,0.3263310504364707,DOCU,0.160339199735948,0.2644165751574201
2020-07,2020-07-01,2020-09-01,2020-07-01,103,90,6,2,3,0.21614756769826635,0.7965758972707846,ZM,0.2552025575317976,0.7662562953618184,TSLA,0.23290094582705345,1.1214598983019939,DOCU,0.160339199735948,0.5020114981485417
2020-07,2020-07-01,2020-10-01,2020-07-01,103,90,6,3,3,0.21614756769826635,0.7024065516682375,ZM,0.2552025575317976,0.863890638418348,TSLA,0.23290094582705345,1.0013755847103831,DOCU,0.160339199735948,0.24195343187598106
2020-08,2020-08-03,2020-09-01,2020-08-03,103,90,6,1,1,0.27141439306487714,-0.18799696115691278,MRNA,0.27141439306487714,-0.18799696115691278,,,,,,
2020-08,2020-08-03,2020-10-01,2020-08-03,103,90,6,2,1,0.27141439306487714,-0.10194927206206439,MRNA,0.27141439306487714,-0.10194927206206439,,,,,,
2020-08,2020-08-03,2020-11-02,2020-08-03,103,90,6,3,1,0.27141439306487714,-0.13939474581486444,MRNA,0.27141439306487714,-0.13939474581486444,,,,,,
2020-08,2020-08-03,2020-09-01,2020-08-03,103,90,6,1,2,0.2431933667399715,0.25990077770774944,MRNA,0.27141439306487714,-0.18799696115691278,ZM,0.21497234041506583,0.7077985165724117,,,
2020-08,2020-08-03,2020-10-01,2020-08-03,103,90,6,2,2,0.2431933667399715,0.35012609201817485,MRNA,0.27141439306487714,-0.10194927206206439,ZM,0.21497234041506583,0.8022014560984141,,,
2020-08,2020-08-03,2020-11-02,2020-08-03,103,90,6,3,2,0.2431933667399715,0.2754518808239111,MRNA,0.27141439306487714,-0.13939474581486444,ZM,0.21497234041506583,0.6902985074626866,,,
2020-08,2020-08-03,2020-09-01,2020-08-03,103,90,6,1,3,0.2268029661898088,0.2359034311508923,MRNA,0.27141439306487714,-0.18799696115691278,ZM,0.21497234041506583,0.7077985165724117,DOCU,0.19402216508948344,0.187908738037178
2020-08,2020-08-03,2020-10-01,2020-08-03,103,90,6,2,3,0.2268029661898088,0.22749552163926368,MRNA,0.27141439306487714,-0.10194927206206439,ZM,0.21497234041506583,0.8022014560984141,DOCU,0.19402216508948344,-0.017765619118558673
2020-08,2020-08-03,2020-11-02,2020-08-03,103,90,6,3,3,0.2268029661898088,0.14721952423488613,MRNA,0.27141439306487714,-0.13939474581486444,ZM,0.21497234041506583,0.6902985074626866,DOCU,0.19402216508948344,-0.10924518894316382
2020-09,2020-09-01,2020-10-01,2020-09-01,103,90,6,1,1,0.28455105757549964,0.055277562669085345,ZM,0.28455105757549964,0.055277562669085345,,,,,,
2020-09,2020-09-01,2020-11-02,2020-09-01,103,90,6,2,1,0.28455105757549964,-0.010247115769164594,ZM,0.28455105757549964,-0.010247115769164594,,,,,,
2020-09,2020-09-01,2020-12-01,2020-09-01,103,90,6,3,1,0.28455105757549964,-0.11225939961271114,ZM,0.28455105757549964,-0.11225939961271114,,,,,,
2020-09,2020-09-01,2020-10-01,2020-09-01,103,90,6,1,2,0.27202681032376774,-0.0006635009022617488,ZM,0.28455105757549964,0.055277562669085345,TSLA,0.2595025630720359,-0.05660456447360884,,,
2020-09,2020-09-01,2020-11-02,2020-09-01,103,90,6,2,2,0.27202681032376774,-0.08357849545893697,ZM,0.28455105757549964,-0.010247115769164594,TSLA,0.2595025630720359,-0.15690987514870935,,,
2020-09,2020-09-01,2020-12-01,2020-09-01,103,90,6,3,2,0.27202681032376774,0.05934232626203423,ZM,0.28455105757549964,-0.11225939961271114,TSLA,0.2595025630720359,0.2309440521367796,,,
2020-09,2020-09-01,2020-10-01,2020-09-01,103,90,6,1,3,0.2514141297635624,-0.05815562188084378,ZM,0.28455105757549964,0.055277562669085345,TSLA,0.2595025630720359,-0.05660456447360884,DOCU,0.2101887686431517,-0.17313986383800783
2020-09,2020-09-01,2020-11-02,2020-09-01,103,90,6,2,3,0.2514141297635624,-0.1391019251570853,ZM,0.28455105757549964,-0.010247115769164594,TSLA,0.2595025630720359,-0.15690987514870935,DOCU,0.2101887686431517,-0.25014878455338196
2020-09,2020-09-01,2020-12-01,2020-09-01,103,90,6,3,3,0.2514141297635624,-0.02627424217709662,ZM,0.28455105757549964,-0.11225939961271114,TSLA,0.2595025630720359,0.2309440521367796,DOCU,0.2101887686431517,-0.1975073790553583
2020-10,2020-10-01,2020-11-02,2020-10-01,103,90,6,1,1,0.30880366980539015,-0.106323718451248,TSLA,0.30880366980539015,-0.106323718451248,,,,,,
2020-10,2020-10-01,2020-12-01,2020-10-01,103,90,6,2,1,0.30880366980539015,0.3048017891351611,TSLA,0.30880366980539015,0.3048017891351611,,,,,,
2020-10,2020-10-01,2021-01-04,2020-10-01,103,90,6,3,1,0.30880366980539015,0.6283692731663943,TSLA,0.30880366980539015,0.6283692731663943,,,,,,
2020-10,2020-10-01,2020-11-02,2020-10-01,103,90,6,1,2,0.28368296727159326,-0.08420804117633285,TSLA,0.30880366980539015,-0.106323718451248,ZM,0.2585622647377964,-0.0620923639014177,,,
2020-10,2020-10-01,2020-12-01,2020-10-01,103,90,6,2,2,0.28368296727159326,0.07302037506802361,TSLA,0.30880366980539015,0.3048017891351611,ZM,0.2585622647377964,-0.15876103899911387,,,
2020-10,2020-10-01,2021-01-04,2020-10-01,103,90,6,3,2,0.28368296727159326,0.1868424744937145,TSLA,0.30880366980539015,0.6283692731663943,ZM,0.2585622647377964,-0.25468432417896536,,,
2020-10,2020-10-01,2020-11-02,2020-10-01,103,90,6,1,3,0.2495299696365962,-0.0700374909181846,TSLA,0.30880366980539015,-0.106323718451248,ZM,0.2585622647377964,-0.0620923639014177,MRNA,0.18122397436660206,-0.041696390401888106
2020-10,2020-10-01,2020-12-01,2020-10-01,103,90,6,2,3,0.2495299696365962,0.386535440510396,TSLA,0.30880366980539015,0.3048017891351611,ZM,0.2585622647377964,-0.15876103899911387,MRNA,0.18122397436660206,1.0135655713951408
2020-10,2020-10-01,2021-01-04,2020-10-01,103,90,6,3,3,0.2495299696365962,0.3230480378985446,TSLA,0.30880366980539015,0.6283692731663943,ZM,0.2585622647377964,-0.25468432417896536,MRNA,0.18122397436660206,0.5954591647082048
2020-11,2020-11-02,2020-12-01,2020-11-02,103,90,6,1,1,0.24631573017199596,-0.10306843806049948,ZM,0.24631573017199596,-0.10306843806049948,,,,,,
2020-11,2020-11-02,2021-01-04,2020-11-02,103,90,6,2,1,0.24631573017199596,-0.20534213910302845,ZM,0.24631573017199596,-0.20534213910302845,,,,,,
2020-11,2020-11-02,2021-02-01,2020-11-02,103,90,6,3,1,0.24631573017199596,-0.15688743338679623,ZM,0.24631573017199596,-0.15688743338679623,,,,,,
2020-11,2020-11-02,2020-12-01,2020-11-02,103,90,6,1,2,0.23067021088405945,0.17848503742462868,ZM,0.24631573017199596,-0.10306843806049948,TSLA,0.21502469159612295,0.46003851290975684,,,
2020-11,2020-11-02,2021-01-04,2020-11-02,103,90,6,2,2,0.23067021088405945,0.30837989307692787,ZM,0.24631573017199596,-0.20534213910302845,TSLA,0.21502469159612295,0.8221019252568842,,,
2020-11,2020-11-02,2021-02-01,2020-11-02,103,90,6,3,2,0.23067021088405945,0.469982129839697,ZM,0.24631573017199596,-0.15688743338679623,TSLA,0.21502469159612295,1.0968516930661902,,,
2020-11,2020-11-02,2020-12-01,2020-11-02,103,90,6,1,3,0.2049552277296142,0.14928115969675712,ZM,0.24631573017199596,-0.10306843806049948,TSLA,0.21502469159612295,0.46003851290975684,ALGN,0.15352526142072365,0.09087340424101398
2020-11,2020-11-02,2021-01-04,2020-11-02,103,90,6,2,3,0.2049552277296142,0.2550441901036743,ZM,0.24631573017199596,-0.20534213910302845,TSLA,0.21502469159612295,0.8221019252568842,ALGN,0.15352526142072365,0.14837278415716715
2020-11,2020-11-02,2021-02-01,2020-11-02,103,90,6,3,3,0.2049552277296142,0.37484163693423805,ZM,0.24631573017199596,-0.15688743338679623,TSLA,0.21502469159612295,1.0968516930661902,ALGN,0.15352526142072365,0.1845606511233202
2020-12,2020-12-01,2021-01-04,2020-12-01,103,90,6,1,1,0.24493357541483118,0.24798209714725927,TSLA,0.24493357541483118,0.24798209714725927,,,,,,
2020-12,2020-12-01,2021-02-01,2020-12-01,103,90,6,2,1,0.24493357541483118,0.4361619056796717,TSLA,0.24493357541483118,0.4361619056796717,,,,,,
2020-12,2020-12-01,2021-03-01,2020-12-01,103,90,6,3,1,0.24493357541483118,0.228589531916366,TSLA,0.24493357541483118,0.228589531916366,,,,,,
2020-12,2020-12-01,2021-01-04,2020-12-01,103,90,6,1,2,0.22530674433956266,0.020168651968675178,TSLA,0.24493357541483118,0.24798209714725927,MRNA,0.20567991326429416,-0.20764479320990892,,,
2020-12,2020-12-01,2021-02-01,2020-12-01,103,90,6,2,2,0.22530674433956266,0.27648107291041957,TSLA,0.24493357541483118,0.4361619056796717,MRNA,0.20567991326429416,0.11680024014116741,,,
2020-12,2020-12-01,2021-03-01,2020-12-01,103,90,6,3,2,0.22530674433956266,0.17241121170009766,TSLA,0.24493357541483118,0.228589531916366,MRNA,0.20567991326429416,0.11623289148382931,,,
2020-12,2020-12-01,2021-01-04,2020-12-01,103,90,6,1,3,0.20078987591970246,0.08727030530666054,TSLA,0.24493357541483118,0.24798209714725927,MRNA,0.20567991326429416,-0.20764479320990892,PDD,0.15175613907998206,0.22147361198263127
2020-12,2020-12-01,2021-02-01,2020-12-01,103,90,6,2,3,0.20078987591970246,0.27567371382771216,TSLA,0.24493357541483118,0.4361619056796717,MRNA,0.20567991326429416,0.11680024014116741,PDD,0.15175613907998206,0.2740589956622974
2020-12,2020-12-01,2021-03-01,2020-12-01,103,90,6,3,3,0.20078987591970246,0.23605306562377107,TSLA,0.24493357541483118,0.228589531916366,MRNA,0.20567991326429416,0.11623289148382931,PDD,0.15175613907998206,0.3633367734711179
2021-01,2021-01-04,2021-02-01,2021-01-04,102,90,6,1,1,0.2451530647858754,0.15078726606941673,TSLA,0.2451530647858754,0.15078726606941673,,,,,,
2021-01,2021-01-04,2021-03-01,2021-01-04,102,90,6,2,1,0.2451530647858754,-0.015539137360401578,TSLA,0.2451530647858754,-0.015539137360401578,,,,,,
2021-01,2021-01-04,2021-04-01,2021-01-04,102,90,6,3,1,0.2451530647858754,-0.09320747514014649,TSLA,0.2451530647858754,-0.09320747514014649,,,,,,
2021-01,2021-01-04,2021-02-01,2021-01-04,102,90,6,1,2,0.20890347158633182,0.2801282208627073,TSLA,0.2451530647858754,0.15078726606941673,MRNA,0.17265387838678822,0.40946917565599783,,,
2021-01,2021-01-04,2021-03-01,2021-01-04,102,90,6,2,2,0.20890347158633182,0.19660700505735224,TSLA,0.2451530647858754,-0.015539137360401578,MRNA,0.17265387838678822,0.40875314747510605,,,
2021-01,2021-01-04,2021-04-01,2021-01-04,102,90,6,3,2,0.20890347158633182,0.04656729558702993,TSLA,0.2451530647858754,-0.09320747514014649,MRNA,0.17265387838678822,0.18634206631420636,,,
2021-01,2021-01-04,2021-02-01,2021-01-04,102,90,6,1,3,0.19391348945252304,0.18864761297234267,TSLA,0.2451530647858754,0.15078726606941673,MRNA,0.17265387838678822,0.40946917565599783,PTON,0.1639335251849054,0.005686397191613457
2021-01,2021-01-04,2021-03-01,2021-01-04,102,90,6,2,3,0.19391348945252304,0.08048668306368134,TSLA,0.2451530647858754,-0.015539137360401578,MRNA,0.17265387838678822,0.40875314747510605,PTON,0.1639335251849054,-0.15175396092366045
2021-01,2021-01-04,2021-04-01,2021-01-04,102,90,6,3,3,0.19391348945252304,-0.04630511530615311,TSLA,0.2451530647858754,-0.09320747514014649,MRNA,0.17265387838678822,0.18634206631420636,PTON,0.1639335251849054,-0.2320499370925192
2021-02,2021-02-01,2021-03-01,2021-02-01,102,90,6,1,1,0.2158957673913664,-0.14453271106997578,TSLA,0.2158957673913664,-0.14453271106997578,,,,,,
2021-02,2021-02-01,2021-04-01,2021-02-01,102,90,6,2,1,0.2158957673913664,-0.21202419283187057,TSLA,0.2158957673913664,-0.21202419283187057,,,,,,
2021-02,2021-02-01,2021-05-03,2021-02-01,102,90,6,3,1,0.2158957673913664,-0.18445840576084183,TSLA,0.2158957673913664,-0.18445840576084183,,,,,,
2021-02,2021-02-01,2021-03-01,2021-02-01,102,90,6,1,2,0.20622103082991333,-0.07252036186349042,TSLA,0.2158957673913664,-0.14453271106997578,MRNA,0.19654629426846024,-0.0005080126570050636,,,
2021-02,2021-02-01,2021-04-01,2021-02-01,102,90,6,2,2,0.20622103082991333,-0.18516498361474304,TSLA,0.2158957673913664,-0.21202419283187057,MRNA,0.19654629426846024,-0.1583057743976155,,,
2021-02,2021-02-01,2021-05-03,2021-02-01,102,90,6,3,2,0.20622103082991333,-0.0016144920624837633,TSLA,0.2158957673913664,-0.18445840576084183,MRNA,0.19654629426846024,0.1812294216358743,,,
2021-02,2021-02-01,2021-03-01,2021-02-01,102,90,6,1,3,0.18286962682452243,0.025639873021857884,TSLA,0.2158957673913664,-0.14453271106997578,MRNA,0.19654629426846024,-0.0005080126570050636,BIDU,0.1361668188137406,0.2219603427925545
2021-02,2021-02-01,2021-04-01,2021-02-01,102,90,6,2,3,0.18286962682452243,-0.15402196352410572,TSLA,0.2158957673913664,-0.21202419283187057,MRNA,0.19654629426846024,-0.1583057743976155,BIDU,0.1361668188137406,-0.0917359233428311
2021-02,2021-02-01,2021-05-03,2021-02-01,102,90,6,3,3,0.18286962682452243,-0.05199478552436376,TSLA,0.2158957673913664,-0.18445840576084183,MRNA,0.19654629426846024,0.1812294216358743,BIDU,0.1361668188137406,-0.15275537244812376
2021-03,2021-03-01,2021-04-01,2021-03-01,102,90,6,1,1,0.22779445235177817,-0.15787796574547142,MRNA,0.22779445235177817,-0.15787796574547142,,,,,,
2021-03,2021-03-01,2021-05-03,2021-03-01,102,90,6,2,1,0.22779445235177817,0.181829806135817,MRNA,0.22779445235177817,0.181829806135817,,,,,,
2021-03,2021-03-01,2021-06-01,2021-03-01,102,90,6,3,1,0.22779445235177817,0.1731893953156871,MRNA,0.22779445235177817,0.1731893953156871,,,,,,
2021-03,2021-03-01,2021-04-01,2021-03-01,102,90,6,1,2,0.1960669913353765,-0.20729677614550812,MRNA,0.22779445235177817,-0.15787796574547142,BIDU,0.16433953031897483,-0.2567155865455448,,,
2021-03,2021-03-01,2021-05-03,2021-03-01,102,90,6,2,2,0.1960669913353765,-0.06241074184800505,MRNA,0.22779445235177817,0.181829806135817,BIDU,0.16433953031897483,-0.3066512898318271,,,
2021-03,2021-03-01,2021-06-01,2021-03-01,102,90,6,3,2,0.1960669913353765,-0.07200869822045575,MRNA,0.22779445235177817,0.1731893953156871,BIDU,0.16433953031897483,-0.3172067917565986,,,
2021-03,2021-03-01,2021-04-01,2021-03-01,102,90,6,1,3,0.17907400347473557,-0.21379996841971874,MRNA,0.22779445235177817,-0.15787796574547142,BIDU,0.16433953031897483,-0.2567155865455448,PDD,0.14508802775345372,-0.22680635296814
2021-03,2021-03-01,2021-05-03,2021-03-01,102,90,6,2,3,0.17907400347473557,-0.13601132086902537,MRNA,0.22779445235177817,0.181829806135817,BIDU,0.16433953031897483,-0.3066512898318271,PDD,0.14508802775345372,-0.28321247891106605
2021-03,2021-03-01,2021-06-01,2021-03-01,102,90,6,3,3,0.17907400347473557,-0.1318270882637355,MRNA,0.22779445235177817,0.1731893953156871,BIDU,0.16433953031897483,-0.3172067917565986,PDD,0.14508802775345372,-0.251463868350295
2021-04,2021-04-01,2021-05-03,2021-04-01,102,90,6,1,1,0.1838198474143827,0.40339494522549546,MRNA,0.1838198474143827,0.40339494522549546,,,,,,
2021-04,2021-04-01,2021-06-01,2021-04-01,102,90,6,2,1,0.1838198474143827,0.3931346617170861,MRNA,0.1838198474143827,0.3931346617170861,,,,,,
2021-04,2021-04-01,2021-07-01,2021-04-01,102,90,6,3,1,0.1838198474143827,0.7737457200853206,MRNA,0.1838198474143827,0.7737457200853206,,,,,,
2021-04,2021-04-01,2021-05-03,2021-04-01,102,90,6,1,2,0.1718614366947394,0.1710656506139535,MRNA,0.1838198474143827,0.40339494522549546,AMAT,0.1599030259750961,-0.061263643997588435,,,
2021-04,2021-04-01,2021-06-01,2021-04-01,102,90,6,2,2,0.1718614366947394,0.18572662174621463,MRNA,0.1838198474143827,0.3931346617170861,AMAT,0.1599030259750961,-0.021681418224656857,,,
2021-04,2021-04-01,2021-07-01,2021-04-01,102,90,6,3,2,0.1718614366947394,0.3751118373120812,MRNA,0.1838198474143827,0.7737457200853206,AMAT,0.1599030259750961,-0.023522045461158214,,,
2021-04,2021-04-01,2021-05-03,2021-04-01,102,90,6,1,3,0.160631661896412,0.08972638933605522,MRNA,0.1838198474143827,0.40339494522549546,AMAT,0.1599030259750961,-0.061263643997588435,PDD,0.13817211229975726,-0.07295213321974137
2021-04,2021-04-01,2021-06-01,2021-04-01,102,90,6,2,3,0.160631661896412,0.11318758832859,MRNA,0.1838198474143827,0.3931346617170861,AMAT,0.1599030259750961,-0.021681418224656857,PDD,0.13817211229975726,-0.03189047850665927
2021-04,2021-04-01,2021-07-01,2021-04-01,102,90,6,3,3,0.160631661896412,0.19891543580597804,MRNA,0.1838198474143827,0.7737457200853206,AMAT,0.1599030259750961,-0.023522045461158214,PDD,0.13817211229975726,-0.1534773672062283
2021-05,2021-05-03,2021-06-01,2021-05-03,102,90,6,1,1,0.25800173668561327,-0.007311044936648803,MRNA,0.25800173668561327,-0.007311044936648803,,,,,,
2021-05,2021-05-03,2021-07-01,2021-05-03,102,90,6,2,1,0.25800173668561327,0.26389632948287245,MRNA,0.25800173668561327,0.26389632948287245,,,,,,
2021-05,2021-05-03,2021-08-02,2021-05-03,102,90,6,3,1,0.25800173668561327,0.8632941478911467,MRNA,0.25800173668561327,0.8632941478911467,,,,,,
2021-05,2021-05-03,2021-06-01,2021-05-03,102,90,6,1,2,0.20428675873785512,0.017427194484011144,MRNA,0.25800173668561327,-0.007311044936648803,AMAT,0.150571780790097,0.04216543390467109,,,
2021-05,2021-05-03,2021-07-01,2021-05-03,102,90,6,2,2,0.20428675873785512,0.1520505067329363,MRNA,0.25800173668561327,0.26389632948287245,AMAT,0.150571780790097,0.040204683983000145,,,
2021-05,2021-05-03,2021-08-02,2021-05-03,102,90,6,3,2,0.20428675873785512,0.4670566845875642,MRNA,0.25800173668561327,0.8632941478911467,AMAT,0.150571780790097,0.07081922128398177,,,
2021-05,2021-05-03,2021-06-01,2021-05-03,102,90,6,1,3,0.1734336122384045,-0.018069917115867584,MRNA,0.25800173668561327,-0.007311044936648803,AMAT,0.150571780790097,0.04216543390467109,TSLA,0.11172731923950324,-0.08906414031562504
2021-05,2021-05-03,2021-07-01,2021-05-03,102,90,6,2,3,0.1734336122384045,0.09796990216136818,MRNA,0.25800173668561327,0.26389632948287245,AMAT,0.150571780790097,0.040204683983000145,TSLA,0.11172731923950324,-0.010191306981768067
2021-05,2021-05-03,2021-08-02,2021-05-03,102,90,6,3,3,0.1734336122384045,0.3234264128531648,MRNA,0.25800173668561327,0.8632941478911467,AMAT,0.150571780790097,0.07081922128398177,TSLA,0.11172731923950324,0.036165869384366056
2021-06,2021-06-01,2021-07-01,2021-06-01,102,90,6,1,1,0.09077238956944804,-0.0018814190702186595,AMAT,0.09077238956944804,-0.0018814190702186595,,,,,,
2021-06,2021-06-01,2021-08-02,2021-06-01,102,90,6,2,1,0.09077238956944804,0.027494471076395133,AMAT,0.09077238956944804,0.027494471076395133,,,,,,
2021-06,2021-06-01,2021-09-01,2021-06-01,102,90,6,3,1,0.09077238956944804,-0.032601542277173046,AMAT,0.09077238956944804,-0.032601542277173046,,,,,,
2021-06,2021-06-01,2021-07-01,2021-06-01,102,90,6,1,2,0.09074186162376885,-0.0018325948717628493,AMAT,0.09077238956944804,-0.0018814190702186595,BIDU,0.09071133367808966,-0.001783770673307039,,,
2021-06,2021-06-01,2021-08-02,2021-06-01,102,90,6,2,2,0.09074186162376885,-0.07348397404476315,AMAT,0.09077238956944804,0.027494471076395133,BIDU,0.09071133367808966,-0.17446241916592142,,,
2021-06,2021-06-01,2021-09-01,2021-06-01,102,90,6,3,2,0.09074186162376885,-0.10707476112654701,AMAT,0.09077238956944804,-0.032601542277173046,BIDU,0.09071133367808966,-0.18154797997592098,,,
2021-06,2021-06-01,2021-07-01,2021-06-01,102,90,6,1,3,0.08491248021209363,0.08984653238329358,AMAT,0.09077238956944804,-0.0018814190702186595,BIDU,0.09071133367808966,-0.001783770673307039,MRNA,0.07325371738874319,0.27320478689340644
2021-06,2021-06-01,2021-08-02,2021-06-01,102,90,6,2,3,0.08491248021209363,0.24334971873264144,AMAT,0.09077238956944804,0.027494471076395133,BIDU,0.09071133367808966,-0.17446241916592142,MRNA,0.07325371738874319,0.8770171042874506
2021-06,2021-06-01,2021-09-01,2021-06-01,102,90,6,3,3,0.08491248021209363,0.2991717100418844,AMAT,0.09077238956944804,-0.032601542277173046,BIDU,0.09071133367808966,-0.18154797997592098,MRNA,0.07325371738874319,1.1116646523787472
2021-07,2021-07-01,2021-08-02,2021-07-01,102,90,6,1,1,0.15339531407262907,0.47424603143955624,MRNA,0.15339531407262907,0.47424603143955624,,,,,,
2021-07,2021-07-01,2021-09-01,2021-07-01,102,90,6,2,1,0.15339531407262907,0.6585428158271109,MRNA,0.15339531407262907,0.6585428158271109,,,,,,
2021-07,2021-07-01,2021-10-01,2021-07-01,102,90,6,3,1,0.15339531407262907,0.45076770640301245,MRNA,0.15339531407262907,0.45076770640301245,,,,,,
2021-07,2021-07-01,2021-08-02,2021-07-01,102,90,6,1,2,0.1193559841193512,0.25183864706252357,MRNA,0.15339531407262907,0.47424603143955624,AMAT,0.08531665416607331,0.0294312626854909,,,
2021-07,2021-07-01,2021-09-01,2021-07-01,102,90,6,2,2,0.1193559841193512,0.3138823931241817,MRNA,0.15339531407262907,0.6585428158271109,AMAT,0.08531665416607331,-0.030778029578747534,,,
2021-07,2021-07-01,2021-10-01,2021-07-01,102,90,6,3,2,0.1193559841193512,0.1942719903576049,MRNA,0.15339531407262907,0.45076770640301245,AMAT,0.08531665416607331,-0.062223725687802656,,,
2021-07,2021-07-01,2021-08-02,2021-07-01,102,90,6,1,3,0.10549926682381067,0.1602732046300244,MRNA,0.15339531407262907,0.47424603143955624,AMAT,0.08531665416607331,0.0294312626854909,NVDA,0.0777858322327296,-0.02285768023497392
2021-07,2021-07-01,2021-09-01,2021-07-01,102,90,6,2,3,0.10549926682381067,0.2460805909533075,MRNA,0.15339531407262907,0.6585428158271109,AMAT,0.08531665416607331,-0.030778029578747534,NVDA,0.0777858322327296,0.11047698661155914
2021-07,2021-07-01,2021-10-01,2021-07-01,102,90,6,3,3,0.10549926682381067,0.13831568935667526,MRNA,0.15339531407262907,0.45076770640301245,AMAT,0.08531665416607331,-0.062223725687802656,NVDA,0.0777858322327296,0.026403087354816
2021-08,2021-08-02,2021-09-01,2021-08-02,102,91,6,1,1,0.16419145670322213,0.12501087366509278,MRNA,0.16419145670322213,0.12501087366509278,,,,,,
2021-08,2021-08-02,2021-10-01,2021-08-02,102,91,6,2,1,0.16419145670322213,-0.01592564913579453,MRNA,0.16419145670322213,-0.01592564913579453,,,,,,
2021-08,2021-08-02,2021-11-01,2021-08-02,102,91,6,3,1,0.16419145670322213,-0.027235141290731346,MRNA,0.16419145670322213,-0.027235141290731346,,,,,,
2021-08,2021-08-02,2021-09-01,2021-08-02,102,91,6,1,2,0.11829903241002454,0.13073227756471117,MRNA,0.16419145670322213,0.12501087366509278,NVDA,0.07240660811682693,0.13645368146432957,,,
2021-08,2021-08-02,2021-10-01,2021-08-02,102,91,6,2,2,0.11829903241002454,0.01724372241782507,MRNA,0.16419145670322213,-0.01592564913579453,NVDA,0.07240660811682693,0.05041309397144467,,,
2021-08,2021-08-02,2021-11-01,2021-08-02,102,91,6,3,2,0.11829903241002454,0.14034580598055607,MRNA,0.16419145670322213,-0.027235141290731346,NVDA,0.07240660811682693,0.3079267532518435,,,
2021-08,2021-08-02,2021-09-01,2021-08-02,102,91,6,1,3,0.09976917550017377,0.06765887872398302,MRNA,0.16419145670322213,0.12501087366509278,NVDA,0.07240660811682693,0.13645368146432957,AMAT,0.06270946168047221,-0.058487918957473295
2021-08,2021-08-02,2021-10-01,2021-08-02,102,91,6,2,3,0.09976917550017377,-0.018182381063128045,MRNA,0.16419145670322213,-0.01592564913579453,NVDA,0.07240660811682693,0.05041309397144467,AMAT,0.06270946168047221,-0.08903458802503428
2021-08,2021-08-02,2021-11-01,2021-08-02,102,91,6,3,3,0.09976917550017377,0.08829469280857409,MRNA,0.16419145670322213,-0.027235141290731346,NVDA,0.07240660811682693,0.3079267532518435,AMAT,0.06270946168047221,-0.015807533535389884
2021-09,2021-09-01,2021-10-01,2021-09-01,102,92,6,1,1,0.18511127109023842,-0.12527569830657748,MRNA,0.18511127109023842,-0.12527569830657748,,,,,,
2021-09,2021-09-01,2021-11-01,2021-09-01,102,92,6,2,1,0.18511127109023842,-0.135328483057086,MRNA,0.18511127109023842,-0.135328483057086,,,,,,
2021-09,2021-09-01,2021-12-01,2021-09-01,102,92,6,3,1,0.18511127109023842,-0.20344159766415404,MRNA,0.18511127109023842,-0.20344159766415404,,,,,,
2021-09,2021-09-01,2021-10-01,2021-09-01,102,92,6,1,2,0.13632289611376114,-0.10049270804292726,MRNA,0.18511127109023842,-0.12527569830657748,NVDA,0.08753452113728388,-0.07570971777927704,,,
2021-09,2021-09-01,2021-11-01,2021-09-01,102,92,6,2,2,0.13632289611376114,0.007777932043621205,MRNA,0.18511127109023842,-0.135328483057086,NVDA,0.08753452113728388,0.1508843471443284,,,
2021-09,2021-09-01,2021-12-01,2021-09-01,102,92,6,3,2,0.13632289611376114,0.09875710136761645,MRNA,0.18511127109023842,-0.20344159766415404,NVDA,0.08753452113728388,0.40095580039938694,,,
2021-09,2021-09-01,2021-10-01,2021-09-01,102,92,6,1,3,0.1153907865259438,-0.04859321210594473,MRNA,0.18511127109023842,-0.12527569830657748,NVDA,0.08753452113728388,-0.07570971777927704,TEAM,0.0735265673503091,0.055205779768020324
2021-09,2021-09-01,2021-11-01,2021-09-01,102,92,6,2,3,0.1153907865259438,0.07552875486196704,MRNA,0.18511127109023842,-0.135328483057086,NVDA,0.08753452113728388,0.1508843471443284,TEAM,0.0735265673503091,0.21103040049865873
2021-09,2021-09-01,2021-12-01,2021-09-01,102,92,6,3,3,0.1153907865259438,0.05284369911272609,MRNA,0.18511127109023842,-0.20344159766415404,NVDA,0.08753452113728388,0.40095580039938694,TEAM,0.0735265673503091,-0.03898310539705463
2021-10,2021-10-01,2021-11-01,2021-10-01,102,92,6,1,1,0.1905449823300541,-0.011492517963713755,MRNA,0.1905449823300541,-0.011492517963713755,,,,,,
2021-10,2021-10-01,2021-12-01,2021-10-01,102,92,6,2,1,0.1905449823300541,-0.08936061248813054,MRNA,0.1905449823300541,-0.08936061248813054,,,,,,
2021-10,2021-10-01,2022-01-03,2021-10-01,102,92,6,3,1,0.1905449823300541,-0.31088567364809916,MRNA,0.1905449823300541,-0.31088567364809916,,,,,,
2021-10,2021-10-01,2021-11-01,2021-10-01,102,92,6,1,2,0.14605971654099784,0.06808987029185476,MRNA,0.1905449823300541,-0.011492517963713755,TEAM,0.10157445075194156,0.14767225854742327,,,
2021-10,2021-10-01,2021-12-01,2021-10-01,102,92,6,2,2,0.14605971654099784,-0.08931088303344831,MRNA,0.1905449823300541,-0.08936061248813054,TEAM,0.10157445075194156,-0.08926115357876607,,,
2021-10,2021-10-01,2022-01-03,2021-10-01,102,92,6,3,2,0.14605971654099784,-0.2087292419829846,MRNA,0.1905449823300541,-0.31088567364809916,TEAM,0.10157445075194156,-0.10657281031787003,,,
2021-10,2021-10-01,2021-11-01,2021-10-01,102,92,6,1,3,0.12244648713433404,0.12711146507409232,MRNA,0.1905449823300541,-0.011492517963713755,TEAM,0.10157445075194156,0.14767225854742327,NVDA,0.07522002832100642,0.24515465463856745
2021-10,2021-10-01,2021-12-01,2021-10-01,102,92,6,2,3,0.12244648713433404,0.11236266412659494,MRNA,0.1905449823300541,-0.08936061248813054,TEAM,0.10157445075194156,-0.08926115357876607,NVDA,0.07522002832100642,0.5157097584466814
2021-10,2021-10-01,2022-01-03,2021-10-01,102,92,6,3,3,0.12244648713433404,0.011631334554711584,MRNA,0.1905449823300541,-0.31088567364809916,TEAM,0.10157445075194156,-0.10657281031787003,NVDA,0.07522002832100642,0.45235248763010394
2021-11,2021-11-01,2021-12-01,2021-11-01,102,92,6,1,1,0.12139707179851923,-0.07877339923013194,MRNA,0.12139707179851923,-0.07877339923013194,,,,,,
2021-11,2021-11-01,2022-01-03,2021-11-01,102,92,6,2,1,0.12139707179851923,-0.30287393987918776,MRNA,0.12139707179851923,-0.30287393987918776,,,,,,
2021-11,2021-11-01,2022-02-01,2021-11-01,102,92,6,3,1,0.12139707179851923,-0.4876768436876804,MRNA,0.12139707179851923,-0.4876768436876804,,,,,,
2021-11,2021-11-01,2021-12-01,2021-11-01,102,92,6,1,2,0.12120279031867479,-0.1426101636143045,MRNA,0.12139707179851923,-0.07877339923013194,TEAM,0.12100850883883034,-0.20644692799847708,,,
2021-11,2021-11-01,2022-01-03,2021-11-01,102,92,6,2,2,0.12120279031867479,-0.2622025073008804,MRNA,0.12139707179851923,-0.30287393987918776,TEAM,0.12100850883883034,-0.22153107472257305,,,
2021-11,2021-11-01,2022-02-01,2021-11-01,102,92,6,3,2,0.12120279031867479,-0.3818732726538773,MRNA,0.12139707179851923,-0.4876768436876804,TEAM,0.12100850883883034,-0.27606970162007427,,,
2021-11,2021-11-01,2021-12-01,2021-11-01,102,92,6,1,3,0.11934752965894052,-0.1264019669247268,MRNA,0.12139707179851923,-0.07877339923013194,TEAM,0.12100850883883034,-0.20644692799847708,TSLA,0.11563700833947198,-0.09398557354557135
2021-11,2021-11-01,2022-01-03,2021-11-01,102,92,6,2,3,0.11934752965894052,-0.1772315079218899,MRNA,0.12139707179851923,-0.30287393987918776,TEAM,0.12100850883883034,-0.22153107472257305,TSLA,0.11563700833947198,-0.007289509163908914
2021-11,2021-11-01,2022-02-01,2021-11-01,102,92,6,3,3,0.11934752965894052,-0.3310735342848313,MRNA,0.12139707179851923,-0.4876768436876804,TEAM,0.12100850883883034,-0.27606970162007427,TSLA,0.11563700833947198,-0.22947405754673922
2021-12,2021-12-01,2022-01-03,2021-12-01,102,92,6,1,1,0.12388635132385013,-0.041800397776357134,NVDA,0.12388635132385013,-0.041800397776357134,,,,,,
2021-12,2021-12-01,2022-02-01,2021-12-01,102,92,6,2,1,0.12388635132385013,-0.21622384965347974,NVDA,0.12388635132385013,-0.21622384965347974,,,,,,
2021-12,2021-12-01,2022-03-01,2021-12-01,102,92,6,3,1,0.12388635132385013,-0.253157431336536,NVDA,0.12388635132385013,-0.253157431336536,,,,,,
2021-12,2021-12-01,2022-01-03,2021-12-01,102,92,6,1,2,0.1193515603958322,0.026944549412870222,NVDA,0.12388635132385013,-0.041800397776357134,TSLA,0.11481676946781426,0.09568949660209758,,,
2021-12,2021-12-01,2022-02-01,2021-12-01,102,92,6,2,2,0.1193515603958322,-0.18288362825942395,NVDA,0.12388635132385013,-0.21622384965347974,TSLA,0.11481676946781426,-0.14954340686536816,,,
2021-12,2021-12-01,2022-03-01,2021-12-01,102,92,6,3,2,0.1193515603958322,-0.23188923411593498,NVDA,0.12388635132385013,-0.253157431336536,TSLA,0.11481676946781426,-0.21062103689533396,,,
2021-12,2021-12-01,2022-01-03,2021-12-01,102,92,6,1,3,0.11711643736354656,0.020489143147325712,NVDA,0.12388635132385013,-0.041800397776357134,TSLA,0.11481676946781426,0.09568949660209758,AMD,0.1126461912989753,0.007578330616236695
2021-12,2021-12-01,2022-02-01,2021-12-01,102,92,6,2,3,0.11711643736354656,-0.19419568845873023,NVDA,0.12388635132385013,-0.21622384965347974,TSLA,0.11481676946781426,-0.14954340686536816,AMD,0.1126461912989753,-0.21681980885734276
2021-12,2021-12-01,2022-03-01,2021-12-01,102,92,6,3,3,0.11711643736354656,-0.2334607695279536,NVDA,0.12388635132385013,-0.253157431336536,TSLA,0.11481676946781426,-0.21062103689533396,AMD,0.1126461912989753,-0.2366038403519909
2022-01,2022-01-03,2022-02-01,2022-01-03,101,92,6,1,1,0.11633428584542428,-0.2238160575856306,TSLA,0.11633428584542428,-0.2238160575856306,,,,,,
2022-01,2022-01-03,2022-03-01,2022-01-03,101,92,6,2,1,0.11633428584542428,-0.2795596146968168,TSLA,0.11633428584542428,-0.2795596146968168,,,,,,
2022-01,2022-01-03,2022-04-01,2022-01-03,101,92,6,3,1,0.11633428584542428,-0.09600927049842889,TSLA,0.11633428584542428,-0.09600927049842889,,,,,,
2022-01,2022-01-03,2022-02-01,2022-01-03,101,92,6,1,2,0.11432885561035296,-0.24591729456506517,TSLA,0.11633428584542428,-0.2238160575856306,LCID,0.11232342537528163,-0.2680185315444997,,,
2022-01,2022-01-03,2022-03-01,2022-01-03,101,92,6,2,2,0.11432885561035296,-0.33450250298786166,TSLA,0.11633428584542428,-0.2795596146968168,LCID,0.11232342537528163,-0.38944539127890654,,,
2022-01,2022-01-03,2022-04-01,2022-01-03,101,92,6,3,2,0.11432885561035296,-0.248102354132878,TSLA,0.11633428584542428,-0.09600927049842889,LCID,0.11232342537528163,-0.40019543776732713,,,
2022-01,2022-01-03,2022-02-01,2022-01-03,101,92,6,1,3,0.1055954397112188,-0.23818165193777374,TSLA,0.11633428584542428,-0.2238160575856306,LCID,0.11232342537528163,-0.2680185315444997,AMD,0.08812860791295046,-0.22271036668319089
2022-01,2022-01-03,2022-03-01,2022-01-03,101,92,6,2,3,0.1055954397112188,-0.30378353396489605,TSLA,0.11633428584542428,-0.2795596146968168,LCID,0.11232342537528163,-0.38944539127890654,AMD,0.08812860791295046,-0.24234559591896476
2022-01,2022-01-03,2022-04-01,2022-01-03,101,92,6,3,3,0.1055954397112188,-0.2586967449506299,TSLA,0.11633428584542428,-0.09600927049842889,LCID,0.11232342537528163,-0.40019543776732713,AMD,0.08812860791295046,-0.27988552658613364
2022-02,2022-02-01,2022-03-01,2022-02-01,101,92,6,1,1,0.09140307699576938,-0.16588788783221597,LCID,0.09140307699576938,-0.16588788783221597,,,,,,
2022-02,2022-02-01,2022-04-01,2022-02-01,101,92,6,2,1,0.09140307699576938,-0.18057411549191815,LCID,0.09140307699576938,-0.18057411549191815,,,,,,
2022-02,2022-02-01,2022-05-02,2022-02-01,101,92,6,3,1,0.09140307699576938,-0.3638184171543012,LCID,0.09140307699576938,-0.3638184171543012,,,,,,
2022-02,2022-02-01,2022-03-01,2022-02-01,101,92,6,1,2,0.08131446987690158,-0.11885267254671594,LCID,0.09140307699576938,-0.16588788783221597,TSLA,0.07122586275803378,-0.07181745726121591,,,
2022-02,2022-02-01,2022-04-01,2022-02-01,101,92,6,2,2,0.08131446987690158,-0.007956839286626771,LCID,0.09140307699576938,-0.18057411549191815,TSLA,0.07122586275803378,0.1646604369186646,,,
2022-02,2022-02-01,2022-05-02,2022-02-01,101,92,6,3,2,0.08131446987690158,-0.19710917499388608,LCID,0.09140307699576938,-0.3638184171543012,TSLA,0.07122586275803378,-0.030399932833470977,,,
2022-02,2022-02-01,2022-03-01,2022-02-01,101,92,6,1,3,0.07321183293532058,-0.06565247449462208,LCID,0.09140307699576938,-0.16588788783221597,TSLA,0.07122586275803378,-0.07181745726121591,DLTR,0.05700655905215857,0.04074792160956564
2022-02,2022-02-01,2022-04-01,2022-02-01,101,92,6,2,3,0.07321183293532058,0.05724506838537332,LCID,0.09140307699576938,-0.18057411549191815,TSLA,0.07122586275803378,0.1646604369186646,DLTR,0.05700655905215857,0.1876488837293735
2022-02,2022-02-01,2022-05-02,2022-02-01,101,92,6,3,3,0.07321183293532058,-0.05904815530674549,LCID,0.09140307699576938,-0.3638184171543012,TSLA,0.07122586275803378,-0.030399932833470977,DLTR,0.05700655905215857,0.2170738840675357
2022-03,2022-03-01,2022-04-01,2022-03-01,102,94,6,1,1,0.10568470150971841,-0.017607018823325826,LCID,0.10568470150971841,-0.017607018823325826,,,,,,
2022-03,2022-03-01,2022-05-02,2022-03-01,102,94,6,2,1,0.10568470150971841,-0.2372948749151732,LCID,0.10568470150971841,-0.2372948749151732,,,,,,
2022-03,2022-03-01,2022-06-01,2022-03-01,102,94,6,3,1,0.10568470150971841,-0.21968785609184738,LCID,0.10568470150971841,-0.21968785609184738,,,,,,
2022-03,2022-03-01,2022-04-01,2022-03-01,102,94,6,1,2,0.09223353660285993,0.06177119896374189,LCID,0.10568470150971841,-0.017607018823325826,DLTR,0.07878237169600144,0.1411494167508096,,,
2022-03,2022-03-01,2022-05-02,2022-03-01,102,94,6,2,2,0.09223353660285993,-0.03393626062176197,LCID,0.10568470150971841,-0.2372948749151732,DLTR,0.07878237169600144,0.16942235367164926,,,
2022-03,2022-03-01,2022-06-01,2022-03-01,102,94,6,3,2,0.09223353660285993,-0.03361464320810903,LCID,0.10568470150971841,-0.21968785609184738,DLTR,0.07878237169600144,0.15245856967562932,,,
2022-03,2022-03-01,2022-04-01,2022-03-01,102,94,6,1,3,0.0793294334448815,0.1261058664129181,LCID,0.10568470150971841,-0.017607018823325826,DLTR,0.07878237169600144,0.1411494167508096,TSLA,0.05352122712892462,0.2547752013112705
2022-03,2022-03-01,2022-05-02,2022-03-01,102,94,6,2,3,0.0793294334448815,-0.007750115208474499,LCID,0.10568470150971841,-0.2372948749151732,DLTR,0.07878237169600144,0.16942235367164926,TSLA,0.05352122712892462,0.044622175618100446
2022-03,2022-03-01,2022-06-01,2022-03-01,102,94,6,3,3,0.0793294334448815,-0.07022878632963266,LCID,0.10568470150971841,-0.21968785609184738,DLTR,0.07878237169600144,0.15245856967562932,TSLA,0.05352122712892462,-0.14345707257267992
2022-04,2022-04-01,2022-05-02,2022-04-01,102,94,6,1,1,0.08750932345095623,0.02477584136294886,DLTR,0.08750932345095623,0.02477584136294886,,,,,,
2022-04,2022-04-01,2022-06-01,2022-04-01,102,94,6,2,1,0.08750932345095623,0.009910317403500013,DLTR,0.08750932345095623,0.009910317403500013,,,,,,
2022-04,2022-04-01,2022-07-01,2022-04-01,102,94,6,3,1,0.08750932345095623,-0.01982053909860304,DLTR,0.08750932345095623,-0.01982053909860304,,,,,,
2022-04,2022-04-01,2022-05-02,2022-04-01,102,94,6,1,2,0.08707749382340076,-0.07135338432421706,DLTR,0.08750932345095623,0.02477584136294886,TSLA,0.08664566419584528,-0.16748261001138298,,,
2022-04,2022-04-01,2022-06-01,2022-04-01,102,94,6,2,2,0.08707749382340076,-0.15373154209843637,DLTR,0.08750932345095623,0.009910317403500013,TSLA,0.08664566419584528,-0.31737340160037275,,,
2022-04,2022-04-01,2022-07-01,2022-04-01,102,94,6,3,2,0.08707749382340076,-0.19560255380096325,DLTR,0.08750932345095623,-0.01982053909860304,TSLA,0.08664566419584528,-0.37138456850332346,,,
2022-04,2022-04-01,2022-05-02,2022-04-01,102,94,6,1,3,0.08115980412002126,-0.05281659341633752,DLTR,0.08750932345095623,0.02477584136294886,TSLA,0.08664566419584528,-0.16748261001138298,VRTX,0.06932442471326228,-0.01574301160057845
2022-04,2022-04-01,2022-06-01,2022-04-01,102,94,6,2,3,0.08115980412002126,-0.09840477176856673,DLTR,0.08750932345095623,0.009910317403500013,TSLA,0.08664566419584528,-0.31737340160037275,VRTX,0.06932442471326228,0.012248768891172546
2022-04,2022-04-01,2022-07-01,2022-04-01,102,94,6,3,3,0.08115980412002126,-0.10388781448435669,DLTR,0.08750932345095623,-0.01982053909860304,TSLA,0.08664566419584528,-0.37138456850332346,VRTX,0.06932442471326228,0.07954166414885644
2022-05,2022-05-02,2022-06-01,2022-05-02,102,94,6,1,1,0.06989950273126118,-0.014506122567914614,DLTR,0.06989950273126118,-0.014506122567914614,,,,,,
2022-05,2022-05-02,2022-07-01,2022-05-02,102,94,6,2,1,0.06989950273126118,-0.04351818091480253,DLTR,0.06989950273126118,-0.04351818091480253,,,,,,
2022-05,2022-05-02,2022-08-01,2022-05-02,102,94,6,3,1,0.06989950273126118,0.020259502140227648,DLTR,0.06989950273126118,0.020259502140227648,,,,,,
2022-05,2022-05-02,2022-06-01,2022-05-02,102,94,6,1,2,0.06596662606205086,0.0069666906820767815,DLTR,0.06989950273126118,-0.014506122567914614,VRTX,0.062033749392840544,0.028439503932068178,,,
2022-05,2022-05-02,2022-07-01,2022-05-02,102,94,6,2,2,0.06596662606205086,0.026645277950683444,DLTR,0.06989950273126118,-0.04351818091480253,VRTX,0.062033749392840544,0.09680873681616942,,,
2022-05,2022-05-02,2022-08-01,2022-05-02,102,94,6,3,2,0.06596662606205086,0.03278587319634896,DLTR,0.06989950273126118,0.020259502140227648,VRTX,0.062033749392840544,0.04531224425247027,,,
2022-05,2022-05-02,2022-06-01,2022-05-02,102,94,6,1,3,0.056288321459714234,0.025306332523433357,DLTR,0.06989950273126118,-0.014506122567914614,VRTX,0.062033749392840544,0.028439503932068178,EXC,0.03693171225504096,0.06198561620614651
2022-05,2022-05-02,2022-07-01,2022-05-02,102,94,6,2,3,0.056288321459714234,0.015972374953241702,DLTR,0.06989950273126118,-0.04351818091480253,VRTX,0.062033749392840544,0.09680873681616942,EXC,0.03693171225504096,-0.005373431041641785
2022-05,2022-05-02,2022-08-01,2022-05-02,102,94,6,3,3,0.056288321459714234,0.020353950314794922,DLTR,0.06989950273126118,0.020259502140227648,VRTX,0.062033749392840544,0.04531224425247027,EXC,0.03693171225504096,-0.00450989544831315
2022-06,2022-06-01,2022-07-01,2022-06-01,102,94,6,1,1,0.05107068721944835,-0.0634274572271728,EXC,0.05107068721944835,-0.0634274572271728,,,,,,
2022-06,2022-06-01,2022-08-01,2022-06-01,102,94,6,2,1,0.05107068721944835,-0.06261432418643209,EXC,0.05107068721944835,-0.06261432418643209,,,,,,
2022-06,2022-06-01,2022-09-01,2022-06-01,102,94,6,3,1,0.05107068721944835,-0.08962780683089733,EXC,0.05107068721944835,-0.08962780683089733,,,,,,
2022-06,2022-06-01,2022-07-01,2022-06-01,102,94,6,1,2,0.05011239327928452,0.0015255784252344307,EXC,0.05107068721944835,-0.0634274572271728,VRTX,0.04915409933912068,0.06647861407764166,,,
2022-06,2022-06-01,2022-08-01,2022-06-01,102,94,6,2,2,0.05011239327928452,-0.02310408342116399,EXC,0.05107068721944835,-0.06261432418643209,VRTX,0.04915409933912068,0.01640615734410411,,,
2022-06,2022-06-01,2022-09-01,2022-06-01,102,94,6,3,2,0.05011239327928452,-0.006229574210293354,EXC,0.05107068721944835,-0.08962780683089733,VRTX,0.04915409933912068,0.07716865841031062,,,
2022-06,2022-06-01,2022-07-01,2022-06-01,102,94,6,1,3,0.048218330194702425,-0.00933467933012381,EXC,0.05107068721944835,-0.0634274572271728,VRTX,0.04915409933912068,0.06647861407764166,AMGN,0.04443020402553823,-0.031055194840840294
2022-06,2022-06-01,2022-08-01,2022-06-01,102,94,6,2,3,0.048218330194702425,-0.025636065787801348,EXC,0.05107068721944835,-0.06261432418643209,VRTX,0.04915409933912068,0.01640615734410411,AMGN,0.04443020402553823,-0.03070003052107606
2022-06,2022-06-01,2022-09-01,2022-06-01,102,94,6,3,3,0.048218330194702425,-0.012076749894163482,EXC,0.05107068721944835,-0.08962780683089733,VRTX,0.04915409933912068,0.07716865841031062,AMGN,0.04443020402553823,-0.023771101261903738
2022-07,2022-07-01,2022-08-01,2022-07-01,102,94,6,1,1,0.045981836824177315,-0.046951205652485783,VRTX,0.045981836824177315,-0.046951205652485783,,,,,,
2022-07,2022-07-01,2022-09-01,2022-07-01,102,94,6,2,1,0.045981836824177315,0.010023683730324473,VRTX,0.045981836824177315,0.010023683730324473,,,,,,
2022-07,2022-07-01,2022-10-03,2022-07-01,102,94,6,3,1,0.045981836824177315,0.035187195788124015,VRTX,0.045981836824177315,0.035187195788124015,,,,,,
2022-07,2022-07-01,2022-08-01,2022-07-01,102,94,6,1,2,0.04145124582374492,-0.15561075516166512,VRTX,0.045981836824177315,-0.046951205652485783,PDD,0.036920654823312526,-0.26427030467084445,,,
2022-07,2022-07-01,2022-09-01,2022-07-01,102,94,6,2,2,0.04145124582374492,0.05592204323197969,VRTX,0.045981836824177315,0.010023683730324473,PDD,0.036920654823312526,0.10182040273363491,,,
2022-07,2022-07-01,2022-10-03,2022-07-01,102,94,6,3,2,0.04145124582374492,0.0008549510322772846,VRTX,0.045981836824177315,0.035187195788124015,PDD,0.036920654823312526,-0.033477293723569446,,,
2022-07,2022-07-01,2022-08-01,2022-07-01,102,94,6,1,3,0.03825732562790027,-0.08673387428099333,VRTX,0.045981836824177315,-0.046951205652485783,PDD,0.036920654823312526,-0.26427030467084445,TMUS,0.03186948523621097,0.051019887480350246
2022-07,2022-07-01,2022-09-01,2022-07-01,102,94,6,2,3,0.03825732562790027,0.054604631961614546,VRTX,0.045981836824177315,0.010023683730324473,PDD,0.036920654823312526,0.10182040273363491,TMUS,0.03186948523621097,0.05196980942088425
2022-07,2022-07-01,2022-10-03,2022-07-01,102,94,6,3,3,0.03825732562790027,0.005662141728675889,VRTX,0.045981836824177315,0.035187195788124015,PDD,0.036920654823312526,-0.033477293723569446,TMUS,0.03186948523621097,0.015276523121473096
2022-08,2022-08-01,2022-09-01,2022-08-01,102,94,6,1,1,0.0525510902514524,0.265970596287044,CEG,0.0525510902514524,0.265970596287044,,,,,,
2022-08,2022-08-01,2022-10-03,2022-08-01,102,94,6,2,1,0.0525510902514524,0.3284094838689162,CEG,0.0525510902514524,0.3284094838689162,,,,,,
2022-08,2022-08-01,2022-11-01,2022-08-01,102,94,6,3,1,0.0525510902514524,0.46540834242998863,CEG,0.0525510902514524,0.46540834242998863,,,,,,
2022-08,2022-08-01,2022-09-01,2022-08-01,102,94,6,1,2,0.05001579921260908,0.13343720297988593,CEG,0.0525510902514524,0.265970596287044,TMUS,0.047480508173765756,0.0009038096727278511,,,
2022-08,2022-08-01,2022-10-03,2022-08-01,102,94,6,2,2,0.05001579921260908,0.14720060871840351,CEG,0.0525510902514524,0.3284094838689162,TMUS,0.047480508173765756,-0.03400826643210919,,,
2022-08,2022-08-01,2022-11-01,2022-08-01,102,94,6,3,2,0.05001579921260908,0.2622263139381267,CEG,0.0525510902514524,0.46540834242998863,TMUS,0.047480508173765756,0.05904428544626472,,,
2022-08,2022-08-01,2022-09-01,2022-08-01,102,94,6,1,3,0.046295171152600866,0.06193694973077213,CEG,0.0525510902514524,0.265970596287044,TMUS,0.047480508173765756,0.0009038096727278511,CDNS,0.03885391503258443,-0.08106355676745547
2022-08,2022-08-01,2022-10-03,2022-08-01,102,94,6,2,3,0.046295171152600866,0.07154490242133067,CEG,0.0525510902514524,0.3284094838689162,TMUS,0.047480508173765756,-0.03400826643210919,CDNS,0.03885391503258443,-0.079766510172815
2022-08,2022-08-01,2022-11-01,2022-08-01,102,94,6,3,3,0.046295171152600866,0.11337136549619171,CEG,0.0525510902514524,0.46540834242998863,TMUS,0.047480508173765756,0.05904428544626472,CDNS,0.03885391503258443,-0.1843385313876782
2022-09,2022-09-01,2022-10-03,2022-09-01,102,94,6,1,1,0.1030168336958031,0.04932096192834079,CEG,0.1030168336958031,0.04932096192834079,,,,,,
2022-09,2022-09-01,2022-11-01,2022-09-01,102,94,6,2,1,0.1030168336958031,0.15753742363991252,CEG,0.1030168336958031,0.15753742363991252,,,,,,
2022-09,2022-09-01,2022-12-01,2022-09-01,102,94,6,3,1,0.1030168336958031,0.14656446810368462,CEG,0.1030168336958031,0.14656446810368462,,,,,,
2022-09,2022-09-01,2022-10-03,2022-09-01,102,94,6,1,2,0.09626545741146633,-0.03673686479269184,CEG,0.1030168336958031,0.04932096192834079,PDD,0.08951408112712957,-0.12279469151372446,,,
2022-09,2022-09-01,2022-11-01,2022-09-01,102,94,6,2,2,0.09626545741146633,-0.04395600974772945,CEG,0.1030168336958031,0.15753742363991252,PDD,0.08951408112712957,-0.24544944313537143,,,
2022-09,2022-09-01,2022-12-01,2022-09-01,102,94,6,3,2,0.09626545741146633,0.15953258416863336,CEG,0.1030168336958031,0.14656446810368462,PDD,0.08951408112712957,0.1725007002335821,,,
2022-09,2022-09-01,2022-10-03,2022-09-01,102,94,6,1,3,0.07782799103469565,-0.01618664847352591,CEG,0.1030168336958031,0.04932096192834079,PDD,0.08951408112712957,-0.12279469151372446,VRTX,0.04095305828115429,0.02491378416480594
2022-09,2022-09-01,2022-11-01,2022-09-01,102,94,6,2,3,0.07782799103469565,-0.0017368126201733707,CEG,0.1030168336958031,0.15753742363991252,PDD,0.08951408112712957,-0.24544944313537143,VRTX,0.04095305828115429,0.08270158163493879
2022-09,2022-09-01,2022-12-01,2022-09-01,102,94,6,3,3,0.07782799103469565,0.14145728017986067,CEG,0.1030168336958031,0.14656446810368462,PDD,0.08951408112712957,0.1725007002335821,VRTX,0.04095305828115429,0.10530667220231527
2022-10,2022-10-03,2022-11-01,2022-10-03,102,94,6,1,1,0.0962811947592243,-0.13982445208101013,PDD,0.0962811947592243,-0.13982445208101013,,,,,,
2022-10,2022-10-03,2022-12-01,2022-10-03,102,94,6,2,1,0.0962811947592243,0.33663201634845863,PDD,0.0962811947592243,0.33663201634845863,,,,,,
2022-10,2022-10-03,2023-01-03,2022-10-03,102,94,6,3,1,0.0962811947592243,0.3492417672867889,PDD,0.0962811947592243,0.3492417672867889,,,,,,
2022-10,2022-10-03,2022-11-01,2022-10-03,102,94,6,1,2,0.08592064676871955,-0.018347230372877332,PDD,0.0962811947592243,-0.13982445208101013,CEG,0.07556009877821479,0.10312999133525547,,,
2022-10,2022-10-03,2022-12-01,2022-10-03,102,94,6,2,2,0.08592064676871955,0.21465240557004572,PDD,0.0962811947592243,0.33663201634845863,CEG,0.07556009877821479,0.09267279479163282,,,
2022-10,2022-10-03,2023-01-03,2022-10-03,102,94,6,3,2,0.08592064676871955,0.14832059510322315,PDD,0.0962811947592243,0.3492417672867889,CEG,0.07556009877821479,-0.0526005770803426,,,
2022-10,2022-10-03,2022-11-01,2022-10-03,102,94,6,1,3,0.0724562123527294,0.007619719389359385,PDD,0.0962811947592243,-0.13982445208101013,CEG,0.07556009877821479,0.10312999133525547,BIIB,0.04552734352074909,0.05955361891383282
2022-10,2022-10-03,2022-12-01,2022-10-03,102,94,6,2,3,0.0724562123527294,0.19045942947303374,PDD,0.0962811947592243,0.33663201634845863,CEG,0.07556009877821479,0.09267279479163282,BIIB,0.04552734352074909,0.14207347727900976
2022-10,2022-10-03,2023-01-03,2022-10-03,102,94,6,3,3,0.0724562123527294,0.1093861572028502,PDD,0.0962811947592243,0.3492417672867889,CEG,0.07556009877821479,-0.0526005770803426,BIIB,0.04552734352074909,0.0315172814021043
2022-11,2022-11-01,2022-12-01,2022-11-01,102,94,6,1,1,0.09223133547119007,-0.009479568705194064,CEG,0.09223133547119007,-0.009479568705194064,,,,,,
2022-11,2022-11-01,2023-01-03,2022-11-01,102,94,6,2,1,0.09223133547119007,-0.14117154790352315,CEG,0.09223133547119007,-0.14117154790352315,,,,,,
2022-11,2022-11-01,2023-02-01,2022-11-01,102,94,6,3,1,0.09223133547119007,-0.10447397003540215,CEG,0.09223133547119007,-0.10447397003540215,,,,,,
2022-11,2022-11-01,2022-12-01,2022-11-01,102,94,6,1,2,0.08050700003319589,0.047919335754030956,CEG,0.09223133547119007,-0.009479568705194064,NFLX,0.06878266459520171,0.10531824021325598,,,
2022-11,2022-11-01,2023-01-03,2022-11-01,102,94,6,2,2,0.08050700003319589,-0.05628757649770455,CEG,0.09223133547119007,-0.14117154790352315,NFLX,0.06878266459520171,0.028596394908114053,,,
2022-11,2022-11-01,2023-02-01,2022-11-01,102,94,6,3,2,0.08050700003319589,0.07895747488434207,CEG,0.09223133547119007,-0.10447397003540215,NFLX,0.06878266459520171,0.2623889198040863,,,
2022-11,2022-11-01,2022-12-01,2022-11-01,102,94,6,1,3,0.07537883186791466,0.21658158483186737,CEG,0.09223133547119007,-0.009479568705194064,NFLX,0.06878266459520171,0.10531824021325598,PDD,0.06512249553735223,0.5539060829875402
2022-11,2022-11-01,2023-01-03,2022-11-01,102,94,6,2,3,0.07537883186791466,0.15199681290128497,CEG,0.09223133547119007,-0.14117154790352315,NFLX,0.06878266459520171,0.028596394908114053,PDD,0.06512249553735223,0.568565591699264
2022-11,2022-11-01,2023-02-01,2022-11-01,102,94,6,3,3,0.07537883186791466,0.3562815684190446,CEG,0.09223133547119007,-0.10447397003540215,NFLX,0.06878266459520171,0.2623889198040863,PDD,0.06512249553735223,0.9109297554884497
2022-12,2022-12-01,2023-01-03,2022-12-01,102,94,6,1,1,0.14124372817956513,0.009433973437789511,PDD,0.14124372817956513,0.009433973437789511,,,,,,
2022-12,2022-12-01,2023-02-01,2022-12-01,102,94,6,2,1,0.14124372817956513,0.22975884862648566,PDD,0.14124372817956513,0.22975884862648566,,,,,,
2022-12,2022-12-01,2023-03-01,2022-12-01,102,94,6,3,1,0.14124372817956513,0.08717462667760811,PDD,0.14124372817956513,0.08717462667760811,,,,,,
2022-12,2022-12-01,2023-01-03,2022-12-01,102,94,6,1,2,0.12240132255016245,-0.09192314455722989,PDD,0.14124372817956513,0.009433973437789511,ENPH,0.10355891692075976,-0.19328026255224928,,,
2022-12,2022-12-01,2023-02-01,2022-12-01,102,94,6,2,2,0.12240132255016245,-0.023432678569482612,PDD,0.14124372817956513,0.22975884862648566,ENPH,0.10355891692075976,-0.2766242057654509,,,
2022-12,2022-12-01,2023-03-01,2022-12-01,102,94,6,3,2,0.12240132255016245,-0.11732033483278481,PDD,0.14124372817956513,0.08717462667760811,ENPH,0.10355891692075976,-0.32181529634317774,,,
2022-12,2022-12-01,2023-01-03,2022-12-01,102,94,6,1,3,0.11382657912360623,-0.0706017480320612,PDD,0.14124372817956513,0.009433973437789511,ENPH,0.10355891692075976,-0.19328026255224928,DXCM,0.09667709227049383,-0.02795895498172385
2022-12,2022-12-01,2023-02-01,2022-12-01,102,94,6,2,3,0.11382657912360623,-0.04476691774596556,PDD,0.14124372817956513,0.22975884862648566,ENPH,0.10355891692075976,-0.2766242057654509,DXCM,0.09667709227049383,-0.08743539609893147
2022-12,2022-12-01,2023-03-01,2022-12-01,102,94,6,3,3,0.11382657912360623,-0.09874505057720395,PDD,0.14124372817956513,0.08717462667760811,ENPH,0.10355891692075976,-0.32181529634317774,DXCM,0.09667709227049383,-0.06159448206604223
2023-01,2023-01-03,2023-02-01,2023-01-03,101,94,6,1,1,0.09143714169714762,0.22729277105512047,NFLX,0.09143714169714762,0.22729277105512047,,,,,,
2023-01,2023-01-03,2023-03-01,2023-01-03,101,94,6,2,1,0.09143714169714762,0.06282416276644742,NFLX,0.09143714169714762,0.06282416276644742,,,,,,
2023-01,2023-01-03,2023-04-03,2023-01-03,101,94,6,3,1,0.09143714169714762,0.18081024322816885,NFLX,0.09143714169714762,0.18081024322816885,,,,,,
2023-01,2023-01-03,2023-02-01,2023-01-03,101,94,6,1,2,0.09029506676209609,0.1252582497415976,NFLX,0.09143714169714762,0.22729277105512047,ROST,0.08915299182704456,0.02322372842807474,,,
2023-01,2023-01-03,2023-03-01,2023-01-03,101,94,6,2,2,0.09029506676209609,0.009138113644210077,NFLX,0.09143714169714762,0.06282416276644742,ROST,0.08915299182704456,-0.04454793547802727,,,
2023-01,2023-01-03,2023-04-03,2023-01-03,101,94,6,3,2,0.09029506676209609,0.06083800504371972,NFLX,0.09143714169714762,0.18081024322816885,ROST,0.08915299182704456,-0.05913423314072941,,,
2023-01,2023-01-03,2023-02-01,2023-01-03,101,94,6,1,3,0.08986555594618152,0.15626075375759654,NFLX,0.09143714169714762,0.22729277105512047,ROST,0.08915299182704456,0.02322372842807474,PDD,0.08900653431435242,0.21826576178959445
2023-01,2023-01-03,2023-03-01,2023-01-03,101,94,6,2,3,0.08986555594618152,0.031763443838211246,NFLX,0.09143714169714762,0.06282416276644742,ROST,0.08915299182704456,-0.04454793547802727,PDD,0.08900653431435242,0.07701410422621358
2023-01,2023-01-03,2023-04-03,2023-01-03,101,94,6,3,3,0.08986555594618152,0.002347373915970915,NFLX,0.09143714169714762,0.18081024322816885,ROST,0.08915299182704456,-0.05913423314072941,PDD,0.08900653431435242,-0.1146338883395267
2023-02,2023-02-01,2023-03-01,2023-02-01,101,94,6,1,1,0.16942921205775888,-0.11594486358697842,PDD,0.16942921205775888,-0.11594486358697842,,,,,,
2023-02,2023-02-01,2023-04-03,2023-02-01,101,94,6,2,1,0.16942921205775888,-0.27325700234742045,PDD,0.16942921205775888,-0.27325700234742045,,,,,,
2023-02,2023-02-01,2023-05-01,2023-02-01,101,94,6,3,1,0.16942921205775888,-0.33394839675665544,PDD,0.16942921205775888,-0.33394839675665544,,,,,,
2023-02,2023-02-01,2023-03-01,2023-02-01,101,94,6,1,2,0.12795162728125142,-0.12497706677853726,PDD,0.16942921205775888,-0.11594486358697842,NFLX,0.08647404250474394,-0.1340092699700961,,,
2023-02,2023-02-01,2023-04-03,2023-02-01,101,94,6,2,2,0.12795162728125142,-0.15556551804662389,PDD,0.16942921205775888,-0.27325700234742045,NFLX,0.08647404250474394,-0.03787403374582732,,,
2023-02,2023-02-01,2023-05-01,2023-02-01,101,94,6,3,2,0.12795162728125142,-0.2192823066989073,PDD,0.16942921205775888,-0.33394839675665544,NFLX,0.08647404250474394,-0.10461621664115917,,,
2023-02,2023-02-01,2023-03-01,2023-02-01,101,94,6,1,3,0.11284429997142476,-0.08484707744641218,PDD,0.16942921205775888,-0.11594486358697842,NFLX,0.08647404250474394,-0.1340092699700961,MELI,0.08262964535177143,-0.0045870987821620135
2023-02,2023-02-01,2023-04-03,2023-02-01,101,94,6,2,3,0.11284429997142476,-0.076437900179727,PDD,0.16942921205775888,-0.27325700234742045,NFLX,0.08647404250474394,-0.03787403374582732,MELI,0.08262964535177143,0.08181733555406678
2023-02,2023-02-01,2023-05-01,2023-02-01,101,94,6,3,3,0.11284429997142476,-0.12495220568943259,PDD,0.16942921205775888,-0.33394839675665544,NFLX,0.08647404250474394,-0.10461621664115917,MELI,0.08262964535177143,0.06370799632951685
2023-03,2023-03-01,2023-04-03,2023-03-01,101,94,6,1,1,0.10470152951679164,0.2322563026563338,NVDA,0.10470152951679164,0.2322563026563338,,,,,,
2023-03,2023-03-01,2023-05-01,2023-03-01,101,94,6,2,1,0.10470152951679164,0.2738968254142231,NVDA,0.10470152951679164,0.2738968254142231,,,,,,
2023-03,2023-03-01,2023-06-01,2023-03-01,101,94,6,3,1,0.10470152951679164,0.7524343133765026,NVDA,0.10470152951679164,0.7524343133765026,,,,,,
2023-03,2023-03-01,2023-04-03,2023-03-01,101,94,6,1,2,0.08869470708517749,0.15952945456148715,NVDA,0.10470152951679164,0.2322563026563338,MELI,0.07268788465356335,0.08680260646664051,,,
2023-03,2023-03-01,2023-05-01,2023-03-01,101,94,6,2,2,0.08869470708517749,0.17125332026262097,NVDA,0.10470152951679164,0.2738968254142231,MELI,0.07268788465356335,0.06860981511101882,,,
2023-03,2023-03-01,2023-06-01,2023-03-01,101,94,6,3,2,0.08869470708517749,0.3966106514691171,NVDA,0.10470152951679164,0.7524343133765026,MELI,0.07268788465356335,0.04078698956173166,,,
2023-03,2023-03-01,2023-04-03,2023-03-01,101,94,6,1,3,0.08152101644751895,0.047038366548884304,NVDA,0.10470152951679164,0.2322563026563338,MELI,0.07268788465356335,0.08680260646664051,PDD,0.06717363517220186,-0.17794380947632138
2023-03,2023-03-01,2023-05-01,2023-03-01,101,94,6,2,3,0.08152101644751895,0.03197056312809654,NVDA,0.10470152951679164,0.2738968254142231,MELI,0.07268788465356335,0.06860981511101882,PDD,0.06717363517220186,-0.2465949511409523
2023-03,2023-03-01,2023-06-01,2023-03-01,101,94,6,3,3,0.08152101644751895,0.18403948104348414,NVDA,0.10470152951679164,0.7524343133765026,MELI,0.07268788465356335,0.04078698956173166,PDD,0.06717363517220186,-0.2411028598077818
2023-04,2023-04-03,2023-05-01,2023-04-03,101,94,6,1,1,0.1604074338362593,0.03379209557956919,NVDA,0.1604074338362593,0.03379209557956919,,,,,,
2023-04,2023-04-03,2023-06-01,2023-04-03,101,94,6,2,1,0.1604074338362593,0.42213459131743813,NVDA,0.1604074338362593,0.42213459131743813,,,,,,
2023-04,2023-04-03,2023-07-03,2023-04-03,101,94,6,3,1,0.1604074338362593,0.5168025159317184,NVDA,0.1604074338362593,0.5168025159317184,,,,,,
2023-04,2023-04-03,2023-05-01,2023-04-03,101,94,6,1,2,0.12823475129896678,0.08755355146044885,NVDA,0.1604074338362593,0.03379209557956919,META,0.09606206876167424,0.1413150073413285,,,
2023-04,2023-04-03,2023-06-01,2023-04-03,101,94,6,2,2,0.12823475129896678,0.3507865003254731,NVDA,0.1604074338362593,0.42213459131743813,META,0.09606206876167424,0.27943840933350805,,,
2023-04,2023-04-03,2023-07-03,2023-04-03,101,94,6,3,2,0.12823475129896678,0.42958919684412966,NVDA,0.1604074338362593,0.5168025159317184,META,0.09606206876167424,0.3423758777565409,,,
2023-04,2023-04-03,2023-05-01,2023-04-03,101,94,6,1,3,0.11487566279084353,0.04010390054028431,NVDA,0.1604074338362593,0.03379209557956919,META,0.09606206876167424,0.1413150073413285,ASML,0.08815748577459703,-0.05479540130004479
2023-04,2023-04-03,2023-06-01,2023-04-03,101,94,6,2,3,0.11487566279084353,0.2610126052827859,NVDA,0.1604074338362593,0.42213459131743813,META,0.09606206876167424,0.27943840933350805,ASML,0.08815748577459703,0.08146481519741156
2023-04,2023-04-03,2023-07-03,2023-04-03,101,94,6,3,3,0.11487566279084353,0.3170743755057581,NVDA,0.1604074338362593,0.5168025159317184,META,0.09606206876167424,0.3423758777565409,ASML,0.08815748577459703,0.09204473282901504
2023-05,2023-05-01,2023-06-01,2023-05-01,101,94,6,1,1,0.17181136898326177,0.12102127905418114,META,0.17181136898326177,0.12102127905418114,,,,,,
2023-05,2023-05-01,2023-07-03,2023-05-01,101,94,6,2,1,0.17181136898326177,0.17616597444344473,META,0.17181136898326177,0.17616597444344473,,,,,,
2023-05,2023-05-01,2023-08-01,2023-05-01,101,94,6,3,1,0.17181136898326177,0.3270418346757591,META,0.17181136898326177,0.3270418346757591,,,,,,
2023-05,2023-05-01,2023-06-01,2023-05-01,101,94,6,1,2,0.16205864685448973,0.24833491164060228,META,0.17181136898326177,0.12102127905418114,NVDA,0.1523059247257177,0.37564854422702343,,,
2023-05,2023-05-01,2023-07-03,2023-05-01,101,94,6,2,2,0.16205864685448973,0.32169399199602455,META,0.17181136898326177,0.17616597444344473,NVDA,0.1523059247257177,0.4672220095486044,,,
2023-05,2023-05-01,2023-08-01,2023-05-01,101,94,6,3,2,0.16205864685448973,0.4679450227717523,META,0.17181136898326177,0.3270418346757591,NVDA,0.1523059247257177,0.6088482108677455,,,
2023-05,2023-05-01,2023-06-01,2023-05-01,101,94,6,1,3,0.13862523441428787,0.14441145369677807,META,0.17181136898326177,0.12102127905418114,NVDA,0.1523059247257177,0.37564854422702343,ALGN,0.09175840953388413,-0.06343546219087037
2023-05,2023-05-01,2023-07-03,2023-05-01,101,94,6,2,3,0.13862523441428787,0.2430974273672224,META,0.17181136898326177,0.17616597444344473,NVDA,0.1523059247257177,0.4672220095486044,ALGN,0.09175840953388413,0.08590429810961808
2023-05,2023-05-01,2023-08-01,2023-05-01,101,94,6,3,3,0.13862523441428787,0.3742434260927985,META,0.17181136898326177,0.3270418346757591,NVDA,0.1523059247257177,0.6088482108677455,ALGN,0.09175840953388413,0.1868402327348908
2023-06,2023-06-01,2023-07-03,2023-06-01,101,94,6,1,1,0.17065522960626847,0.06656748608201823,NVDA,0.17065522960626847,0.06656748608201823,,,,,,
2023-06,2023-06-01,2023-08-01,2023-06-01,101,94,6,2,1,0.17065522960626847,0.16951980040204018,NVDA,0.17065522960626847,0.16951980040204018,,,,,,
2023-06,2023-06-01,2023-09-01,2023-06-01,101,94,6,3,1,0.17065522960626847,0.21986461186254602,NVDA,0.17065522960626847,0.21986461186254602,,,,,,
2023-06,2023-06-01,2023-07-03,2023-06-01,101,94,6,1,2,0.15922455720571582,0.05787948284524813,NVDA,0.17065522960626847,0.06656748608201823,META,0.14779388480516317,0.04919147960847803,,,
2023-06,2023-06-01,2023-08-01,2023-06-01,101,94,6,2,2,0.15922455720571582,0.17664957235577172,NVDA,0.17065522960626847,0.16951980040204018,META,0.14779388480516317,0.18377934430950327,,,
2023-06,2023-06-01,2023-09-01,2023-06-01,101,94,6,3,2,0.15922455720571582,0.15352950118297448,NVDA,0.17065522960626847,0.21986461186254602,META,0.14779388480516317,0.08719439050340294,,,
2023-06,2023-06-01,2023-07-03,2023-06-01,101,94,6,1,3,0.13768243628694268,0.028402450105909804,NVDA,0.17065522960626847,0.06656748608201823,META,0.14779388480516317,0.04919147960847803,AMD,0.09459819444939636,-0.03055161537276685
2023-06,2023-06-01,2023-08-01,2023-06-01,101,94,6,2,3,0.13768243628694268,0.11254888560925506,NVDA,0.17065522960626847,0.16951980040204018,META,0.14779388480516317,0.18377934430950327,AMD,0.09459819444939636,-0.015652487883778265
2023-06,2023-06-01,2023-09-01,2023-06-01,101,94,6,3,3,0.13768243628694268,0.07439617991289287,NVDA,0.17065522960626847,0.21986461186254602,META,0.14779388480516317,0.08719439050340294,AMD,0.09459819444939636,-0.08387046262727038
2023-07,2023-07-03,2023-08-01,2023-07-03,101,95,6,1,1,0.2091790437141684,0.09652676990765219,NVDA,0.2091790437141684,0.09652676990765219,,,,,,
2023-07,2023-07-03,2023-09-01,2023-07-03,101,95,6,2,1,0.2091790437141684,0.14372941963912367,NVDA,0.2091790437141684,0.14372941963912367,,,,,,
2023-07,2023-07-03,2023-10-02,2023-07-03,101,95,6,3,1,0.2091790437141684,0.05594258470071112,NVDA,0.2091790437141684,0.05594258470071112,,,,,,
2023-07,2023-07-03,2023-08-01,2023-07-03,101,95,6,1,2,0.2060953645814686,0.014759704893030856,NVDA,0.2091790437141684,0.09652676990765219,TSLA,0.20301168544876877,-0.06700736012159048,,,
2023-07,2023-07-03,2023-09-01,2023-07-03,101,95,6,2,2,0.2060953645814686,0.009663988094453901,NVDA,0.2091790437141684,0.14372941963912367,TSLA,0.20301168544876877,-0.12440144345021587,,,
2023-07,2023-07-03,2023-10-02,2023-07-03,101,95,6,3,2,0.2060953645814686,-0.022453981901041198,NVDA,0.2091790437141684,0.05594258470071112,TSLA,0.20301168544876877,-0.10085054850279351,,,
2023-07,2023-07-03,2023-08-01,2023-07-03,101,95,6,1,3,0.1874109327165154,0.05259903495512349,NVDA,0.2091790437141684,0.09652676990765219,TSLA,0.20301168544876877,-0.06700736012159048,META,0.150042068986609,0.12827769507930875
2023-07,2023-07-03,2023-09-01,2023-07-03,101,95,6,2,3,0.1874109327165154,0.018516371880358484,NVDA,0.2091790437141684,0.14372941963912367,TSLA,0.20301168544876877,-0.12440144345021587,META,0.150042068986609,0.03622113945216765
2023-07,2023-07-03,2023-10-02,2023-07-03,101,95,6,3,3,0.1874109327165154,0.009271389912422526,NVDA,0.2091790437141684,0.05594258470071112,TSLA,0.20301168544876877,-0.10085054850279351,META,0.150042068986609,0.07272213353934998
2023-08,2023-08-01,2023-09-01,2023-08-01,101,96,6,1,1,0.1480983249045997,0.043047421209285064,NVDA,0.1480983249045997,0.043047421209285064,,,,,,
2023-08,2023-08-01,2023-10-02,2023-08-01,101,96,6,2,1,0.1480983249045997,-0.03701157720970094,NVDA,0.1480983249045997,-0.03701157720970094,,,,,,
2023-08,2023-08-01,2023-11-01,2023-08-01,101,96,6,3,1,0.1480983249045997,-0.08984670679098905,NVDA,0.1480983249045997,-0.08984670679098905,,,,,,
2023-08,2023-08-01,2023-09-01,2023-08-01,101,96,6,1,2,0.14080056499554944,-0.019271457122514546,NVDA,0.1480983249045997,0.043047421209285064,META,0.13350280508649917,-0.08159033545431416,,,
2023-08,2023-08-01,2023-10-02,2023-08-01,101,96,6,2,2,0.14080056499554944,-0.04312541982784196,NVDA,0.1480983249045997,-0.03701157720970094,META,0.13350280508649917,-0.04923926244598298,,,
2023-08,2023-08-01,2023-11-01,2023-08-01,101,96,6,3,2,0.14080056499554944,-0.061749581314781865,NVDA,0.1480983249045997,-0.08984670679098905,META,0.13350280508649917,-0.03365245583857468,,,
2023-08,2023-08-01,2023-09-01,2023-08-01,101,96,6,1,3,0.12582618742587023,-0.05030831697717616,NVDA,0.1480983249045997,0.043047421209285064,META,0.13350280508649917,-0.08159033545431416,TTD,0.09587743228651187,-0.11238203668649938
2023-08,2023-08-01,2023-10-02,2023-08-01,101,96,6,2,3,0.12582618742587023,-0.07220763726187085,NVDA,0.1480983249045997,-0.03701157720970094,META,0.13350280508649917,-0.04923926244598298,TTD,0.09587743228651187,-0.13037207212992863
2023-08,2023-08-01,2023-11-01,2023-08-01,101,96,6,3,3,0.12582618742587023,-0.11257116363719899,NVDA,0.1480983249045997,-0.08984670679098905,META,0.13350280508649917,-0.03365245583857468,TTD,0.09587743228651187,-0.21421432828203324
2023-09,2023-09-01,2023-10-02,2023-09-01,101,96,6,1,1,0.14130643661031364,-0.07675489799511459,NVDA,0.14130643661031364,-0.07675489799511459,,,,,,
2023-09,2023-09-01,2023-11-01,2023-09-01,101,96,6,2,1,0.14130643661031364,-0.12740947851268325,NVDA,0.14130643661031364,-0.12740947851268325,,,,,,
2023-09,2023-09-01,2023-12-01,2023-09-01,101,96,6,3,1,0.14130643661031364,-0.035872485847291635,NVDA,0.14130643661031364,-0.035872485847291635,,,,,,
2023-09,2023-09-01,2023-10-02,2023-09-01,101,96,6,1,2,0.12020982569835675,-0.07573475395322687,NVDA,0.14130643661031364,-0.07675489799511459,ADBE,0.09911321478639988,-0.07471460991133916,,,
2023-09,2023-09-01,2023-11-01,2023-09-01,101,96,6,2,2,0.12020982569835675,-0.08031490353140547,NVDA,0.14130643661031364,-0.12740947851268325,ADBE,0.09911321478639988,-0.03322032855012769,,,
2023-09,2023-09-01,2023-12-01,2023-09-01,101,96,6,3,2,0.12020982569835675,0.025795177690936533,NVDA,0.14130643661031364,-0.035872485847291635,ADBE,0.09911321478639988,0.0874628412291647,,,
2023-09,2023-09-01,2023-10-02,2023-09-01,101,96,6,1,3,0.11274270707898804,-0.03874813570250868,NVDA,0.14130643661031364,-0.07675489799511459,ADBE,0.09911321478639988,-0.07471460991133916,META,0.0978084698402506,0.03522510079892771
2023-09,2023-09-01,2023-11-01,2023-09-01,101,96,6,2,3,0.11274270707898804,-0.03614439592311188,NVDA,0.14130643661031364,-0.12740947851268325,ADBE,0.09911321478639988,-0.03322032855012769,META,0.0978084698402506,0.0521966192934753
2023-09,2023-09-01,2023-12-01,2023-09-01,101,96,6,3,3,0.11274270707898804,0.04918275079241711,NVDA,0.14130643661031364,-0.035872485847291635,ADBE,0.09911321478639988,0.0874628412291647,META,0.0978084698402506,0.09595789699537827
2023-10,2023-10-02,2023-11-01,2023-10-02,101,96,6,1,1,0.08980456983507225,-0.05486579935010649,NVDA,0.08980456983507225,-0.05486579935010649,,,,,,
2023-10,2023-10-02,2023-12-01,2023-10-02,101,96,6,2,1,0.08980456983507225,0.044281212062803554,NVDA,0.08980456983507225,0.044281212062803554,,,,,,
2023-10,2023-10-02,2024-01-02,2023-10-02,101,96,6,3,1,0.08980456983507225,0.07570526820863677,NVDA,0.08980456983507225,0.07570526820863677,,,,,,
2023-10,2023-10-02,2023-11-01,2023-10-02,101,96,6,1,2,0.08596267892014359,-0.04060962137698915,NVDA,0.08980456983507225,-0.05486579935010649,ZS,0.08212078800521493,-0.0263534434038718,,,
2023-10,2023-10-02,2023-12-01,2023-10-02,101,96,6,2,2,0.08596267892014359,0.13756107818797636,NVDA,0.08980456983507225,0.044281212062803554,ZS,0.08212078800521493,0.23084094431314917,,,
2023-10,2023-10-02,2024-01-02,2023-10-02,101,96,6,3,2,0.08596267892014359,0.19783770440959947,NVDA,0.08980456983507225,0.07570526820863677,ZS,0.08212078800521493,0.31997014061056217,,,
2023-10,2023-10-02,2023-11-01,2023-10-02,101,96,6,1,3,0.07916624297053516,-0.021608401953823592,NVDA,0.08980456983507225,-0.05486579935010649,ZS,0.08212078800521493,-0.0263534434038718,META,0.06557337107131833,0.016394036892507513
2023-10,2023-10-02,2023-12-01,2023-10-02,101,96,6,2,3,0.07916624297053516,0.11126280908892561,NVDA,0.08980456983507225,0.044281212062803554,ZS,0.08212078800521493,0.23084094431314917,META,0.06557337107131833,0.0586662708908241
2023-10,2023-10-02,2024-01-02,2023-10-02,101,96,6,3,3,0.07916624297053516,0.17477252890723735,NVDA,0.08980456983507225,0.07570526820863677,ZS,0.08212078800521493,0.31997014061056217,META,0.06557337107131833,0.1286421779025131
2023-11,2023-11-01,2023-12-01,2023-11-01,101,96,6,1,1,0.11339433328906823,0.26415580271363903,ZS,0.11339433328906823,0.26415580271363903,,,,,,
2023-11,2023-11-01,2024-01-02,2023-11-01,101,96,6,2,1,0.11339433328906823,0.35569743627007977,ZS,0.11339433328906823,0.35569743627007977,,,,,,
2023-11,2023-11-01,2024-02-01,2023-11-01,101,96,6,3,1,0.11339433328906823,0.5196936280502236,ZS,0.11339433328906823,0.5196936280502236,,,,,,
2023-11,2023-11-01,2023-12-01,2023-11-01,101,96,6,1,2,0.09542671578973283,0.2909789126718507,ZS,0.11339433328906823,0.26415580271363903,CRWD,0.07745909829039745,0.3178020226300624,,,
2023-11,2023-11-01,2024-01-02,2023-11-01,101,96,6,2,2,0.09542671578973283,0.3699989590673326,ZS,0.11339433328906823,0.35569743627007977,CRWD,0.07745909829039745,0.38430048186458543,,,
2023-11,2023-11-01,2024-02-01,2023-11-01,101,96,6,3,2,0.09542671578973283,0.5991234747262922,ZS,0.11339433328906823,0.5196936280502236,CRWD,0.07745909829039745,0.6785533214023609,,,
2023-11,2023-11-01,2023-12-01,2023-11-01,101,96,6,1,3,0.0886272285309751,0.2289534667968117,ZS,0.11339433328906823,0.26415580271363903,CRWD,0.07745909829039745,0.3178020226300624,NVDA,0.07502825401345964,0.10490257504673361
2023-11,2023-11-01,2024-01-02,2023-11-01,101,96,6,2,3,0.0886272285309751,0.29271624700733234,ZS,0.11339433328906823,0.35569743627007977,CRWD,0.07745909829039745,0.38430048186458543,NVDA,0.07502825401345964,0.13815082288733183
2023-11,2023-11-01,2024-02-01,2023-11-01,101,96,6,3,3,0.0886272285309751,0.5624992008666091,ZS,0.11339433328906823,0.5196936280502236,CRWD,0.07745909829039745,0.6785533214023609,NVDA,0.07502825401345964,0.4892506531472429
2023-12,2023-12-01,2024-01-02,2023-12-01,101,96,6,1,1,0.14184714336752363,0.0025469477958681708,PDD,0.14184714336752363,0.0025469477958681708,,,,,,
2023-12,2023-12-01,2024-02-01,2023-12-01,101,96,6,2,1,0.14184714336752363,-0.12858819704813285,PDD,0.14184714336752363,-0.12858819704813285,,,,,,
2023-12,2023-12-01,2024-03-01,2023-12-01,101,96,6,3,1,0.14184714336752363,-0.12679841162386307,PDD,0.14184714336752363,-0.12679841162386307,,,,,,
2023-12,2023-12-01,2024-01-02,2023-12-01,101,96,6,1,2,0.10894578044587708,0.02650429692467593,PDD,0.14184714336752363,0.0025469477958681708,CRWD,0.07604441752423051,0.05046164605348369,,,
2023-12,2023-12-01,2024-02-01,2023-12-01,101,96,6,2,2,0.10894578044587708,0.07258203786716211,PDD,0.14184714336752363,-0.12858819704813285,CRWD,0.07604441752423051,0.27375227278245706,,,
2023-12,2023-12-01,2024-03-01,2023-12-01,101,96,6,3,2,0.10894578044587708,0.10587707325348755,PDD,0.14184714336752363,-0.12679841162386307,CRWD,0.07604441752423051,0.3385525581308382,,,
2023-12,2023-12-01,2024-01-02,2023-12-01,101,96,6,1,3,0.09608659995526551,0.04180728217319407,PDD,0.14184714336752363,0.0025469477958681708,CRWD,0.07604441752423051,0.05046164605348369,ZS,0.07036823897404239,0.07241325267023035
2023-12,2023-12-01,2024-02-01,2023-12-01,101,96,6,2,3,0.09608659995526551,0.11576838685000479,PDD,0.14184714336752363,-0.12858819704813285,CRWD,0.07604441752423051,0.27375227278245706,ZS,0.07036823897404239,0.20214108481569015
2023-12,2023-12-01,2024-03-01,2023-12-01,101,96,6,3,3,0.09608659995526551,0.10626953948341185,PDD,0.14184714336752363,-0.12679841162386307,CRWD,0.07604441752423051,0.3385525581308382,ZS,0.07036823897404239,0.10705447194326045
2024-01,2024-01-02,2024-02-01,2024-01-02,101,96,6,1,1,0.136964535968886,-0.1308019989810012,PDD,0.136964535968886,-0.1308019989810012,,,,,,
2024-01,2024-01-02,2024-03-01,2024-01-02,101,96,6,2,1,0.136964535968886,-0.12901676046603217,PDD,0.136964535968886,-0.12901676046603217,,,,,,
2024-01,2024-01-02,2024-04-01,2024-01-02,101,96,6,3,1,0.136964535968886,-0.18181815324438377,PDD,0.136964535968886,-0.18181815324438377,,,,,,
2024-01,2024-01-02,2024-02-01,2024-01-02,101,96,6,1,2,0.11683994085801372,0.040881142065005927,PDD,0.136964535968886,-0.1308019989810012,CRWD,0.09671534574714143,0.21256428311101305,,,
2024-01,2024-01-02,2024-03-01,2024-01-02,101,96,6,2,2,0.11683994085801372,0.0726174792211075,PDD,0.136964535968886,-0.12901676046603217,CRWD,0.09671534574714143,0.2742517189082472,,,
2024-01,2024-01-02,2024-04-01,2024-01-02,101,96,6,3,2,0.11683994085801372,0.05632247817542685,PDD,0.136964535968886,-0.18181815324438377,CRWD,0.09671534574714143,0.29446310959523747,,,
2024-01,2024-01-02,2024-02-01,2024-01-02,101,96,6,1,3,0.10064297453368576,0.06757680669391715,PDD,0.136964535968886,-0.1308019989810012,CRWD,0.09671534574714143,0.21256428311101305,ZS,0.06824904188502985,0.12096813595173961
2024-01,2024-01-02,2024-03-01,2024-01-02,101,96,6,2,3,0.10064297453368576,0.059179025431165634,PDD,0.136964535968886,-0.12901676046603217,CRWD,0.09671534574714143,0.2742517189082472,ZS,0.06824904188502985,0.0323021178512819
2024-01,2024-01-02,2024-04-01,2024-01-02,101,96,6,3,3,0.10064297453368576,0.005779878954180269,PDD,0.136964535968886,-0.18181815324438377,CRWD,0.09671534574714143,0.29446310959523747,ZS,0.06824904188502985,-0.09530531948831289
2024-02,2024-02-01,2024-03-01,2024-02-01,101,96,6,1,1,0.10930542029135822,0.05087353854672827,CRWD,0.10930542029135822,0.05087353854672827,,,,,,
2024-02,2024-02-01,2024-04-01,2024-02-01,101,96,6,2,1,0.10930542029135822,0.06754184303870558,CRWD,0.10930542029135822,0.06754184303870558,,,,,,
2024-02,2024-02-01,2024-05-01,2024-02-01,101,96,6,3,1,0.10930542029135822,-0.013127543641248574,CRWD,0.10930542029135822,-0.013127543641248574,,,,,,
2024-02,2024-02-01,2024-03-01,2024-02-01,101,96,6,1,2,0.0906811260989881,-0.013324192078857766,CRWD,0.10930542029135822,0.05087353854672827,MELI,0.07205683190661799,-0.0775219227044438,,,
2024-02,2024-02-01,2024-04-01,2024-02-01,101,96,6,2,2,0.0906811260989881,-0.0289564660986395,CRWD,0.10930542029135822,0.06754184303870558,MELI,0.07205683190661799,-0.12545477523598458,,,
2024-02,2024-02-01,2024-05-01,2024-02-01,101,96,6,3,2,0.0906811260989881,-0.0900086475390166,CRWD,0.10930542029135822,-0.013127543641248574,MELI,0.07205683190661799,-0.16688975143678464,,,
2024-02,2024-02-01,2024-03-01,2024-02-01,101,96,6,1,3,0.08419151095074102,-0.008198164169821628,CRWD,0.10930542029135822,0.05087353854672827,MELI,0.07205683190661799,-0.0775219227044438,PDD,0.07121228065424688,0.0020538916482506497
2024-02,2024-02-01,2024-04-01,2024-02-01,101,96,6,2,3,0.08419151095074102,-0.038868765246270955,CRWD,0.10930542029135822,0.06754184303870558,MELI,0.07205683190661799,-0.12545477523598458,PDD,0.07121228065424688,-0.05869336354153387
2024-02,2024-02-01,2024-05-01,2024-02-01,101,96,6,3,3,0.08419151095074102,-0.06553542385865123,CRWD,0.10930542029135822,-0.013127543641248574,MELI,0.07205683190661799,-0.16688975143678464,PDD,0.07121228065424688,-0.01658897649792046
2024-03,2024-03-01,2024-04-01,2024-03-01,101,96,6,1,1,0.12253449481954959,0.015861379966830347,CRWD,0.12253449481954959,0.015861379966830347,,,,,,
2024-03,2024-03-01,2024-05-01,2024-03-01,101,96,6,2,1,0.12253449481954959,-0.060902744088965455,CRWD,0.12253449481954959,-0.060902744088965455,,,,,,
2024-03,2024-03-01,2024-06-03,2024-03-01,101,96,6,3,1,0.12253449481954959,-0.018785770970915827,CRWD,0.12253449481954959,-0.018785770970915827,,,,,,
2024-03,2024-03-01,2024-04-01,2024-03-01,101,96,6,1,2,0.11741193861968763,-0.03969071524232848,CRWD,0.12253449481954959,0.015861379966830347,AMD,0.11228938241982568,-0.0952428104514873,,,
2024-03,2024-03-01,2024-05-01,2024-03-01,101,96,6,2,2,0.11741193861968763,-0.17447524515195878,CRWD,0.12253449481954959,-0.060902744088965455,AMD,0.11228938241982568,-0.2880477462149521,,,
2024-03,2024-03-01,2024-06-03,2024-03-01,101,96,6,3,2,0.11741193861968763,-0.10584471250783667,CRWD,0.12253449481954959,-0.018785770970915827,AMD,0.11228938241982568,-0.1929036540447575,,,
2024-03,2024-03-01,2024-04-01,2024-03-01,101,96,6,1,3,0.11256977465484763,0.006307027416522078,CRWD,0.12253449481954959,0.015861379966830347,AMD,0.11228938241982568,-0.0952428104514873,NVDA,0.10288544672516765,0.09830251273422319
2024-03,2024-03-01,2024-05-01,2024-03-01,101,96,6,2,3,0.11256977465484763,-0.11321403238185719,CRWD,0.12253449481954959,-0.060902744088965455,AMD,0.11228938241982568,-0.2880477462149521,NVDA,0.10288544672516765,0.009308393158345973
2024-03,2024-03-01,2024-06-03,2024-03-01,101,96,6,3,3,0.11256977465484763,0.062019836375356206,CRWD,0.12253449481954959,-0.018785770970915827,AMD,0.11228938241982568,-0.1929036540447575,NVDA,0.10288544672516765,0.39774893414174195
2024-04,2024-04-01,2024-05-01,2024-04-01,101,97,6,1,1,0.13206168184672396,-0.08102878628068189,NVDA,0.13206168184672396,-0.08102878628068189,,,,,,
2024-04,2024-04-01,2024-06-03,2024-04-01,101,97,6,2,1,0.13206168184672396,0.2726447567365089,NVDA,0.13206168184672396,0.2726447567365089,,,,,,
2024-04,2024-04-01,2024-07-01,2024-04-01,101,97,6,3,1,0.13206168184672396,0.37567604708501,NVDA,0.13206168184672396,0.37567604708501,,,,,,
2024-04,2024-04-01,2024-05-01,2024-04-01,101,97,6,1,2,0.12432476477530544,-0.07829716821655375,NVDA,0.13206168184672396,-0.08102878628068189,CRWD,0.11658784770388693,-0.07556555015242561,,,
2024-04,2024-04-01,2024-06-03,2024-04-01,101,97,6,2,2,0.12432476477530544,0.11926928843836782,NVDA,0.13206168184672396,0.2726447567365089,CRWD,0.11658784770388693,-0.03410617985977327,,,
2024-04,2024-04-01,2024-07-01,2024-04-01,101,97,6,3,2,0.12432476477530544,0.30135846909781383,NVDA,0.13206168184672396,0.37567604708501,CRWD,0.11658784770388693,0.22704089111061765,,,
2024-04,2024-04-01,2024-05-01,2024-04-01,101,97,6,1,3,0.11964013517552709,-0.09135070918682457,NVDA,0.13206168184672396,-0.08102878628068189,CRWD,0.11658784770388693,-0.07556555015242561,MU,0.1102708759759704,-0.1174577911273662
2024-04,2024-04-01,2024-06-03,2024-04-01,101,97,6,2,3,0.11964013517552709,0.0898909358124742,NVDA,0.13206168184672396,0.2726447567365089,CRWD,0.11658784770388693,-0.03410617985977327,MU,0.1102708759759704,0.031134230560686982
2024-04,2024-04-01,2024-07-01,2024-04-01,101,97,6,3,3,0.11964013517552709,0.22026743295493004,NVDA,0.13206168184672396,0.37567604708501,CRWD,0.11658784770388693,0.22704089111061765,MU,0.1102708759759704,0.05808536066916248
2024-05,2024-05-01,2024-06-03,2024-05-01,101,97,6,1,1,0.1277011840249614,0.3848581301973333,NVDA,0.1277011840249614,0.3848581301973333,,,,,,
2024-05,2024-05-01,2024-07-01,2024-05-01,101,97,6,2,1,0.1277011840249614,0.49697403634362747,NVDA,0.1277011840249614,0.49697403634362747,,,,,,
2024-05,2024-05-01,2024-08-01,2024-05-01,101,97,6,3,1,0.1277011840249614,0.3152415251918246,NVDA,0.1277011840249614,0.3152415251918246,,,,,,
2024-05,2024-05-01,2024-06-03,2024-05-01,101,97,6,1,2,0.11202281091412183,0.12715368651255637,NVDA,0.1277011840249614,0.3848581301973333,DASH,0.09634443780328229,-0.13055075717222053,,,
2024-05,2024-05-01,2024-07-01,2024-05-01,101,97,6,2,2,0.11202281091412183,0.17414998269261495,NVDA,0.1277011840249614,0.49697403634362747,DASH,0.09634443780328229,-0.14867407095839758,,,
2024-05,2024-05-01,2024-08-01,2024-05-01,101,97,6,3,2,0.11202281091412183,0.08206763897056962,NVDA,0.1277011840249614,0.3152415251918246,DASH,0.09634443780328229,-0.15110624725068533,,,
2024-05,2024-05-01,2024-06-03,2024-05-01,101,97,6,1,3,0.10645950284028634,0.09971857814000167,NVDA,0.1277011840249614,0.3848581301973333,DASH,0.09634443780328229,-0.13055075717222053,CRWD,0.09533288669261536,0.04484836139489223
2024-05,2024-05-01,2024-07-01,2024-05-01,101,97,6,2,3,0.10645950284028634,0.22521406763845456,NVDA,0.1277011840249614,0.49697403634362747,DASH,0.09634443780328229,-0.14867407095839758,CRWD,0.09533288669261536,0.3273422375301338
2024-05,2024-05-01,2024-08-01,2024-05-01,101,97,6,3,3,0.10645950284028634,-0.02564296655523664,NVDA,0.1277011840249614,0.3152415251918246,DASH,0.09634443780328229,-0.15110624725068533,CRWD,0.09533288669261536,-0.24106417760684917
2024-06,2024-06-03,2024-07-01,2024-06-03,101,97,6,1,1,0.17436044321672797,0.08095840555907219,NVDA,0.17436044321672797,0.08095840555907219,,,,,,
2024-06,2024-06-03,2024-08-01,2024-06-03,101,97,6,2,1,0.17436044321672797,-0.05026984604956519,NVDA,0.17436044321672797,-0.05026984604956519,,,,,,
2024-06,2024-06-03,2024-09-03,2024-06-03,101,97,6,3,1,0.17436044321672797,-0.06079237163134876,NVDA,0.17436044321672797,-0.06079237163134876,,,,,,
2024-06,2024-06-03,2024-07-01,2024-06-03,101,97,6,1,2,0.1490148875118662,-0.06732085403576005,NVDA,0.17436044321672797,0.08095840555907219,MRNA,0.1236693318070044,-0.21560011363059228,,,
2024-06,2024-06-03,2024-08-01,2024-06-03,101,97,6,2,2,0.1490148875118662,-0.20660565261824348,NVDA,0.17436044321672797,-0.05026984604956519,MRNA,0.1236693318070044,-0.3629414591869218,,,
2024-06,2024-06-03,2024-09-03,2024-06-03,101,97,6,3,2,0.1490148875118662,-0.28367720723578427,NVDA,0.17436044321672797,-0.06079237163134876,MRNA,0.1236693318070044,-0.5065620428402198,,,
2024-06,2024-06-03,2024-07-01,2024-06-03,101,97,6,1,3,0.13375499825654377,-0.050018365774431604,NVDA,0.17436044321672797,0.08095840555907219,MRNA,0.1236693318070044,-0.21560011363059228,CEG,0.10323521974589893,-0.015413389251774712
2024-06,2024-06-03,2024-08-01,2024-06-03,101,97,6,2,3,0.13375499825654377,-0.18685836729083796,NVDA,0.17436044321672797,-0.05026984604956519,MRNA,0.1236693318070044,-0.3629414591869218,CEG,0.10323521974589893,-0.14736379663602694
2024-06,2024-06-03,2024-09-03,2024-06-03,101,97,6,3,3,0.13375499825654377,-0.2373732649074967,NVDA,0.17436044321672797,-0.06079237163134876,MRNA,0.1236693318070044,-0.5065620428402198,CEG,0.10323521974589893,-0.14476538025092156
2024-07,2024-07-01,2024-08-01,2024-07-01,101,97,6,1,1,0.21031663800921682,-0.2349682003688508,ARM,0.21031663800921682,-0.2349682003688508,,,,,,
2024-07,2024-07-01,2024-09-03,2024-07-01,101,97,6,2,1,0.21031663800921682,-0.22092805869642895,ARM,0.21031663800921682,-0.22092805869642895,,,,,,
2024-07,2024-07-01,2024-10-01,2024-07-01,101,97,6,3,1,0.21031663800921682,-0.1432349035933329,ARM,0.21031663800921682,-0.1432349035933329,,,,,,
2024-07,2024-07-01,2024-08-01,2024-07-01,101,97,6,1,2,0.19657744397894877,-0.178184054472105,ARM,0.21031663800921682,-0.2349682003688508,NVDA,0.1828382499486807,-0.1213999085753592,,,
2024-07,2024-07-01,2024-09-03,2024-07-01,101,97,6,2,2,0.19657744397894877,-0.17603120402461075,ARM,0.21031663800921682,-0.22092805869642895,NVDA,0.1828382499486807,-0.13113434935279256,,,
2024-07,2024-07-01,2024-10-01,2024-07-01,101,97,6,3,2,0.19657744397894877,-0.10094165604253896,ARM,0.21031663800921682,-0.1432349035933329,NVDA,0.1828382499486807,-0.05864840849174502,,,
2024-07,2024-07-01,2024-08-01,2024-07-01,101,97,6,1,3,0.1667527325520682,-0.16346138595210988,ARM,0.21031663800921682,-0.2349682003688508,NVDA,0.1828382499486807,-0.1213999085753592,CEG,0.10710330969830706,-0.1340160489121196
2024-07,2024-07-01,2024-09-03,2024-07-01,101,97,6,2,3,0.1667527325520682,-0.1611464543989235,ARM,0.21031663800921682,-0.22092805869642895,NVDA,0.1828382499486807,-0.13113434935279256,CEG,0.10710330969830706,-0.131376955147549
2024-07,2024-07-01,2024-10-01,2024-07-01,101,97,6,3,3,0.1667527325520682,0.03195734047484733,ARM,0.21031663800921682,-0.1432349035933329,NVDA,0.1828382499486807,-0.05864840849174502,CEG,0.10710330969830706,0.2977553335096199
2024-08,2024-08-01,2024-09-03,2024-08-01,101,98,6,1,1,0.16728605451615539,0.01835236349546676,ARM,0.16728605451615539,0.01835236349546676,,,,,,
2024-08,2024-08-01,2024-10-01,2024-08-01,101,98,6,2,1,0.16728605451615539,0.11990782189674487,ARM,0.16728605451615539,0.11990782189674487,,,,,,
2024-08,2024-08-01,2024-11-01,2024-08-01,101,98,6,3,1,0.16728605451615539,0.16434855765140477,ARM,0.16728605451615539,0.16434855765140477,,,,,,
2024-08,2024-08-01,2024-09-03,2024-08-01,101,98,6,1,2,0.13923860214686573,0.0036364368328147822,ARM,0.16728605451615539,0.01835236349546676,NVDA,0.11119114977757606,-0.011079489829837197,,,
2024-08,2024-08-01,2024-10-01,2024-08-01,101,98,6,2,2,0.13923860214686573,0.09566498171656646,ARM,0.16728605451615539,0.11990782189674487,NVDA,0.11119114977757606,0.07142214153638804,,,
2024-08,2024-08-01,2024-11-01,2024-08-01,101,98,6,3,2,0.13923860214686573,0.20213400518350166,ARM,0.16728605451615539,0.16434855765140477,NVDA,0.11119114977757606,0.23991945271559856,,,
2024-08,2024-08-01,2024-09-03,2024-08-01,101,98,6,1,3,0.11511380200143394,0.0034401275089329295,ARM,0.16728605451615539,0.01835236349546676,NVDA,0.11119114977757606,-0.011079489829837197,CEG,0.06686420171057035,0.0030475088611692236
2024-08,2024-08-01,2024-10-01,2024-08-01,101,98,6,2,3,0.11511380200143394,0.2299734921440182,ARM,0.16728605451615539,0.11990782189674487,NVDA,0.11119114977757606,0.07142214153638804,CEG,0.06686420171057035,0.49859051299892165
2024-08,2024-08-01,2024-11-01,2024-08-01,101,98,6,3,3,0.11511380200143394,0.2868287945952737,ARM,0.16728605451615539,0.16434855765140477,NVDA,0.11119114977757606,0.23991945271559856,CEG,0.06686420171057035,0.4562183734188179
2024-09,2024-09-03,2024-10-01,2024-09-03,101,98,6,1,1,0.05843514396745839,0.0834259483120936,NVDA,0.05843514396745839,0.0834259483120936,,,,,,
2024-09,2024-09-03,2024-11-01,2024-09-03,101,98,6,2,1,0.05843514396745839,0.25381103937489025,NVDA,0.05843514396745839,0.25381103937489025,,,,,,
2024-09,2024-09-03,2024-12-02,2024-09-03,101,98,6,3,1,0.05843514396745839,0.28372103171232754,NVDA,0.05843514396745839,0.28372103171232754,,,,,,
2024-09,2024-09-03,2024-10-01,2024-09-03,101,98,6,1,2,0.054357802347863304,0.00059069372206072,NVDA,0.05843514396745839,0.0834259483120936,AZN,0.050280460728268216,-0.08224456086797216,,,
2024-09,2024-09-03,2024-11-01,2024-09-03,101,98,6,2,2,0.054357802347863304,0.04349441197173959,NVDA,0.05843514396745839,0.25381103937489025,AZN,0.050280460728268216,-0.16682221543141107,,,
2024-09,2024-09-03,2024-12-02,2024-09-03,101,98,6,3,2,0.054357802347863304,0.03290110907791166,NVDA,0.05843514396745839,0.28372103171232754,AZN,0.050280460728268216,-0.21791881355650422,,,
2024-09,2024-09-03,2024-10-01,2024-09-03,101,98,6,1,3,0.05106537041980585,0.0183353683895221,NVDA,0.05843514396745839,0.0834259483120936,AZN,0.050280460728268216,-0.08224456086797216,XEL,0.04448050656369092,0.05382471772444486
2024-09,2024-09-03,2024-11-01,2024-09-03,101,98,6,2,3,0.05106537041980585,0.05430535241567932,NVDA,0.05843514396745839,0.25381103937489025,AZN,0.050280460728268216,-0.16682221543141107,XEL,0.04448050656369092,0.07592723330355877
2024-09,2024-09-03,2024-12-02,2024-09-03,101,98,6,3,3,0.05106537041980585,0.07149679278129661,NVDA,0.05843514396745839,0.28372103171232754,AZN,0.050280460728268216,-0.21791881355650422,XEL,0.04448050656369092,0.14868816018806652
2024-10,2024-10-01,2024-11-01,2024-10-01,101,98,6,1,1,0.0783598177022747,-0.02827466156536007,CEG,0.0783598177022747,-0.02827466156536007,,,,,,
2024-10,2024-10-01,2024-12-02,2024-10-01,101,98,6,2,1,0.0783598177022747,-0.05887767766874186,CEG,0.0783598177022747,-0.05887767766874186,,,,,,
2024-10,2024-10-01,2025-01-02,2024-10-01,101,98,6,3,1,0.0783598177022747,-0.08519802782332242,CEG,0.0783598177022747,-0.08519802782332242,,,,,,
2024-10,2024-10-01,2024-11-01,2024-10-01,101,98,6,1,2,0.07474209602479048,-0.03165534037699452,CEG,0.0783598177022747,-0.02827466156536007,TSLA,0.07112437434730627,-0.035036019188628975,,,
2024-10,2024-10-01,2024-12-02,2024-10-01,101,98,6,2,2,0.07474209602479048,0.16254242529739615,CEG,0.0783598177022747,-0.05887767766874186,TSLA,0.07112437434730627,0.38396252826353416,,,
2024-10,2024-10-01,2025-01-02,2024-10-01,101,98,6,3,2,0.07474209602479048,0.19238279937568015,CEG,0.0783598177022747,-0.08519802782332242,TSLA,0.07112437434730627,0.4699636265746827,,,
2024-10,2024-10-01,2024-11-01,2024-10-01,101,98,6,1,3,0.06904423236612692,-0.078505377371536,CEG,0.0783598177022747,-0.02827466156536007,TSLA,0.07112437434730627,-0.035036019188628975,PDD,0.05764850504879979,-0.17220545136061893
2024-10,2024-10-01,2024-12-02,2024-10-01,101,98,6,2,3,0.06904423236612692,0.001568619912951763,CEG,0.0783598177022747,-0.05887767766874186,TSLA,0.07112437434730627,0.38396252826353416,PDD,0.05764850504879979,-0.320378990855937
2024-10,2024-10-01,2025-01-02,2024-10-01,101,98,6,3,3,0.06904423236612692,0.016678709140907855,CEG,0.0783598177022747,-0.08519802782332242,TSLA,0.07112437434730627,0.4699636265746827,PDD,0.05764850504879979,-0.33472947132863673
2024-11,2024-11-01,2024-12-02,2024-11-01,101,98,6,1,1,0.09567136442472764,0.02385526319209097,NVDA,0.09567136442472764,0.02385526319209097,,,,,,
2024-11,2024-11-01,2025-01-02,2024-11-01,101,98,6,2,1,0.09567136442472764,0.021562111539104256,NVDA,0.09567136442472764,0.021562111539104256,,,,,,
2024-11,2024-11-01,2025-02-03,2024-11-01,101,98,6,3,1,0.09567136442472764,-0.13834544147689187,NVDA,0.09567136442472764,-0.13834544147689187,,,,,,
2024-11,2024-11-01,2024-12-02,2024-11-01,101,98,6,1,2,0.09002520022822016,0.007898795633101863,NVDA,0.09567136442472764,0.02385526319209097,ARM,0.0843790360317127,-0.008057671925887244,,,
2024-11,2024-11-01,2025-01-02,2024-11-01,101,98,6,2,2,0.09002520022822016,-0.036151369945498724,NVDA,0.09567136442472764,0.021562111539104256,ARM,0.0843790360317127,-0.0938648514301017,,,
2024-11,2024-11-01,2025-02-03,2024-11-01,101,98,6,3,2,0.09002520022822016,-0.019094976192023383,NVDA,0.09567136442472764,-0.13834544147689187,ARM,0.0843790360317127,0.1001554890928451,,,
2024-11,2024-11-01,2024-12-02,2024-11-01,101,98,6,1,3,0.08499008893096059,-0.0052319641434027675,NVDA,0.09567136442472764,0.02385526319209097,ARM,0.0843790360317127,-0.008057671925887244,CEG,0.07491986633644142,-0.03149348369641203
2024-11,2024-11-01,2025-01-02,2024-11-01,101,98,6,2,3,0.08499008893096059,-0.043627475658629934,NVDA,0.09567136442472764,0.021562111539104256,ARM,0.0843790360317127,-0.0938648514301017,CEG,0.07491986633644142,-0.05857968708489236
2024-11,2024-11-01,2025-02-03,2024-11-01,101,98,6,3,3,0.08499008893096059,0.050153275515399644,NVDA,0.09567136442472764,-0.13834544147689187,ARM,0.0843790360317127,0.1001554890928451,CEG,0.07491986633644142,0.1886497789302457
2024-12,2024-12-02,2025-01-02,2024-12-02,101,98,6,1,1,0.3169084283129297,0.003493944197426435,APP,0.3169084283129297,0.003493944197426435,,,,,,
2024-12,2024-12-02,2025-02-03,2024-12-02,101,98,6,2,1,0.3169084283129297,0.07296164411964301,APP,0.3169084283129297,0.07296164411964301,,,,,,
2024-12,2024-12-02,2025-03-03,2024-12-02,101,98,6,3,1,0.3169084283129297,-0.009542264995874294,APP,0.3169084283129297,-0.009542264995874294,,,,,,
2024-12,2024-12-02,2025-01-02,2024-12-02,101,98,6,1,2,0.22672551756422255,0.032817574284400464,APP,0.3169084283129297,0.003493944197426435,TSLA,0.13654260681551542,0.06214120437137449,,,
2024-12,2024-12-02,2025-02-03,2024-12-02,101,98,6,2,2,0.22672551756422255,0.07371232757745338,APP,0.3169084283129297,0.07296164411964301,TSLA,0.13654260681551542,0.07446301103526376,,,
2024-12,2024-12-02,2025-03-03,2024-12-02,101,98,6,3,2,0.22672551756422255,-0.10620214874637479,APP,0.3169084283129297,-0.009542264995874294,TSLA,0.13654260681551542,-0.2028620324968753,,,
2024-12,2024-12-02,2025-01-02,2024-12-02,101,98,6,1,3,0.18425886915166415,-0.007570999147866002,APP,0.3169084283129297,0.003493944197426435,TSLA,0.13654260681551542,0.06214120437137449,TEAM,0.09932557232654743,-0.08834814601239893
2024-12,2024-12-02,2025-02-03,2024-12-02,101,98,6,2,3,0.18425886915166415,0.10620988853404612,APP,0.3169084283129297,0.07296164411964301,TSLA,0.13654260681551542,0.07446301103526376,TEAM,0.09932557232654743,0.17120501044723158
2024-12,2024-12-02,2025-03-03,2024-12-02,101,98,6,3,3,0.18425886915166415,-0.0603455925387936,APP,0.3169084283129297,-0.009542264995874294,TSLA,0.13654260681551542,-0.2028620324968753,TEAM,0.09932557232654743,0.031367519876368766
2025-01,2025-01-02,2025-02-03,2025-01-02,101,98,6,1,1,0.3132182758750292,0.06922582873957994,APP,0.3132182758750292,0.06922582873957994,,,,,,
2025-01,2025-01-02,2025-03-03,2025-01-02,101,98,6,2,1,0.3132182758750292,-0.012990819993165759,APP,0.3132182758750292,-0.012990819993165759,,,,,,
2025-01,2025-01-02,2025-04-01,2025-01-02,101,98,6,3,1,0.3132182758750292,-0.17285969566175896,APP,0.3132182758750292,-0.17285969566175896,,,,,,
2025-01,2025-01-02,2025-02-03,2025-01-02,101,98,6,1,2,0.25982932141770176,0.09146884697217339,APP,0.3132182758750292,0.06922582873957994,PLTR,0.2064403669603743,0.11371186520476684,,,
2025-01,2025-01-02,2025-03-03,2025-01-02,101,98,6,2,2,0.25982932141770176,0.04823258215870735,APP,0.3132182758750292,-0.012990819993165759,PLTR,0.2064403669603743,0.10945598431058046,,,
2025-01,2025-01-02,2025-04-01,2025-01-02,101,98,6,3,2,0.25982932141770176,-0.023323067968989863,APP,0.3132182758750292,-0.17285969566175896,PLTR,0.2064403669603743,0.12621355972377923,,,
2025-01,2025-01-02,2025-02-03,2025-01-02,101,98,6,1,3,0.23445793555290528,0.11328858215838207,APP,0.3132182758750292,0.06922582873957994,PLTR,0.2064403669603743,0.11371186520476684,MSTR,0.18371516382331232,0.15692805253079944
2025-01,2025-01-02,2025-03-03,2025-01-02,101,98,6,2,3,0.23445793555290528,-0.022387582693780494,APP,0.3132182758750292,-0.012990819993165759,PLTR,0.2064403669603743,0.10945598431058046,MSTR,0.18371516382331232,-0.16362791239875618
2025-01,2025-01-02,2025-04-01,2025-01-02,101,98,6,3,3,0.23445793555290528,-0.008871180061039338,APP,0.3132182758750292,-0.17285969566175896,PLTR,0.2064403669603743,0.12621355972377923,MSTR,0.18371516382331232,0.020032595754861715
2025-02,2025-02-03,2025-03-03,2025-02-03,101,98,6,1,1,0.3438748391573379,-0.07689362389390075,APP,0.3438748391573379,-0.07689362389390075,,,,,,
2025-02,2025-02-03,2025-04-01,2025-02-03,101,98,6,2,1,0.3438748391573379,-0.22641196826185273,APP,0.3438748391573379,-0.22641196826185273,,,,,,
2025-02,2025-02-03,2025-05-01,2025-02-03,101,98,6,3,1,0.3438748391573379,-0.23519596002852017,APP,0.3438748391573379,-0.23519596002852017,,,,,,
2025-02,2025-02-03,2025-03-03,2025-02-03,101,98,6,1,2,0.2839895914091727,-0.040357486075129845,APP,0.3438748391573379,-0.07689362389390075,PLTR,0.22410434366100748,-0.0038213482563589363,,,
2025-02,2025-02-03,2025-04-01,2025-02-03,101,98,6,2,2,0.2839895914091727,-0.1075933589494959,APP,0.3438748391573379,-0.22641196826185273,PLTR,0.22410434366100748,0.011225250362860928,,,
2025-02,2025-02-03,2025-05-01,2025-02-03,101,98,6,3,2,0.2839895914091727,0.07621620623207509,APP,0.3438748391573379,-0.23519596002852017,PLTR,0.22410434366100748,0.38762837249267035,,,
2025-02,2025-02-03,2025-03-03,2025-02-03,101,98,6,1,3,0.25335152861664306,-0.119263360000056,APP,0.3438748391573379,-0.07689362389390075,PLTR,0.22410434366100748,-0.0038213482563589363,MSTR,0.19207540303158388,-0.2770751078499083
2025-02,2025-02-03,2025-04-01,2025-02-03,101,98,6,2,3,0.25335152861664306,-0.11117113301363246,APP,0.3438748391573379,-0.22641196826185273,PLTR,0.22410434366100748,0.011225250362860928,MSTR,0.19207540303158388,-0.11832668114190559
2025-02,2025-02-03,2025-05-01,2025-02-03,101,98,6,3,3,0.25335152861664306,0.08395303444055653,APP,0.3438748391573379,-0.23519596002852017,PLTR,0.22410434366100748,0.38762837249267035,MSTR,0.19207540303158388,0.09942669085751943
2025-03,2025-03-03,2025-04-01,2025-03-03,101,98,6,1,1,0.3021161856089825,-0.16197303825227471,APP,0.3021161856089825,-0.16197303825227471,,,,,,
2025-03,2025-03-03,2025-05-01,2025-03-03,101,98,6,2,1,0.3021161856089825,-0.17148872571152574,APP,0.3021161856089825,-0.17148872571152574,,,,,,
2025-03,2025-03-03,2025-06-02,2025-03-03,101,98,6,3,1,0.3021161856089825,0.19140928447613836,APP,0.3021161856089825,0.19140928447613836,,,,,,
2025-03,2025-03-03,2025-04-01,2025-03-03,101,98,6,1,2,0.24863665433124668,-0.07343436038790135,APP,0.3021161856089825,-0.16197303825227471,PLTR,0.19515712305351085,0.015104317476472007,,,
2025-03,2025-03-03,2025-05-01,2025-03-03,101,98,6,2,2,0.24863665433124668,0.11073129944831445,APP,0.3021161856089825,-0.17148872571152574,PLTR,0.19515712305351085,0.39295132460815463,,,
2025-03,2025-03-03,2025-06-02,2025-03-03,101,98,6,3,2,0.24863665433124668,0.3871215457647299,APP,0.3021161856089825,0.19140928447613836,PLTR,0.19515712305351085,0.5828338070533214,,,
2025-03,2025-03-03,2025-04-01,2025-03-03,101,98,6,1,3,0.2249955989926421,0.024241048713729268,APP,0.3021161856089825,-0.16197303825227471,PLTR,0.19515712305351085,0.015104317476472007,MSTR,0.1777134883154329,0.2195918669169905
2025-03,2025-03-03,2025-05-01,2025-03-03,101,98,6,2,3,0.2249955989926421,0.2474220258825284,APP,0.3021161856089825,-0.17148872571152574,PLTR,0.19515712305351085,0.39295132460815463,MSTR,0.1777134883154329,0.5208034787509563
2025-03,2025-03-03,2025-06-02,2025-03-03,101,98,6,3,3,0.2249955989926421,0.41928777865034506,APP,0.3021161856089825,0.19140928447613836,PLTR,0.19515712305351085,0.5828338070533214,MSTR,0.1777134883154329,0.48362024442157536
2025-04,2025-04-01,2025-05-01,2025-04-01,101,98,6,1,1,0.1947091697812655,-0.011354870300838371,APP,0.1947091697812655,-0.011354870300838371,,,,,,
2025-04,2025-04-01,2025-06-02,2025-04-01,101,98,6,2,1,0.1947091697812655,0.4216837152726276,APP,0.1947091697812655,0.4216837152726276,,,,,,
2025-04,2025-04-01,2025-07-01,2025-04-01,101,98,6,3,1,0.1947091697812655,0.190979794492673,APP,0.1947091697812655,0.190979794492673,,,,,,
2025-04,2025-04-01,2025-05-01,2025-04-01,101,98,6,1,2,0.1799403405484174,0.18043496759800093,APP,0.1947091697812655,-0.011354870300838371,PLTR,0.16517151131556929,0.3722248054968402,,,
2025-04,2025-04-01,2025-06-02,2025-04-01,101,98,6,2,2,0.1799403405484174,0.49048281660110915,APP,0.1947091697812655,0.4216837152726276,PLTR,0.16517151131556929,0.5592819179295907,,,
2025-04,2025-04-01,2025-07-01,2025-04-01,101,98,6,3,2,0.1799403405484174,0.36710062117658826,APP,0.1947091697812655,0.190979794492673,PLTR,0.16517151131556929,0.5432214478605035,,,
2025-04,2025-04-01,2025-05-01,2025-04-01,101,98,6,1,3,0.17306227160500542,0.20261577388394966,APP,0.1947091697812655,-0.011354870300838371,PLTR,0.16517151131556929,0.3722248054968402,MSTR,0.1593061337181815,0.2469773864558471
2025-04,2025-04-01,2025-06-02,2025-04-01,101,98,6,2,3,0.17306227160500542,0.3991515864442013,APP,0.1947091697812655,0.4216837152726276,PLTR,0.16517151131556929,0.5592819179295907,MSTR,0.1593061337181815,0.21648912613038562
2025-04,2025-04-01,2025-07-01,2025-04-01,101,98,6,3,3,0.17306227160500542,0.3180187192336168,APP,0.1947091697812655,0.190979794492673,PLTR,0.16517151131556929,0.5432214478605035,MSTR,0.1593061337181815,0.21985491534767387
2025-05,2025-05-01,2025-06-02,2025-05-01,101,98,6,1,1,0.20225012343313672,0.13631666741734993,PLTR,0.20225012343313672,0.13631666741734993,,,,,,
2025-05,2025-05-01,2025-07-01,2025-05-01,101,98,6,2,1,0.20225012343313672,0.12461270316546336,PLTR,0.20225012343313672,0.12461270316546336,,,,,,
2025-05,2025-05-01,2025-08-01,2025-05-01,101,98,6,3,1,0.20225012343313672,0.32762485648924655,PLTR,0.20225012343313672,0.32762485648924655,,,,,,
2025-05,2025-05-01,2025-06-02,2025-05-01,101,98,6,1,2,0.17656134055817888,0.2871644121107588,PLTR,0.20225012343313672,0.13631666741734993,APP,0.15087255768322103,0.4380121568041677,,,
2025-05,2025-05-01,2025-07-01,2025-05-01,101,98,6,2,2,0.17656134055817888,0.1646356195451807,PLTR,0.20225012343313672,0.12461270316546336,APP,0.15087255768322103,0.20465853592489802,,,
2025-05,2025-05-01,2025-08-01,2025-05-01,101,98,6,3,2,0.17656134055817888,0.34213728186419223,PLTR,0.20225012343313672,0.32762485648924655,APP,0.15087255768322103,0.3566497072391379,,,
2025-05,2025-05-01,2025-06-02,2025-05-01,101,98,6,1,3,0.16164450831791996,0.18329303143109424,PLTR,0.20225012343313672,0.13631666741734993,APP,0.15087255768322103,0.4380121568041677,MSTR,0.13181084383740213,-0.02444972992823491
2025-05,2025-05-01,2025-07-01,2025-05-01,101,98,6,2,3,0.16164450831791996,0.10250688911520793,PLTR,0.20225012343313672,0.12461270316546336,APP,0.15087255768322103,0.20465853592489802,MSTR,0.13181084383740213,-0.0217505717447376
2025-05,2025-05-01,2025-08-01,2025-05-01,101,98,6,3,3,0.16164450831791996,0.21501500046950264,PLTR,0.20225012343313672,0.32762485648924655,APP,0.15087255768322103,0.3566497072391379,MSTR,0.13181084383740213,-0.03922956231987651
2025-06,2025-06-02,2025-07-01,2025-06-02,101,98,6,1,1,0.1276810728947654,-0.010299914264645715,PLTR,0.1276810728947654,-0.010299914264645715,,,,,,
2025-06,2025-06-02,2025-08-01,2025-06-02,101,98,6,2,1,0.1276810728947654,0.16835816507620782,PLTR,0.1276810728947654,0.16835816507620782,,,,,,
2025-06,2025-06-02,2025-09-02,2025-06-02,101,98,6,3,1,0.1276810728947654,0.18971527056559334,PLTR,0.1276810728947654,0.18971527056559334,,,,,,
2025-06,2025-06-02,2025-07-01,2025-06-02,101,98,6,1,2,0.10796632208295612,0.028329046454841855,PLTR,0.1276810728947654,-0.010299914264645715,AVGO,0.08825157127114681,0.06695800717432943,,,
2025-06,2025-06-02,2025-08-01,2025-06-02,101,98,6,2,2,0.10796632208295612,0.16581913208146382,PLTR,0.1276810728947654,0.16835816507620782,AVGO,0.08825157127114681,0.1632800990867198,,,
2025-06,2025-06-02,2025-09-02,2025-06-02,101,98,6,3,2,0.10796632208295612,0.19584269370749519,PLTR,0.1276810728947654,0.18971527056559334,AVGO,0.08825157127114681,0.20197011684939703,,,
2025-06,2025-06-02,2025-07-01,2025-06-02,101,98,6,1,3,0.09429098526427666,0.034962633514046236,PLTR,0.1276810728947654,-0.010299914264645715,AVGO,0.08825157127114681,0.06695800717432943,ZS,0.06694031162691776,0.04822980763245499
2025-06,2025-06-02,2025-08-01,2025-06-02,101,98,6,2,3,0.09429098526427666,0.0958679563210999,PLTR,0.1276810728947654,0.16835816507620782,AVGO,0.08825157127114681,0.1632800990867198,ZS,0.06694031162691776,-0.04403439519962793
2025-06,2025-06-02,2025-09-02,2025-06-02,101,98,6,3,3,0.09429098526427666,0.10940302438302973,PLTR,0.1276810728947654,0.18971527056559334,AVGO,0.08825157127114681,0.20197011684939703,ZS,0.06694031162691776,-0.06347631426590117
2025-07,2025-07-01,2025-08-01,2025-07-01,101,98,6,1,1,0.10387273217907073,0.1805173930121562,PLTR,0.10387273217907073,0.1805173930121562,,,,,,
2025-07,2025-07-01,2025-09-02,2025-07-01,101,98,6,2,1,0.10387273217907073,0.2020967641743976,PLTR,0.10387273217907073,0.2020967641743976,,,,,,
2025-07,2025-07-01,2025-10-01,2025-07-01,101,98,6,3,1,0.10387273217907073,0.41528931216812603,PLTR,0.10387273217907073,0.41528931216812603,,,,,,
2025-07,2025-07-01,2025-08-01,2025-07-01,101,98,6,1,2,0.10015656935936273,0.0462491662674408,PLTR,0.10387273217907073,0.1805173930121562,ZS,0.09644040653965473,-0.08801906047727459,,,
2025-07,2025-07-01,2025-09-02,2025-07-01,101,98,6,2,2,0.10015656935936273,0.047765160657607386,PLTR,0.10387273217907073,0.2020967641743976,ZS,0.09644040653965473,-0.10656644285918282,,,
2025-07,2025-07-01,2025-10-01,2025-07-01,101,98,6,3,2,0.10015656935936273,0.20310539980652031,PLTR,0.10387273217907073,0.41528931216812603,ZS,0.09644040653965473,-0.009078512555085405,,,
2025-07,2025-07-01,2025-08-01,2025-07-01,101,98,6,1,3,0.0895299207451165,-0.003953864253740151,PLTR,0.10387273217907073,0.1805173930121562,ZS,0.09644040653965473,-0.08801906047727459,NFLX,0.068276623516624,-0.10435992529610205
2025-07,2025-07-01,2025-09-02,2025-07-01,101,98,6,2,3,0.0895299207451165,0.011360556857562506,PLTR,0.10387273217907073,0.2020967641743976,ZS,0.09644040653965473,-0.10656644285918282,NFLX,0.068276623516624,-0.061448650742527255
2025-07,2025-07-01,2025-10-01,2025-07-01,101,98,6,3,3,0.0895299207451165,0.10378639667948575,PLTR,0.10387273217907073,0.41528931216812603,ZS,0.09644040653965473,-0.009078512555085405,NFLX,0.068276623516624,-0.09485160957458338
2025-08,2025-08-01,2025-09-02,2025-08-01,101,99,6,1,1,0.11500698681363562,0.018279587653664775,PLTR,0.11500698681363562,0.018279587653664775,,,,,,
2025-08,2025-08-01,2025-10-01,2025-08-01,101,99,6,2,1,0.11500698681363562,0.19887205435994137,PLTR,0.11500698681363562,0.19887205435994137,,,,,,
2025-08,2025-08-01,2025-11-03,2025-08-01,101,99,6,3,1,0.11500698681363562,0.34297003265699266,PLTR,0.11500698681363562,0.34297003265699266,,,,,,
2025-08,2025-08-01,2025-09-02,2025-08-01,101,99,6,1,2,0.09760398168350387,-0.018175260892856926,PLTR,0.11500698681363562,0.018279587653664775,AMD,0.0802009765533721,-0.05463010943937863,,,
2025-08,2025-08-01,2025-10-01,2025-08-01,101,99,6,2,2,0.09760398168350387,0.07704230971320697,PLTR,0.11500698681363562,0.19887205435994137,AMD,0.0802009765533721,-0.04478743493352744,,,
2025-08,2025-08-01,2025-11-03,2025-08-01,101,99,6,3,2,0.09760398168350387,0.4276003294078382,PLTR,0.11500698681363562,0.34297003265699266,AMD,0.0802009765533721,0.5122306261586838,,,
2025-08,2025-08-01,2025-09-02,2025-08-01,101,99,6,1,3,0.08933781791451849,-0.017758117158847158,PLTR,0.11500698681363562,0.018279587653664775,AMD,0.0802009765533721,-0.05463010943937863,NVDA,0.0728054903765477,-0.01692382969082762
2025-08,2025-08-01,2025-10-01,2025-08-01,101,99,6,2,3,0.08933781791451849,0.07732394458428804,PLTR,0.11500698681363562,0.19887205435994137,AMD,0.0802009765533721,-0.04478743493352744,NVDA,0.0728054903765477,0.07788721432645018
2025-08,2025-08-01,2025-11-03,2025-08-01,101,99,6,3,3,0.08933781791451849,0.3487165581398155,PLTR,0.11500698681363562,0.34297003265699266,AMD,0.0802009765533721,0.5122306261586838,NVDA,0.0728054903765477,0.1909490156037701
2025-09,2025-09-02,2025-10-01,2025-09-02,101,99,6,1,1,0.11869047613197291,0.17735057139110544,PLTR,0.11869047613197291,0.17735057139110544,,,,,,
2025-09,2025-09-02,2025-11-03,2025-09-02,101,99,6,2,1,0.11869047613197291,0.3188617830899316,PLTR,0.11869047613197291,0.3188617830899316,,,,,,
2025-09,2025-09-02,2025-12-01,2025-09-02,101,99,6,3,1,0.11869047613197291,0.06620414665300323,PLTR,0.11869047613197291,0.06620414665300323,,,,,,
2025-09,2025-09-02,2025-10-01,2025-09-02,101,99,6,1,2,0.10659065440173238,0.09388101236620772,PLTR,0.11869047613197291,0.17735057139110544,AMD,0.09449083267149185,0.010411453341309995,,,
2025-09,2025-09-02,2025-11-03,2025-09-02,101,99,6,2,2,0.10659065440173238,0.459239855876326,PLTR,0.11869047613197291,0.3188617830899316,AMD,0.09449083267149185,0.5996179286627203,,,
2025-09,2025-09-02,2025-12-01,2025-09-02,101,99,6,3,2,0.10659065440173238,0.21003647632922673,PLTR,0.11869047613197291,0.06620414665300323,AMD,0.09449083267149185,0.35386880600545023,,,
2025-09,2025-09-02,2025-10-01,2025-09-02,101,99,6,1,3,0.10016866925950514,0.10251181501357938,PLTR,0.11869047613197291,0.17735057139110544,AMD,0.09449083267149185,0.010411453341309995,AVGO,0.0873246989750507,0.11977342030832272
2025-09,2025-09-02,2025-11-03,2025-09-02,101,99,6,2,3,0.10016866925950514,0.37873135589526097,PLTR,0.11869047613197291,0.3188617830899316,AMD,0.09449083267149185,0.5996179286627203,AVGO,0.0873246989750507,0.21771435593313093
2025-09,2025-09-02,2025-12-01,2025-09-02,101,99,6,3,3,0.10016866925950514,0.23893953965605808,PLTR,0.11869047613197291,0.06620414665300323,AMD,0.09449083267149185,0.35386880600545023,AVGO,0.0873246989750507,0.29674566630972077
2025-10,2025-10-01,2025-11-03,2025-10-01,101,99,6,1,1,0.18710392670593015,-0.10218865409636135,APP,0.18710392670593015,-0.10218865409636135,,,,,,
2025-10,2025-10-01,2025-12-01,2025-10-01,101,99,6,2,1,0.18710392670593015,-0.11433197024465813,APP,0.18710392670593015,-0.11433197024465813,,,,,,
2025-10,2025-10-01,2026-01-02,2025-10-01,101,99,6,3,1,0.18710392670593015,-0.1218168362848524,APP,0.18710392670593015,-0.1218168362848524,,,,,,
2025-10,2025-10-01,2025-11-03,2025-10-01,101,99,6,1,2,0.1690412488277948,0.0935584710299267,APP,0.18710392670593015,-0.10218865409636135,MU,0.1509785709496595,0.28930559615621476,,,
2025-10,2025-10-01,2025-12-01,2025-10-01,101,99,6,2,2,0.1690412488277948,0.10330784107298885,APP,0.18710392670593015,-0.11433197024465813,MU,0.1509785709496595,0.32094765239063583,,,
2025-10,2025-10-01,2026-01-02,2025-10-01,101,99,6,3,2,0.1690412488277948,0.3058088655666278,APP,0.18710392670593015,-0.1218168362848524,MU,0.1509785709496595,0.733434567418108,,,
2025-10,2025-10-01,2025-11-03,2025-10-01,101,99,6,1,3,0.16127133870222268,0.10243718938147939,APP,0.18710392670593015,-0.10218865409636135,MU,0.1509785709496595,0.28930559615621476,PLTR,0.14573151845107848,0.12019462608458475
2025-10,2025-10-01,2025-12-01,2025-10-01,101,99,6,2,3,0.16127133870222268,0.03740394461516224,APP,0.18710392670593015,-0.11433197024465813,MU,0.1509785709496595,0.32094765239063583,PLTR,0.14573151845107848,-0.09440384830049098
2025-10,2025-10-01,2026-01-02,2025-10-01,101,99,6,3,3,0.16127133870222268,0.17307146571724322,APP,0.18710392670593015,-0.1218168362848524,MU,0.1509785709496595,0.733434567418108,PLTR,0.14573151845107848,-0.09240333398152589
2025-11,2025-11-03,2025-12-01,2025-11-03,102,100,6,1,1,0.21975002650717848,0.024541936627557437,MU,0.21975002650717848,0.024541936627557437,,,,,,
2025-11,2025-11-03,2026-01-02,2025-11-03,102,100,6,2,1,0.21975002650717848,0.34447145237402776,MU,0.21975002650717848,0.34447145237402776,,,,,,
2025-11,2025-11-03,2026-02-02,2025-11-03,102,100,6,3,1,0.21975002650717848,0.8661134983384711,MU,0.21975002650717848,0.8661134983384711,,,,,,
2025-11,2025-11-03,2025-12-01,2025-11-03,102,100,6,1,2,0.20793348888005667,0.04771286734495861,MU,0.21975002650717848,0.024541936627557437,WBD,0.19611695125293485,0.07088379806235978,,,
2025-11,2025-11-03,2026-01-02,2025-11-03,102,100,6,2,2,0.20793348888005667,0.3117601554799173,MU,0.21975002650717848,0.34447145237402776,WBD,0.19611695125293485,0.27904885858580686,,,
2025-11,2025-11-03,2026-02-02,2025-11-03,102,100,6,3,2,0.20793348888005667,0.550373916675341,MU,0.21975002650717848,0.8661134983384711,WBD,0.19611695125293485,0.23463433501221087,,,
2025-11,2025-11-03,2025-12-01,2025-11-03,102,100,6,1,3,0.2038342011518055,-0.01940138431875449,MU,0.21975002650717848,0.024541936627557437,WBD,0.19611695125293485,0.07088379806235978,AMD,0.19563562569530313,-0.15362988764618069
2025-11,2025-11-03,2026-01-02,2025-11-03,102,100,6,2,3,0.2038342011518055,0.16139297158285823,MU,0.21975002650717848,0.34447145237402776,WBD,0.19611695125293485,0.27904885858580686,AMD,0.19563562569530313,-0.13934139621125996
2025-11,2025-11-03,2026-02-02,2025-11-03,102,100,6,3,3,0.2038342011518055,0.34973898837019274,MU,0.21975002650717848,0.8661134983384711,WBD,0.19611695125293485,0.23463433501221087,AMD,0.19563562569530313,-0.05153086824010367
2025-12,2025-12-01,2026-01-02,2025-12-01,101,99,6,1,1,0.18010026336143956,0.3122659056783652,MU,0.18010026336143956,0.3122659056783652,,,,,,
2025-12,2025-12-01,2026-02-02,2025-12-01,101,99,6,2,1,0.18010026336143956,0.8214125079946266,MU,0.18010026336143956,0.8214125079946266,,,,,,
2025-12,2025-12-01,2026-03-02,2025-12-01,101,99,6,3,1,0.18010026336143956,0.7168624515169448,MU,0.18010026336143956,0.7168624515169448,,,,,,
2025-12,2025-12-01,2026-01-02,2025-12-01,101,99,6,1,2,0.17849562569071115,0.25332606608830344,MU,0.18010026336143956,0.3122659056783652,WBD,0.17689098801998274,0.19438622649824167,,,
2025-12,2025-12-01,2026-02-02,2025-12-01,101,99,6,2,2,0.17849562569071115,0.487162045580928,MU,0.18010026336143956,0.8214125079946266,WBD,0.17689098801998274,0.15291158316722941,,,
2025-12,2025-12-01,2026-03-02,2025-12-01,101,99,6,3,2,0.17849562569071115,0.45541486626921357,MU,0.18010026336143956,0.7168624515169448,WBD,0.17689098801998274,0.1939672810214823,,,
2025-12,2025-12-01,2026-01-02,2025-12-01,101,99,6,1,3,0.16637792429045486,0.16363537889310123,MU,0.18010026336143956,0.3122659056783652,WBD,0.17689098801998274,0.19438622649824167,INTC,0.14214252148994236,-0.015745995497303156
2025-12,2025-12-01,2026-02-02,2025-12-01,101,99,6,2,3,0.16637792429045486,0.398089730136751,MU,0.18010026336143956,0.8214125079946266,WBD,0.17689098801998274,0.15291158316722941,INTC,0.14214252148994236,0.2199450992483969
2025-12,2025-12-01,2026-03-02,2025-12-01,101,99,6,3,3,0.16637792429045486,0.3493484921073176,MU,0.18010026336143956,0.7168624515169448,WBD,0.17689098801998274,0.1939672810214823,INTC,0.14214252148994236,0.13721574378352575
2026-01,2026-01-02,2026-02-02,2026-01-02,101,99,6,1,1,0.20981851136921134,0.4396909914190774,WDC,0.20981851136921134,0.4396909914190774,,,,,,
2026-01,2026-01-02,2026-03-02,2026-01-02,101,99,6,2,1,0.20981851136921134,0.43889167976134225,WDC,0.20981851136921134,0.43889167976134225,,,,,,
2026-01,2026-01-02,2026-04-01,2026-01-02,101,99,6,3,1,0.20981851136921134,0.5869606243387386,WDC,0.20981851136921134,0.5869606243387386,,,,,,
2026-01,2026-01-02,2026-02-02,2026-01-02,101,99,6,1,2,0.20172027206625634,0.20248317085562206,WDC,0.20981851136921134,0.4396909914190774,WBD,0.19362203276330134,-0.03472464970783329,,,
2026-01,2026-01-02,2026-03-02,2026-01-02,101,99,6,2,2,0.20172027206625634,0.2192704588073362,WDC,0.20981851136921134,0.43889167976134225,WBD,0.19362203276330134,-0.0003507621466698474,,,
2026-01,2026-01-02,2026-04-01,2026-01-02,101,99,6,3,2,0.20172027206625634,0.2755918440954482,WDC,0.20981851136921134,0.5869606243387386,WBD,0.19362203276330134,-0.035776936147842275,,,
2026-01,2026-01-02,2026-02-02,2026-01-02,101,99,6,1,3,0.19901116869445812,0.2643189211852373,WDC,0.20981851136921134,0.4396909914190774,WBD,0.19362203276330134,-0.03472464970783329,MU,0.1935929619508617,0.38799042184446786
2026-01,2026-01-02,2026-03-02,2026-01-02,101,99,6,2,3,0.19901116869445812,0.24895331452471528,WDC,0.20981851136921134,0.43889167976134225,WBD,0.19362203276330134,-0.0003507621466698474,MU,0.1935929619508617,0.30831902595947347
2026-01,2026-01-02,2026-04-01,2026-01-02,101,99,6,3,3,0.19901116869445812,0.23929875261669975,WDC,0.20981851136921134,0.5869606243387386,WBD,0.19362203276330134,-0.035776936147842275,MU,0.1935929619508617,0.1667125696592029
2026-02,2026-02-02,2026-03-02,2026-02-02,101,99,6,1,1,0.2801943362712899,-0.057400537230740345,MU,0.2801943362712899,-0.057400537230740345,,,,,,
2026-02,2026-02-02,2026-04-01,2026-02-02,101,99,6,2,1,0.2801943362712899,-0.1594231838366823,MU,0.2801943362712899,-0.1594231838366823,,,,,,
2026-02,2026-02-02,2026-05-01,2026-02-02,101,99,6,3,1,0.2801943362712899,0.2390082552862225,MU,0.2801943362712899,0.2390082552862225,,,,,,
2026-02,2026-02-02,2026-03-02,2026-02-02,101,99,6,1,2,0.26505638324585545,-0.028977866955048337,MU,0.2801943362712899,-0.057400537230740345,WDC,0.24991843022042093,-0.000555196679356329,,,
2026-02,2026-02-02,2026-04-01,2026-02-02,101,99,6,2,2,0.26505638324585545,-0.02856532726939026,MU,0.2801943362712899,-0.1594231838366823,WDC,0.24991843022042093,0.10229252929790178,,,
2026-02,2026-02-02,2026-05-01,2026-02-02,101,99,6,3,2,0.26505638324585545,0.4183171757034049,MU,0.2801943362712899,0.2390082552862225,WDC,0.24991843022042093,0.5976260961205873,,,
2026-02,2026-02-02,2026-03-02,2026-02-02,101,99,6,1,3,0.24540441986942454,-0.06045498142247826,MU,0.2801943362712899,-0.057400537230740345,WDC,0.24991843022042093,-0.000555196679356329,STX,0.20610049311656278,-0.1234092103573381
2026-02,2026-02-02,2026-04-01,2026-02-02,101,99,6,2,3,0.24540441986942454,-0.026043544535469126,MU,0.2801943362712899,-0.1594231838366823,WDC,0.24991843022042093,0.10229252929790178,STX,0.20610049311656278,-0.02099997906762685
2026-02,2026-02-02,2026-05-01,2026-02-02,101,99,6,3,3,0.24540441986942454,0.5061930348836344,MU,0.2801943362712899,0.2390082552862225,WDC,0.24991843022042093,0.5976260961205873,STX,0.20610049311656278,0.6819447532440934
2026-03,2026-03-02,2026-04-01,2026-03-02,101,99,6,1,1,0.2490155621538742,-0.10823541773110079,MU,0.2490155621538742,-0.10823541773110079,,,,,,
2026-03,2026-03-02,2026-05-01,2026-03-02,101,99,6,2,1,0.2490155621538742,0.31445890245486097,MU,0.2490155621538742,0.31445890245486097,,,,,,
2026-03,2026-03-02,2026-06-01,2026-03-02,101,99,6,3,1,0.2490155621538742,1.5103229355775212,MU,0.2490155621538742,1.5103229355775212,,,,,,
2026-03,2026-03-02,2026-04-01,2026-03-02,101,99,6,1,2,0.2435857579102789,-0.002665279659081088,MU,0.2490155621538742,-0.10823541773110079,WDC,0.2381559536666836,0.10290485841293862,,,
2026-03,2026-03-02,2026-05-01,2026-03-02,101,99,6,2,2,0.2435857579102789,0.45648624400502724,MU,0.2490155621538742,0.31445890245486097,WDC,0.2381559536666836,0.5985135855551935,,,
2026-03,2026-03-02,2026-06-01,2026-03-02,101,99,6,3,2,0.2435857579102789,1.2668274141048659,MU,0.2490155621538742,1.5103229355775212,WDC,0.2381559536666836,1.0233318926322106,,,
2026-03,2026-03-02,2026-04-01,2026-03-02,101,99,6,1,3,0.22257529633329234,-0.013589721280110637,MU,0.2490155621538742,-0.10823541773110079,WDC,0.2381559536666836,0.10290485841293862,WBD,0.1805543731793193,-0.03543860452216974
2026-03,2026-03-02,2026-05-01,2026-03-02,101,99,6,2,3,0.22257529633329234,0.28642941779697123,MU,0.2490155621538742,0.31445890245486097,WDC,0.2381559536666836,0.5985135855551935,WBD,0.1805543731793193,-0.053684234619140736
2026-03,2026-03-02,2026-06-01,2026-03-02,101,99,6,3,3,0.22257529633329234,0.8299317263623083,MU,0.2490155621538742,1.5103229355775212,WDC,0.2381559536666836,1.0233318926322106,WBD,0.1805543731793193,-0.04385964912280704
2026-04,2026-04-01,2026-05-01,2026-04-01,101,99,6,1,1,0.15594566659562428,0.4493667095232743,WDC,0.15594566659562428,0.4493667095232743,,,,,,
2026-04,2026-04-01,2026-06-01,2026-04-01,101,99,6,2,1,0.15594566659562428,0.8345479913324083,WDC,0.15594566659562428,0.8345479913324083,,,,,,
2026-04,2026-04-01,2026-07-01,2026-04-01,101,99,6,3,1,0.15594566659562428,1.0102978930794646,WDC,0.15594566659562428,1.0102978930794646,,,,,,
2026-04,2026-04-01,2026-05-01,2026-04-01,101,99,6,1,2,0.1486784920765425,0.46168218191314203,WDC,0.15594566659562428,0.4493667095232743,MU,0.1414113175574607,0.4739976543030098,,,
2026-04,2026-04-01,2026-06-01,2026-04-01,101,99,6,2,2,0.1486784920765425,1.324777155968083,WDC,0.15594566659562428,0.8345479913324083,MU,0.1414113175574607,1.8150063206037577,,,
2026-04,2026-04-01,2026-07-01,2026-04-01,101,99,6,3,2,0.1486784920765425,1.4082753532215253,WDC,0.15594566659562428,1.0102978930794646,MU,0.1414113175574607,1.806252813363586,,,
2026-04,2026-04-01,2026-05-01,2026-04-01,101,99,6,1,3,0.1334261800121206,0.5471291894680704,WDC,0.15594566659562428,0.4493667095232743,MU,0.1414113175574607,0.4739976543030098,STX,0.10292155588327678,0.7180232045779271
2026-04,2026-04-01,2026-06-01,2026-04-01,101,99,6,2,3,0.1334261800121206,1.2756187472019558,WDC,0.15594566659562428,0.8345479913324083,MU,0.1414113175574607,1.8150063206037577,STX,0.10292155588327678,1.1773019296697012
2026-04,2026-04-01,2026-07-01,2026-04-01,101,99,6,3,3,0.1334261800121206,1.3270163630382952,WDC,0.15594566659562428,1.0102978930794646,MU,0.1414113175574607,1.806252813363586,STX,0.10292155588327678,1.1644983826718347
2026-05,2026-05-01,2026-06-01,2026-05-01,101,99,6,1,1,0.4174842364975964,0.48393433337062963,SNDK,0.4174842364975964,0.48393433337062963,,,,,,
2026-05,2026-05-01,2026-07-01,2026-05-01,101,99,6,2,1,0.4174842364975964,0.7120640022772746,SNDK,0.4174842364975964,0.7120640022772746,,,,,,
2026-05,2026-05-01,2026-08-03,2026-05-01,101,99,6,3,1,0.4174842364975964,0.08511375677917021,SNDK,0.4174842364975964,0.08511375677917021,,,,,,
2026-05,2026-05-01,2026-06-01,2026-05-01,101,99,6,1,2,0.317212147604213,0.37563204497914626,SNDK,0.4174842364975964,0.48393433337062963,STX,0.21694005871082964,0.2673297565876629,,,
2026-05,2026-05-01,2026-07-01,2026-05-01,101,99,6,2,2,0.317212147604213,0.48597063552500896,SNDK,0.4174842364975964,0.7120640022772746,STX,0.21694005871082964,0.2598772687727433,,,
2026-05,2026-05-01,2026-08-03,2026-05-01,101,99,6,3,2,0.317212147604213,0.11458760122330136,SNDK,0.4174842364975964,0.08511375677917021,STX,0.21694005871082964,0.1440614456674325,,,
2026-05,2026-05-01,2026-06-01,2026-05-01,101,99,6,1,3,0.2836157557742835,0.28291148851772513,SNDK,0.4174842364975964,0.48393433337062963,STX,0.21694005871082964,0.2673297565876629,INTC,0.21642297211442443,0.09747037559488292
2026-05,2026-05-01,2026-07-01,2026-05-01,101,99,6,2,3,0.2836157557742835,0.4156621246170555,SNDK,0.4174842364975964,0.7120640022772746,STX,0.21694005871082964,0.2598772687727433,INTC,0.21642297211442443,0.27504510280114847
2026-05,2026-05-01,2026-08-03,2026-05-01,101,99,6,3,3,0.2836157557742835,0.04754878926188536,SNDK,0.4174842364975964,0.08511375677917021,STX,0.21694005871082964,0.1440614456674325,INTC,0.21642297211442443,-0.08652883466094663
2026-06,2026-06-01,2026-07-01,2026-06-01,101,99,6,1,1,0.49559579520256375,0.15373299463222745,SNDK,0.49559579520256375,0.15373299463222745,,,,,,
2026-06,2026-06-01,2026-08-03,2026-06-01,101,99,6,2,1,0.49559579520256375,-0.2687589117812058,SNDK,0.49559579520256375,-0.2687589117812058,,,,,,
2026-06,2026-06-01,2026-09-01,2026-06-01,101,99,6,3,1,0.49559579520256375,-0.12748735501625652,SNDK,0.49559579520256375,-0.12748735501625652,,,,,,
2026-06,2026-06-01,2026-07-01,2026-06-01,101,99,6,1,2,0.407664121705684,0.07531170378401708,SNDK,0.49559579520256375,0.15373299463222745,MU,0.31973244820880425,-0.0031095870641932866,,,
2026-06,2026-06-01,2026-08-03,2026-06-01,101,99,6,2,2,0.407664121705684,-0.23378673138582123,SNDK,0.49559579520256375,-0.2687589117812058,MU,0.31973244820880425,-0.19881455099043666,,,
2026-06,2026-06-01,2026-09-01,2026-06-01,101,99,6,3,2,0.407664121705684,-0.11295492073928798,SNDK,0.49559579520256375,-0.12748735501625652,MU,0.31973244820880425,-0.09842248646231944,,,
2026-06,2026-06-01,2026-07-01,2026-06-01,101,99,6,1,3,0.35798917619019255,0.04824764764423354,SNDK,0.49559579520256375,0.15373299463222745,MU,0.31973244820880425,-0.0031095870641932866,STX,0.25863928515920964,-0.005880464635333538
2026-06,2026-06-01,2026-08-03,2026-06-01,101,99,6,2,3,0.35798917619019255,-0.18827987742482266,SNDK,0.49559579520256375,-0.2687589117812058,MU,0.31973244820880425,-0.19881455099043666,STX,0.25863928515920964,-0.09726616950282552
2026-06,2026-06-01,2026-09-01,2026-06-01,101,99,6,3,3,0.35798917619019255,-0.11294654818527743,SNDK,0.49559579520256375,-0.12748735501625652,MU,0.31973244820880425,-0.09842248646231944,STX,0.25863928515920964,-0.11292980307725631
2026-07,2026-07-01,2026-08-03,2026-07-01,101,100,6,1,1,0.4696168819811391,-0.36619556550700005,SNDK,0.4696168819811391,-0.36619556550700005,,,,,,
2026-07,2026-07-01,2026-09-01,2026-07-01,101,100,6,2,1,0.4696168819811391,-0.24374820773685835,SNDK,0.4696168819811391,-0.24374820773685835,,,,,,
2026-07,2026-07-01,2026-08-03,2026-07-01,101,100,6,1,2,0.3683933740330918,-0.28125549466784133,SNDK,0.4696168819811391,-0.36619556550700005,MU,0.2671698660850445,-0.1963154238286826,,,
2026-07,2026-07-01,2026-09-01,2026-07-01,101,100,6,2,2,0.3683933740330918,-0.16967920769996925,SNDK,0.4696168819811391,-0.24374820773685835,MU,0.2671698660850445,-0.09561020766308015,,,
2026-07,2026-07-01,2026-08-03,2026-07-01,101,100,6,1,3,0.3322981669793896,-0.28202945326309564,SNDK,0.4696168819811391,-0.36619556550700005,MU,0.2671698660850445,-0.1963154238286826,INTC,0.2601077528719851,-0.2835773704536042
2026-07,2026-07-01,2026-09-01,2026-07-01,101,100,6,2,3,0.3322981669793896,-0.21297250394180303,SNDK,0.4696168819811391,-0.24374820773685835,MU,0.2671698660850445,-0.09561020766308015,INTC,0.2601077528719851,-0.29955909642547063
2026-08,2026-08-03,2026-09-01,2026-08-03,101,100,6,1,1,0.20824480798397707,-0.12814198939446397,ALAB,0.20824480798397707,-0.12814198939446397,,,,,,
2026-08,2026-08-03,2026-09-01,2026-08-03,101,100,6,1,2,0.20758955669030932,-0.07293904095690734,ALAB,0.20824480798397707,-0.12814198939446397,ARM,0.2069343053966416,-0.01773609251935071,,,
2026-08,2026-08-03,2026-09-01,2026-08-03,101,100,6,1,3,0.2037688757724974,-0.02005410602792501,ALAB,0.20824480798397707,-0.12814198939446397,ARM,0.2069343053966416,-0.01773609251935071,MRVL,0.19612751393687358,0.08571576383003965
