decision_month,decision_date,sell_date,universe_asof_date,raw_universe_size,available_universe_size,momentum_window,holding_months,top_n,avg_momentum,holding_return,stock_1,mom_1,stock_1_return,stock_2,mom_2,stock_2_return,stock_3,mom_3,stock_3_return
2016-01,2016-01-04,2016-02-01,2016-01-04,104,73,3,1,1,0.16665571106494928,-0.0720760301197626,TCOM,0.16665571106494928,-0.0720760301197626,,,,,,
2016-01,2016-01-04,2016-03-01,2016-01-04,104,73,3,2,1,0.16665571106494928,-0.07362364738158089,TCOM,0.16665571106494928,-0.07362364738158089,,,,,,
2016-01,2016-01-04,2016-04-01,2016-01-04,104,73,3,3,1,0.16665571106494928,-0.008622535887117921,TCOM,0.16665571106494928,-0.008622535887117921,,,,,,
2016-01,2016-01-04,2016-02-01,2016-01-04,104,73,3,1,2,0.14803187402987256,-0.1409957298595591,TCOM,0.16665571106494928,-0.0720760301197626,ADSK,0.12940803699479583,-0.2099154295993556,,,
2016-01,2016-01-04,2016-03-01,2016-01-04,104,73,3,2,2,0.14803187402987256,-0.08655481708638646,TCOM,0.16665571106494928,-0.07362364738158089,ADSK,0.12940803699479583,-0.09948598679119203,,,
2016-01,2016-01-04,2016-04-01,2016-01-04,104,73,3,3,2,0.14803187402987256,-0.02536914273787305,TCOM,0.16665571106494928,-0.008622535887117921,ADSK,0.12940803699479583,-0.04211574958862818,,,
2016-01,2016-01-04,2016-02-01,2016-01-04,104,73,3,1,3,0.14109309466843611,-0.10161591616607246,TCOM,0.16665571106494928,-0.0720760301197626,ADSK,0.12940803699479583,-0.2099154295993556,KLAC,0.1272155359455632,-0.022856288779099176
2016-01,2016-01-04,2016-03-01,2016-01-04,104,73,3,2,3,0.14109309466843611,-0.05355933980450659,TCOM,0.16665571106494928,-0.07362364738158089,ADSK,0.12940803699479583,-0.09948598679119203,KLAC,0.1272155359455632,0.01243161475925314
2016-01,2016-01-04,2016-04-01,2016-01-04,104,73,3,3,3,0.14109309466843611,0.007143092088950143,TCOM,0.16665571106494928,-0.008622535887117921,ADSK,0.12940803699479583,-0.04211574958862818,KLAC,0.1272155359455632,0.07216756174259653
2016-02,2016-02-01,2016-03-01,2016-02-01,105,74,3,1,1,0.07494766907651036,0.0006098489914132532,DLTR,0.07494766907651036,0.0006098489914132532,,,,,,
2016-02,2016-02-01,2016-04-01,2016-02-01,105,74,3,2,1,0.07494766907651036,0.016223397745782853,DLTR,0.07494766907651036,0.016223397745782853,,,,,,
2016-02,2016-02-01,2016-05-02,2016-02-01,105,74,3,3,1,0.07494766907651036,-0.01341798070837219,DLTR,0.07494766907651036,-0.01341798070837219,,,,,,
2016-02,2016-02-01,2016-03-01,2016-02-01,105,74,3,1,2,0.057185725774114515,-0.004363861034452465,DLTR,0.07494766907651036,0.0006098489914132532,ROST,0.03942378247171866,-0.009337571060318184,,,
2016-02,2016-02-01,2016-04-01,2016-02-01,105,74,3,2,2,0.057185725774114515,0.025908100733840866,DLTR,0.07494766907651036,0.016223397745782853,ROST,0.03942378247171866,0.03559280372189888,,,
2016-02,2016-02-01,2016-05-02,2016-02-01,105,74,3,3,2,0.057185725774114515,0.001815972560729462,DLTR,0.07494766907651036,-0.01341798070837219,ROST,0.03942378247171866,0.017049925829831114,,,
2016-02,2016-02-01,2016-03-01,2016-02-01,105,74,3,1,3,0.05112838182015044,-0.01817267064277739,DLTR,0.07494766907651036,0.0006098489914132532,ROST,0.03942378247171866,-0.009337571060318184,META,0.03901369391222228,-0.045790289859427236
2016-02,2016-02-01,2016-04-01,2016-02-01,105,74,3,2,3,0.05112838182015044,0.02008142507599464,DLTR,0.07494766907651036,0.016223397745782853,ROST,0.03942378247171866,0.03559280372189888,META,0.03901369391222228,0.00842807376030219
2016-02,2016-02-01,2016-05-02,2016-02-01,105,74,3,3,3,0.05112838182015044,0.011289687275904478,DLTR,0.07494766907651036,-0.01341798070837219,ROST,0.03942378247171866,0.017049925829831114,META,0.03901369391222228,0.030237116706254508
2016-03,2016-03-01,2016-04-01,2016-03-01,105,74,3,1,1,0.10056074779841813,0.06166707277616146,MAT,0.10056074779841813,0.06166707277616146,,,,,,
2016-03,2016-03-01,2016-05-02,2016-03-01,105,74,3,2,1,0.10056074779841813,-0.02912912067947193,MAT,0.10056074779841813,-0.02912912067947193,,,,,,
2016-03,2016-03-01,2016-06-01,2016-03-01,105,74,3,3,1,0.10056074779841813,-0.0013698618774713456,MAT,0.10056074779841813,-0.0013698618774713456,,,,,,
2016-03,2016-03-01,2016-04-01,2016-03-01,105,74,3,1,2,0.07547725988190027,0.054709222849255834,MAT,0.10056074779841813,0.06166707277616146,FAST,0.05039377196538242,0.04775137292235021,,,
2016-03,2016-03-01,2016-05-02,2016-03-01,105,74,3,2,2,0.07547725988190027,-0.007803099084029097,MAT,0.10056074779841813,-0.02912912067947193,FAST,0.05039377196538242,0.013522922511413737,,,
2016-03,2016-03-01,2016-06-01,2016-03-01,105,74,3,3,2,0.07547725988190027,-0.002330020169286684,MAT,0.10056074779841813,-0.0013698618774713456,FAST,0.05039377196538242,-0.0032901784611020224,,,
2016-03,2016-03-01,2016-04-01,2016-03-01,105,74,3,1,3,0.06294379771905435,0.03774667012043276,MAT,0.10056074779841813,0.06166707277616146,FAST,0.05039377196538242,0.04775137292235021,PYPL,0.03787687339336251,0.003821564662786603
2016-03,2016-03-01,2016-05-02,2016-03-01,105,74,3,2,3,0.06294379771905435,-0.007155417226007284,MAT,0.10056074779841813,-0.02912912067947193,FAST,0.05039377196538242,0.013522922511413737,PYPL,0.03787687339336251,-0.005860053509963659
2016-03,2016-03-01,2016-06-01,2016-03-01,105,74,3,3,3,0.06294379771905435,-0.00953637165666199,MAT,0.10056074779841813,-0.0013698618774713456,FAST,0.05039377196538242,-0.0032901784611020224,PYPL,0.03787687339336251,-0.023949074631412604
2016-04,2016-04-01,2016-05-02,2016-04-01,105,75,3,1,1,0.08621239691319937,-0.08552228451261057,MAT,0.08621239691319937,-0.08552228451261057,,,,,,
2016-04,2016-04-01,2016-06-01,2016-04-01,105,75,3,2,1,0.08621239691319937,-0.05937542594101275,MAT,0.08621239691319937,-0.05937542594101275,,,,,,
2016-04,2016-04-01,2016-07-01,2016-04-01,105,75,3,3,1,0.08621239691319937,-0.06764994986666784,MAT,0.08621239691319937,-0.06764994986666784,,,,,,
2016-04,2016-04-01,2016-05-02,2016-04-01,105,75,3,1,2,0.07923493042250118,-0.05909538494761657,MAT,0.08621239691319937,-0.08552228451261057,FAST,0.07225746393180299,-0.03266848538262257,,,
2016-04,2016-04-01,2016-06-01,2016-04-01,105,75,3,2,2,0.07923493042250118,-0.054045376774414844,MAT,0.08621239691319937,-0.05937542594101275,FAST,0.07225746393180299,-0.04871532760781694,,,
2016-04,2016-04-01,2016-07-01,2016-04-01,105,75,3,3,2,0.07923493042250118,-0.06795476734251588,MAT,0.08621239691319937,-0.06764994986666784,FAST,0.07225746393180299,-0.06825958481836392,,,
2016-04,2016-04-01,2016-05-02,2016-04-01,105,75,3,1,3,0.07113703835775977,-0.056670475762233684,MAT,0.08621239691319937,-0.08552228451261057,FAST,0.07225746393180299,-0.03266848538262257,AMAT,0.05494125422827693,-0.051820657391467906
2016-04,2016-04-01,2016-06-01,2016-04-01,105,75,3,2,3,0.07113703835775977,0.011696540992223947,MAT,0.08621239691319937,-0.05937542594101275,FAST,0.07225746393180299,-0.04871532760781694,AMAT,0.05494125422827693,0.14318037652550153
2016-04,2016-04-01,2016-07-01,2016-04-01,105,75,3,3,3,0.07113703835775977,-0.005235059857714479,MAT,0.08621239691319937,-0.06764994986666784,FAST,0.07225746393180299,-0.06825958481836392,AMAT,0.05494125422827693,0.12020435511188832
2016-05,2016-05-02,2016-06-01,2016-05-02,107,77,3,1,1,0.08859783967183699,-0.05002443780765986,ADSK,0.08859783967183699,-0.05002443780765986,,,,,,
2016-05,2016-05-02,2016-07-01,2016-05-02,107,77,3,2,1,0.08859783967183699,-0.11455106569416018,ADSK,0.08859783967183699,-0.11455106569416018,,,,,,
2016-05,2016-05-02,2016-08-01,2016-05-02,107,77,3,3,1,0.08859783967183699,-0.026560164278756515,ADSK,0.08859783967183699,-0.026560164278756515,,,,,,
2016-05,2016-05-02,2016-06-01,2016-05-02,107,77,3,1,2,0.08451641624038372,-0.05401294167762327,ADSK,0.08859783967183699,-0.05002443780765986,BKNG,0.08043499280893045,-0.05800144554758668,,,
2016-05,2016-05-02,2016-07-01,2016-05-02,107,77,3,2,2,0.08451641624038372,-0.09019394288289928,ADSK,0.08859783967183699,-0.11455106569416018,BKNG,0.08043499280893045,-0.06583682007163838,,,
2016-05,2016-05-02,2016-08-01,2016-05-02,107,77,3,3,2,0.08451641624038372,-0.01350492350909649,ADSK,0.08859783967183699,-0.026560164278756515,BKNG,0.08043499280893045,-0.0004496827394364633,,,
2016-05,2016-05-02,2016-06-01,2016-05-02,107,77,3,1,3,0.08289021543034125,-0.06666759895513046,ADSK,0.08859783967183699,-0.05002443780765986,BKNG,0.08043499280893045,-0.05800144554758668,TSLA,0.07963781381025632,-0.09197691351014481
2016-05,2016-05-02,2016-07-01,2016-05-02,107,77,3,2,3,0.08289021543034125,-0.09500661854954111,ADSK,0.08859783967183699,-0.11455106569416018,BKNG,0.08043499280893045,-0.06583682007163838,TSLA,0.07963781381025632,-0.10463196988282475
2016-05,2016-05-02,2016-08-01,2016-05-02,107,77,3,3,3,0.08289021543034125,-0.025256408156681325,ADSK,0.08859783967183699,-0.026560164278756515,BKNG,0.08043499280893045,-0.0004496827394364633,TSLA,0.07963781381025632,-0.048759377451850994
2016-06,2016-06-01,2016-07-01,2016-06-01,107,77,3,1,1,0.1344404974951077,-0.0032042692251731397,NVDA,0.1344404974951077,-0.0032042692251731397,,,,,,
2016-06,2016-06-01,2016-08-01,2016-06-01,107,77,3,2,1,0.1344404974951077,0.21192074261755045,NVDA,0.1344404974951077,0.21192074261755045,,,,,,
2016-06,2016-06-01,2016-09-01,2016-06-01,107,77,3,3,1,0.1344404974951077,0.35155682806986066,NVDA,0.1344404974951077,0.35155682806986066,,,,,,
2016-06,2016-06-01,2016-07-01,2016-06-01,107,77,3,1,2,0.12745270100391742,0.013312545622033156,NVDA,0.1344404974951077,-0.0032042692251731397,ULTA,0.12046490451272714,0.029829360469239452,,,
2016-06,2016-06-01,2016-08-01,2016-06-01,107,77,3,2,2,0.12745270100391742,0.156429391478899,NVDA,0.1344404974951077,0.21192074261755045,ULTA,0.12046490451272714,0.10093804034024756,,,
2016-06,2016-06-01,2016-09-01,2016-06-01,107,77,3,3,2,0.12745270100391742,0.19445344333660275,NVDA,0.1344404974951077,0.35155682806986066,ULTA,0.12046490451272714,0.03735005860334484,,,
2016-06,2016-06-01,2016-07-01,2016-06-01,107,77,3,1,3,0.11601584624271587,0.02478860773635368,NVDA,0.1344404974951077,-0.0032042692251731397,ULTA,0.12046490451272714,0.029829360469239452,NTES,0.09314213672031275,0.04774073196499473
2016-06,2016-06-01,2016-08-01,2016-06-01,107,77,3,2,3,0.11601584624271587,0.15452471364638698,NVDA,0.1344404974951077,0.21192074261755045,ULTA,0.12046490451272714,0.10093804034024756,NTES,0.09314213672031275,0.15071535798136293
2016-06,2016-06-01,2016-09-01,2016-06-01,107,77,3,3,3,0.11601584624271587,0.2063203136415067,NVDA,0.1344404974951077,0.35155682806986066,ULTA,0.12046490451272714,0.03735005860334484,NTES,0.09314213672031275,0.23005405425131453
2016-07,2016-07-01,2016-08-01,2016-07-01,104,76,3,1,1,0.09876680129461597,0.2158165461598669,NVDA,0.09876680129461597,0.2158165461598669,,,,,,
2016-07,2016-07-01,2016-09-01,2016-07-01,104,76,3,2,1,0.09876680129461597,0.3559015015235587,NVDA,0.09876680129461597,0.3559015015235587,,,,,,
2016-07,2016-07-01,2016-10-03,2016-07-01,104,76,3,3,1,0.09876680129461597,0.4696985789371879,NVDA,0.09876680129461597,0.4696985789371879,,,,,,
2016-07,2016-07-01,2016-08-01,2016-07-01,104,76,3,1,2,0.09800470278545914,0.15704954576064878,NVDA,0.09876680129461597,0.2158165461598669,NTES,0.09724260427630231,0.09828254536143066,,,
2016-07,2016-07-01,2016-09-01,2016-07-01,104,76,3,2,2,0.09800470278545914,0.2649538216190127,NVDA,0.09876680129461597,0.3559015015235587,NTES,0.09724260427630231,0.1740061417144667,,,
2016-07,2016-07-01,2016-10-03,2016-07-01,104,76,3,3,2,0.09800470278545914,0.40055992456874157,NVDA,0.09876680129461597,0.4696985789371879,NTES,0.09724260427630231,0.3314212702002952,,,
2016-07,2016-07-01,2016-08-01,2016-07-01,104,76,3,1,3,0.09180366026488694,0.12771602803418705,NVDA,0.09876680129461597,0.2158165461598669,NTES,0.09724260427630231,0.09828254536143066,ULTA,0.07940157522374254,0.06904899258126362
2016-07,2016-07-01,2016-09-01,2016-07-01,104,76,3,2,3,0.09180366026488694,0.17907016725748384,NVDA,0.09876680129461597,0.3559015015235587,NTES,0.09724260427630231,0.1740061417144667,ULTA,0.07940157522374254,0.007302858534426138
2016-07,2016-07-01,2016-10-03,2016-07-01,104,76,3,3,3,0.09180366026488694,0.2586430250505986,NVDA,0.09876680129461597,0.4696985789371879,NTES,0.09724260427630231,0.3314212702002952,ULTA,0.07940157522374254,-0.025190773985687365
2016-08,2016-08-01,2016-09-01,2016-08-01,104,77,3,1,1,0.18465014271183441,0.03946957581788868,STX,0.18465014271183441,0.03946957581788868,,,,,,
2016-08,2016-08-01,2016-10-03,2016-08-01,104,77,3,2,1,0.18465014271183441,0.20525751769042855,STX,0.18465014271183441,0.20525751769042855,,,,,,
2016-08,2016-08-01,2016-11-01,2016-08-01,104,77,3,3,1,0.18465014271183441,0.05777729669492815,STX,0.18465014271183441,0.05777729669492815,,,,,,
2016-08,2016-08-01,2016-09-01,2016-08-01,104,77,3,1,2,0.17836946209655635,0.07734420102564654,STX,0.18465014271183441,0.03946957581788868,NVDA,0.17208878148127826,0.1152188262334044,,,
2016-08,2016-08-01,2016-10-03,2016-08-01,104,77,3,2,2,0.17836946209655635,0.20703679374949424,STX,0.18465014271183441,0.20525751769042855,NVDA,0.17208878148127826,0.20881606980855993,,,
2016-08,2016-08-01,2016-11-01,2016-08-01,104,77,3,3,2,0.17836946209655635,0.13859468496043637,STX,0.18465014271183441,0.05777729669492815,NVDA,0.17208878148127826,0.21941207322594458,,,
2016-08,2016-08-01,2016-09-01,2016-08-01,104,77,3,1,3,0.16507533404806538,0.07454522801173284,STX,0.18465014271183441,0.03946957581788868,NVDA,0.17208878148127826,0.1152188262334044,NTES,0.1384870779510834,0.06894728198390543
2016-08,2016-08-01,2016-10-03,2016-08-01,104,77,3,2,3,0.16507533404806538,0.20878310455099713,STX,0.18465014271183441,0.20525751769042855,NVDA,0.17208878148127826,0.20881606980855993,NTES,0.1384870779510834,0.21227572615400292
2016-08,2016-08-01,2016-11-01,2016-08-01,104,77,3,3,3,0.16507533404806538,0.17003682187399857,STX,0.18465014271183441,0.05777729669492815,NVDA,0.17208878148127826,0.21941207322594458,NTES,0.1384870779510834,0.23292109570112296
2016-09,2016-09-01,2016-10-03,2016-09-01,104,77,3,1,1,0.14445371514466662,0.1594928276203682,STX,0.14445371514466662,0.1594928276203682,,,,,,
2016-09,2016-09-01,2016-11-01,2016-09-01,104,77,3,2,1,0.14445371514466662,0.01761256058180849,STX,0.14445371514466662,0.01761256058180849,,,,,,
2016-09,2016-09-01,2016-12-01,2016-09-01,104,77,3,3,1,0.14445371514466662,0.15043664401569123,STX,0.14445371514466662,0.15043664401569123,,,,,,
2016-09,2016-09-01,2016-10-03,2016-09-01,104,77,3,1,2,0.13638919294262608,0.08590152342481161,STX,0.14445371514466662,0.1594928276203682,NTAP,0.1283246707405855,0.012310219229255015,,,
2016-09,2016-09-01,2016-11-01,2016-09-01,104,77,3,2,2,0.13638919294262608,-0.01493562030611717,STX,0.14445371514466662,0.01761256058180849,NTAP,0.1283246707405855,-0.04748380119404283,,,
2016-09,2016-09-01,2016-12-01,2016-09-01,104,77,3,3,2,0.13638919294262608,0.08529932564390952,STX,0.14445371514466662,0.15043664401569123,NTAP,0.1283246707405855,0.020162007272127802,,,
2016-09,2016-09-01,2016-10-03,2016-09-01,104,77,3,1,3,0.12761960228307626,0.06162492869465286,STX,0.14445371514466662,0.1594928276203682,NTAP,0.1283246707405855,0.012310219229255015,EBAY,0.11008042096397656,0.013071739234335356
2016-09,2016-09-01,2016-11-01,2016-09-01,104,77,3,2,3,0.12761960228307626,-0.048861477929787824,STX,0.14445371514466662,0.01761256058180849,NTAP,0.1283246707405855,-0.04748380119404283,EBAY,0.11008042096397656,-0.11671319317712914
2016-09,2016-09-01,2016-12-01,2016-09-01,104,77,3,3,3,0.12761960228307626,0.007690915481412468,STX,0.14445371514466662,0.15043664401569123,NTAP,0.1283246707405855,0.020162007272127802,EBAY,0.11008042096397656,-0.14752590484358163
2016-10,2016-10-03,2016-11-01,2016-10-03,104,77,3,1,1,0.1828419110382439,-0.12236407475649602,STX,0.1828419110382439,-0.12236407475649602,,,,,,
2016-10,2016-10-03,2016-12-01,2016-10-03,104,77,3,2,1,0.1828419110382439,-0.007810469706193035,STX,0.1828419110382439,-0.007810469706193035,,,,,,
2016-10,2016-10-03,2017-01-03,2016-10-03,104,77,3,3,1,0.1828419110382439,0.048394245139955716,STX,0.1828419110382439,0.048394245139955716,,,,,,
2016-10,2016-10-03,2016-11-01,2016-10-03,104,77,3,1,2,0.16282043637258206,-0.09071548438267685,STX,0.1828419110382439,-0.12236407475649602,NTAP,0.14279896170692022,-0.05906689400885767,,,
2016-10,2016-10-03,2016-12-01,2016-10-03,104,77,3,2,2,0.16282043637258206,-2.708174660576157e-05,STX,0.1828419110382439,-0.007810469706193035,NTAP,0.14279896170692022,0.007756306212981512,,,
2016-10,2016-10-03,2017-01-03,2016-10-03,104,77,3,3,2,0.16282043637258206,0.02992375375319012,STX,0.1828419110382439,0.048394245139955716,NTAP,0.14279896170692022,0.011453262366424521,,,
2016-10,2016-10-03,2016-11-01,2016-10-03,104,77,3,1,3,0.15465391506161832,-0.057555121466953185,STX,0.1828419110382439,-0.12236407475649602,NTAP,0.14279896170692022,-0.05906689400885767,NVDA,0.13832087243969085,0.00876560436449414
2016-10,2016-10-03,2016-12-01,2016-10-03,104,77,3,2,3,0.15465391506161832,0.09407112027654026,STX,0.1828419110382439,-0.007810469706193035,NTAP,0.14279896170692022,0.007756306212981512,NVDA,0.13832087243969085,0.2822675243228323
2016-10,2016-10-03,2017-01-03,2016-10-03,104,77,3,3,3,0.15465391506161832,0.18412129557057022,STX,0.1828419110382439,0.048394245139955716,NTAP,0.14279896170692022,0.011453262366424521,NVDA,0.13832087243969085,0.4925163792053304
2016-11,2016-11-01,2016-12-01,2016-11-01,104,77,3,1,1,0.11052146695166565,-0.06740088480812745,AKAM,0.11052146695166565,-0.06740088480812745,,,,,,
2016-11,2016-11-01,2017-01-03,2016-11-01,104,77,3,2,1,0.11052146695166565,-0.0077826547896073794,AKAM,0.11052146695166565,-0.0077826547896073794,,,,,,
2016-11,2016-11-01,2017-02-01,2016-11-01,104,77,3,3,1,0.11052146695166565,0.008810550478192791,AKAM,0.11052146695166565,0.008810550478192791,,,,,,
2016-11,2016-11-01,2016-12-01,2016-11-01,104,77,3,1,2,0.10312928434207291,-0.05835574675920746,AKAM,0.11052146695166565,-0.06740088480812745,NFLX,0.09573710173248018,-0.049310608710287473,,,
2016-11,2016-11-01,2017-01-03,2016-11-01,104,77,3,2,2,0.10312928434207291,0.013099738076756129,AKAM,0.11052146695166565,-0.0077826547896073794,NFLX,0.09573710173248018,0.03398213094311964,,,
2016-11,2016-11-01,2017-02-01,2016-11-01,104,77,3,3,2,0.10312928434207291,0.07528930426482794,AKAM,0.11052146695166565,0.008810550478192791,NFLX,0.09573710173248018,0.1417680580514631,,,
2016-11,2016-11-01,2016-12-01,2016-11-01,104,77,3,1,3,0.09807927169810242,-0.015231159936008098,AKAM,0.11052146695166565,-0.06740088480812745,NFLX,0.09573710173248018,-0.049310608710287473,NTAP,0.08797924641016142,0.07101801371039063
2016-11,2016-11-01,2017-01-03,2016-11-01,104,77,3,2,3,0.09807927169810242,0.03371550724196518,AKAM,0.11052146695166565,-0.0077826547896073794,NFLX,0.09573710173248018,0.03398213094311964,NTAP,0.08797924641016142,0.0749470455723833
2016-11,2016-11-01,2017-02-01,2016-11-01,104,77,3,3,3,0.09807927169810242,0.10221601506339661,AKAM,0.11052146695166565,0.008810550478192791,NFLX,0.09573710173248018,0.1417680580514631,NTAP,0.08797924641016142,0.15606943666053397
2016-12,2016-12-01,2017-01-03,2016-12-01,104,77,3,1,1,0.12127273058777566,0.1639664507556884,NVDA,0.12127273058777566,0.1639664507556884,,,,,,
2016-12,2016-12-01,2017-02-01,2016-12-01,104,77,3,2,1,0.12127273058777566,0.30020572440901283,NVDA,0.12127273058777566,0.30020572440901283,,,,,,
2016-12,2016-12-01,2017-03-01,2016-12-01,104,77,3,3,1,0.12127273058777566,0.1743467862481316,NVDA,0.12127273058777566,0.1743467862481316,,,,,,
2016-12,2016-12-01,2017-01-03,2016-12-01,104,77,3,1,2,0.11570881311669176,0.14949084518354627,NVDA,0.12127273058777566,0.1639664507556884,WDC,0.11014489564560785,0.13501523961140416,,,
2016-12,2016-12-01,2017-02-01,2016-12-01,104,77,3,2,2,0.11570881311669176,0.29714160833121694,NVDA,0.12127273058777566,0.30020572440901283,WDC,0.11014489564560785,0.29407749225342106,,,
2016-12,2016-12-01,2017-03-01,2016-12-01,104,77,3,3,2,0.11570881311669176,0.2273462172945392,NVDA,0.12127273058777566,0.1743467862481316,WDC,0.11014489564560785,0.2803456483409468,,,
2016-12,2016-12-01,2017-01-03,2016-12-01,104,77,3,1,3,0.10931555303276334,0.09301566313143106,NVDA,0.12127273058777566,0.1639664507556884,WDC,0.11014489564560785,0.13501523961140416,CSX,0.09652903286490648,-0.01993470097279937
2016-12,2016-12-01,2017-02-01,2016-12-01,104,77,3,2,3,0.10931555303276334,0.2933975260156209,NVDA,0.12127273058777566,0.30020572440901283,WDC,0.11014489564560785,0.29407749225342106,CSX,0.09652903286490648,0.2859093613844288
2016-12,2016-12-01,2017-03-01,2016-12-01,104,77,3,3,3,0.10931555303276334,0.2678538229365934,NVDA,0.12127273058777566,0.1743467862481316,WDC,0.11014489564560785,0.2803456483409468,CSX,0.09652903286490648,0.3488690342207017
2017-01,2017-01-03,2017-02-01,2017-01-03,104,79,3,1,1,0.1479524658644047,0.11704742311505045,NVDA,0.1479524658644047,0.11704742311505045,,,,,,
2017-01,2017-01-03,2017-03-01,2017-01-03,104,79,3,2,1,0.1479524658644047,0.008918071036930542,NVDA,0.1479524658644047,0.008918071036930542,,,,,,
2017-01,2017-01-03,2017-04-03,2017-01-03,104,79,3,3,1,0.1479524658644047,0.06378565884758736,NVDA,0.1479524658644047,0.06378565884758736,,,,,,
2017-01,2017-01-03,2017-02-01,2017-01-03,104,79,3,1,2,0.11835559731664899,0.10730419936240321,NVDA,0.1479524658644047,0.11704742311505045,MU,0.0887587287688933,0.09756097560975596,,,
2017-01,2017-01-03,2017-03-01,2017-01-03,104,79,3,2,2,0.11835559731664899,0.0488049571791761,NVDA,0.1479524658644047,0.008918071036930542,MU,0.0887587287688933,0.08869184332142166,,,
2017-01,2017-01-03,2017-04-03,2017-01-03,104,79,3,3,2,0.11835559731664899,0.1669259973763615,NVDA,0.1479524658644047,0.06378565884758736,MU,0.0887587287688933,0.2700663359051356,,,
2017-01,2017-01-03,2017-02-01,2017-01-03,104,79,3,1,3,0.10828666322641443,0.07711058537001973,NVDA,0.1479524658644047,0.11704742311505045,MU,0.0887587287688933,0.09756097560975596,AKAM,0.0881487950459453,0.01672335738525277
2017-01,2017-01-03,2017-03-01,2017-01-03,104,79,3,2,3,0.10828666322641443,0.011866722251299885,NVDA,0.1479524658644047,0.008918071036930542,MU,0.0887587287688933,0.08869184332142166,AKAM,0.0881487950459453,-0.06200974760445255
2017-01,2017-01-03,2017-04-03,2017-01-03,104,79,3,3,3,0.10828666322641443,0.06456700716278267,NVDA,0.1479524658644047,0.06378565884758736,MU,0.0887587287688933,0.2700663359051356,AKAM,0.0881487950459453,-0.14015097326437498
2017-02,2017-02-01,2017-03-01,2017-02-01,104,79,3,1,1,0.18404640544792347,-0.09679924937885387,NVDA,0.18404640544792347,-0.09679924937885387,,,,,,
2017-02,2017-02-01,2017-04-03,2017-02-01,104,79,3,2,1,0.18404640544792347,-0.047680844309129444,NVDA,0.18404640544792347,-0.047680844309129444,,,,,,
2017-02,2017-02-01,2017-05-01,2017-02-01,104,79,3,3,1,0.18404640544792347,-0.06296994722216354,NVDA,0.18404640544792347,-0.06296994722216354,,,,,,
2017-02,2017-02-01,2017-03-01,2017-02-01,104,79,3,1,2,0.17577831005938382,-0.023919021807552787,NVDA,0.18404640544792347,-0.09679924937885387,CSX,0.16751021467084415,0.048961205763748294,,,
2017-02,2017-02-01,2017-04-03,2017-02-01,104,79,3,2,2,0.17577831005938382,-0.02717726817631516,NVDA,0.18404640544792347,-0.047680844309129444,CSX,0.16751021467084415,-0.006673692043500878,,,
2017-02,2017-02-01,2017-05-01,2017-02-01,104,79,3,3,2,0.17577831005938382,0.017615540370035043,NVDA,0.18404640544792347,-0.06296994722216354,CSX,0.16751021467084415,0.09820102796223362,,,
2017-02,2017-02-01,2017-03-01,2017-02-01,104,79,3,1,3,0.16231205297926884,-0.018639602862973764,NVDA,0.18404640544792347,-0.09679924937885387,CSX,0.16751021467084415,0.048961205763748294,MU,0.13537953881903886,-0.008080764973815713
2017-02,2017-02-01,2017-04-03,2017-02-01,104,79,3,2,3,0.16231205297926884,0.03427233804623856,NVDA,0.18404640544792347,-0.047680844309129444,CSX,0.16751021467084415,-0.006673692043500878,MU,0.13537953881903886,0.157171550491346
2017-02,2017-02-01,2017-05-01,2017-02-01,104,79,3,3,3,0.16231205297926884,0.059420470357156106,NVDA,0.18404640544792347,-0.06296994722216354,CSX,0.16751021467084415,0.09820102796223362,MU,0.13537953881903886,0.14303033033139823
2017-03,2017-03-01,2017-04-03,2017-03-01,104,79,3,1,1,0.1203611999094721,-0.05737302179086856,NTES,0.1203611999094721,-0.05737302179086856,,,,,,
2017-03,2017-03-01,2017-05-01,2017-03-01,104,79,3,2,1,0.1203611999094721,-0.10830189909278332,NTES,0.1203611999094721,-0.10830189909278332,,,,,,
2017-03,2017-03-01,2017-06-01,2017-03-01,104,79,3,3,1,0.1203611999094721,-0.04276466198527806,NTES,0.1203611999094721,-0.04276466198527806,,,,,,
2017-03,2017-03-01,2017-04-03,2017-03-01,104,79,3,1,2,0.11764613963629873,0.06830574161611414,NTES,0.1203611999094721,-0.05737302179086856,TSLA,0.11493107936312537,0.19398450502309683,,,
2017-03,2017-03-01,2017-05-01,2017-03-01,104,79,3,2,2,0.11764613963629873,0.09145741093015713,NTES,0.1203611999094721,-0.10830189909278332,TSLA,0.11493107936312537,0.2912167209530976,,,
2017-03,2017-03-01,2017-06-01,2017-03-01,104,79,3,3,2,0.11764613963629873,0.15930325719580546,NTES,0.1203611999094721,-0.04276466198527806,TSLA,0.11493107936312537,0.361371176376889,,,
2017-03,2017-03-01,2017-04-03,2017-03-01,104,79,3,1,3,0.11632981412402299,0.02785779807156104,NTES,0.1203611999094721,-0.05737302179086856,TSLA,0.11493107936312537,0.19398450502309683,CSX,0.11369716309947153,-0.05303808901754514
2017-03,2017-03-01,2017-05-01,2017-03-01,104,79,3,2,3,0.11632981412402299,0.07661877705432378,NTES,0.1203611999094721,-0.10830189909278332,TSLA,0.11493107936312537,0.2912167209530976,CSX,0.11369716309947153,0.04694150930265706
2017-03,2017-03-01,2017-06-01,2017-03-01,104,79,3,3,3,0.11632981412402299,0.14402454185179583,NTES,0.1203611999094721,-0.04276466198527806,TSLA,0.11493107936312537,0.361371176376889,CSX,0.11369716309947153,0.11346711116377661
2017-04,2017-04-03,2017-05-01,2017-04-03,104,79,3,1,1,0.12951339672206422,0.12256869401944925,VRTX,0.12951339672206422,0.12256869401944925,,,,,,
2017-04,2017-04-03,2017-06-01,2017-04-03,104,79,3,2,1,0.12951339672206422,0.183434223114602,VRTX,0.12951339672206422,0.183434223114602,,,,,,
2017-04,2017-04-03,2017-07-03,2017-04-03,104,79,3,3,1,0.12951339672206422,0.1933922696089645,VRTX,0.12951339672206422,0.1933922696089645,,,,,,
2017-04,2017-04-03,2017-05-01,2017-04-03,104,79,3,1,2,0.12237975834800952,0.10200188376206287,VRTX,0.12951339672206422,0.12256869401944925,TSLA,0.1152461199739548,0.08143507350467649,,,
2017-04,2017-04-03,2017-06-01,2017-04-03,104,79,3,2,2,0.12237975834800952,0.1618129422190876,VRTX,0.12951339672206422,0.183434223114602,TSLA,0.1152461199739548,0.1401916613235732,,,
2017-04,2017-04-03,2017-07-03,2017-04-03,104,79,3,3,2,0.12237975834800952,0.18730982865048418,VRTX,0.12951339672206422,0.1933922696089645,TSLA,0.1152461199739548,0.18122738769200386,,,
2017-04,2017-04-03,2017-05-01,2017-04-03,104,79,3,1,3,0.11784511818568265,0.03306044386570103,VRTX,0.12951339672206422,0.12256869401944925,TSLA,0.1152461199739548,0.08143507350467649,INCY,0.10877583786102892,-0.10482243592702267
2017-04,2017-04-03,2017-06-01,2017-04-03,104,79,3,2,3,0.11784511818568265,0.0856402259702747,VRTX,0.12951339672206422,0.183434223114602,TSLA,0.1152461199739548,0.1401916613235732,INCY,0.10877583786102892,-0.06670520652735112
2017-04,2017-04-03,2017-07-03,2017-04-03,104,79,3,3,3,0.11784511818568265,0.09443236546737732,VRTX,0.12951339672206422,0.1933922696089645,TSLA,0.1152461199739548,0.18122738769200386,INCY,0.10877583786102892,-0.09132256089883639
2017-05,2017-05-01,2017-06-01,2017-05-01,104,79,3,1,1,0.11985109614118235,0.05421987039137788,VRTX,0.11985109614118235,0.05421987039137788,,,,,,
2017-05,2017-05-01,2017-07-03,2017-05-01,104,79,3,2,1,0.11985109614118235,0.06309063843204621,VRTX,0.11985109614118235,0.06309063843204621,,,,,,
2017-05,2017-05-01,2017-08-01,2017-05-01,104,79,3,3,1,0.11985109614118235,0.27010440606695596,VRTX,0.11985109614118235,0.27010440606695596,,,,,,
2017-05,2017-05-01,2017-06-01,2017-05-01,104,79,3,1,2,0.1112292609046814,0.040913161209273574,VRTX,0.11985109614118235,0.05421987039137788,IDXX,0.10260742566818044,0.02760645202716927,,,
2017-05,2017-05-01,2017-07-03,2017-05-01,104,79,3,2,2,0.1112292609046814,0.018078060563372467,VRTX,0.11985109614118235,0.06309063843204621,IDXX,0.10260742566818044,-0.026934517305301275,,,
2017-05,2017-05-01,2017-08-01,2017-05-01,104,79,3,3,2,0.1112292609046814,0.10741522969959416,VRTX,0.11985109614118235,0.27010440606695596,IDXX,0.10260742566818044,-0.05527394666776764,,,
2017-05,2017-05-01,2017-06-01,2017-05-01,104,79,3,1,3,0.1051027400643446,0.04538612516700439,VRTX,0.11985109614118235,0.05421987039137788,IDXX,0.10260742566818044,0.02760645202716927,TSLA,0.092849698383671,0.054332053082466025
2017-05,2017-05-01,2017-07-03,2017-05-01,104,79,3,2,3,0.1051027400643446,0.042811265357353356,VRTX,0.11985109614118235,0.06309063843204621,IDXX,0.10260742566818044,-0.026934517305301275,TSLA,0.092849698383671,0.09227767494531514
2017-05,2017-05-01,2017-08-01,2017-05-01,104,79,3,3,3,0.1051027400643446,0.06824409597546548,VRTX,0.11985109614118235,0.27010440606695596,IDXX,0.10260742566818044,-0.05527394666776764,TSLA,0.092849698383671,-0.010098171472791906
2017-06,2017-06-01,2017-07-03,2017-06-01,104,79,3,1,1,0.1311556155882003,-0.034843471494966916,NVDA,0.1311556155882003,-0.034843471494966916,,,,,,
2017-06,2017-06-01,2017-08-01,2017-06-01,104,79,3,2,1,0.1311556155882003,0.1394433644873352,NVDA,0.1311556155882003,0.1394433644873352,,,,,,
2017-06,2017-06-01,2017-09-01,2017-06-01,104,79,3,3,1,0.1311556155882003,0.1818378621114518,NVDA,0.1311556155882003,0.1818378621114518,,,,,,
2017-06,2017-06-01,2017-07-03,2017-06-01,104,79,3,1,2,0.12667435506635955,-0.013214469175390209,NVDA,0.1311556155882003,-0.034843471494966916,VRTX,0.12219309454451881,0.008414533144186498,,,
2017-06,2017-06-01,2017-08-01,2017-06-01,104,79,3,2,2,0.12667435506635955,0.17211234179148616,NVDA,0.1311556155882003,0.1394433644873352,VRTX,0.12219309454451881,0.20478131909563713,,,
2017-06,2017-06-01,2017-09-01,2017-06-01,104,79,3,3,2,0.12667435506635955,0.22885539228873109,NVDA,0.1311556155882003,0.1818378621114518,VRTX,0.12219309454451881,0.27587292246601036,,,
2017-06,2017-06-01,2017-07-03,2017-06-01,104,79,3,1,3,0.12108864022315519,0.0031870873447659522,NVDA,0.1311556155882003,-0.034843471494966916,VRTX,0.12219309454451881,0.008414533144186498,TSLA,0.10991721053674645,0.035990200385078275
2017-06,2017-06-01,2017-08-01,2017-06-01,104,79,3,2,3,0.12108864022315519,0.09437156347336943,NVDA,0.1311556155882003,0.1394433644873352,VRTX,0.12219309454451881,0.20478131909563713,TSLA,0.10991721053674645,-0.06110999316286403
2017-06,2017-06-01,2017-09-01,2017-06-01,104,79,3,3,3,0.12108864022315519,0.1672895211851877,NVDA,0.1311556155882003,0.1818378621114518,VRTX,0.12219309454451881,0.27587292246601036,TSLA,0.10991721053674645,0.044157778978100914
2017-07,2017-07-03,2017-08-01,2017-07-03,104,80,3,1,1,0.10141359178274967,0.18057882927265845,NVDA,0.10141359178274967,0.18057882927265845,,,,,,
2017-07,2017-07-03,2017-09-01,2017-07-03,104,80,3,2,1,0.10141359178274967,0.22450382627784182,NVDA,0.10141359178274967,0.22450382627784182,,,,,,
2017-07,2017-07-03,2017-10-02,2017-07-03,104,80,3,3,1,0.10141359178274967,0.2858508739722776,NVDA,0.10141359178274967,0.2858508739722776,,,,,,
2017-07,2017-07-03,2017-08-01,2017-07-03,104,80,3,1,2,0.0935022493658538,0.07416365962433802,NVDA,0.10141359178274967,0.18057882927265845,REGN,0.08559090694895792,-0.03225151002398241,,,
2017-07,2017-07-03,2017-09-01,2017-07-03,104,80,3,2,2,0.0935022493658538,0.12893121202545388,NVDA,0.10141359178274967,0.22450382627784182,REGN,0.08559090694895792,0.033358597773065934,,,
2017-07,2017-07-03,2017-10-02,2017-07-03,104,80,3,3,2,0.0935022493658538,0.11679414274573624,NVDA,0.10141359178274967,0.2858508739722776,REGN,0.08559090694895792,-0.05226258848080512,,,
2017-07,2017-07-03,2017-08-01,2017-07-03,104,80,3,1,3,0.08766128812026734,0.09023432120780635,NVDA,0.10141359178274967,0.18057882927265845,REGN,0.08559090694895792,-0.03225151002398241,PYPL,0.07597936562909442,0.12237564437474302
2017-07,2017-07-03,2017-09-01,2017-07-03,104,80,3,2,3,0.08766128812026734,0.14011214011363227,NVDA,0.10141359178274967,0.22450382627784182,REGN,0.08559090694895792,0.033358597773065934,PYPL,0.07597936562909442,0.16247399628998904
2017-07,2017-07-03,2017-10-02,2017-07-03,104,80,3,3,3,0.08766128812026734,0.14916972430971087,NVDA,0.10141359178274967,0.2858508739722776,REGN,0.08559090694895792,-0.05226258848080512,PYPL,0.07597936562909442,0.21392088743766013
2017-08,2017-08-01,2017-09-01,2017-08-01,104,80,3,1,1,0.16695806813559233,0.037206322793578384,NVDA,0.16695806813559233,0.037206322793578384,,,,,,
2017-08,2017-08-01,2017-10-02,2017-08-01,104,80,3,2,1,0.16695806813559233,0.08916985642074926,NVDA,0.16695806813559233,0.08916985642074926,,,,,,
2017-08,2017-08-01,2017-11-01,2017-08-01,104,80,3,3,1,0.16695806813559233,0.26075996840086413,NVDA,0.16695806813559233,0.26075996840086413,,,,,,
2017-08,2017-08-01,2017-09-01,2017-08-01,104,80,3,1,2,0.1296010074919125,-0.02047475595656678,NVDA,0.16695806813559233,0.037206322793578384,JD,0.09224394684823267,-0.07815583470671195,,,
2017-08,2017-08-01,2017-10-02,2017-08-01,104,80,3,2,2,0.1296010074919125,-0.026216409273330743,NVDA,0.16695806813559233,0.08916985642074926,JD,0.09224394684823267,-0.14160267496741075,,,
2017-08,2017-08-01,2017-11-01,2017-08-01,104,80,3,3,2,0.1296010074919125,0.04596719219459455,NVDA,0.16695806813559233,0.26075996840086413,JD,0.09224394684823267,-0.16882558401167502,,,
2017-08,2017-08-01,2017-09-01,2017-08-01,104,80,3,1,3,0.11499652080217403,0.006019459312244531,NVDA,0.16695806813559233,0.037206322793578384,JD,0.09224394684823267,-0.07815583470671195,VRTX,0.08578754742269708,0.05900788984986716
2017-08,2017-08-01,2017-10-02,2017-08-01,104,80,3,2,3,0.11499652080217403,-0.01958813977670622,NVDA,0.16695806813559233,0.08916985642074926,JD,0.09224394684823267,-0.14160267496741075,VRTX,0.08578754742269708,-0.006331600783457181
2017-08,2017-08-01,2017-11-01,2017-08-01,104,80,3,3,3,0.11499652080217403,0.0076465522463857365,NVDA,0.16695806813559233,0.26075996840086413,JD,0.09224394684823267,-0.16882558401167502,VRTX,0.08578754742269708,-0.0689947276500319
2017-09,2017-09-01,2017-10-02,2017-09-01,104,80,3,1,1,0.09331783268853955,0.0034896372243200524,GILD,0.09331783268853955,0.0034896372243200524,,,,,,
2017-09,2017-09-01,2017-11-01,2017-09-01,104,80,3,2,1,0.09331783268853955,-0.10092019430025922,GILD,0.09331783268853955,-0.10092019430025922,,,,,,
2017-09,2017-09-01,2017-12-01,2017-09-01,104,80,3,3,1,0.09331783268853955,-0.09479286347294102,GILD,0.09331783268853955,-0.09479286347294102,,,,,,
2017-09,2017-09-01,2017-10-02,2017-09-01,104,80,3,1,2,0.09035069329869985,-0.029104569413923254,GILD,0.09331783268853955,0.0034896372243200524,VRTX,0.08738355390886017,-0.06169877605216656,,,
2017-09,2017-09-01,2017-11-01,2017-09-01,104,80,3,2,2,0.09035069329869985,-0.11089525477584178,GILD,0.09331783268853955,-0.10092019430025922,VRTX,0.08738355390886017,-0.12087031525142433,,,
2017-09,2017-09-01,2017-12-01,2017-09-01,104,80,3,3,2,0.09035069329869985,-0.11350223634930084,GILD,0.09331783268853955,-0.09479286347294102,VRTX,0.08738355390886017,-0.13221160922566066,,,
2017-09,2017-09-01,2017-10-02,2017-09-01,104,80,3,1,3,0.08809169415512001,-0.02442884629323842,GILD,0.09331783268853955,0.0034896372243200524,VRTX,0.08738355390886017,-0.06169877605216656,BIIB,0.08357369586796033,-0.01507740005186875
2017-09,2017-09-01,2017-11-01,2017-09-01,104,80,3,2,3,0.08809169415512001,-0.07941286365934293,GILD,0.09331783268853955,-0.10092019430025922,VRTX,0.08738355390886017,-0.12087031525142433,BIIB,0.08357369586796033,-0.01644808142634524
2017-09,2017-09-01,2017-12-01,2017-09-01,104,80,3,3,3,0.08809169415512001,-0.07739188747244385,GILD,0.09331783268853955,-0.09479286347294102,VRTX,0.08738355390886017,-0.13221160922566066,BIIB,0.08357369586796033,-0.005171189718729874
2017-10,2017-10-02,2017-11-01,2017-10-02,104,80,3,1,1,0.1178842220240343,-0.013029338147028113,BIDU,0.1178842220240343,-0.013029338147028113,,,,,,
2017-10,2017-10-02,2017-12-01,2017-10-02,104,80,3,2,1,0.1178842220240343,-0.05469091947106053,BIDU,0.1178842220240343,-0.05469091947106053,,,,,,
2017-10,2017-10-02,2018-01-02,2017-10-02,104,80,3,3,1,0.1178842220240343,-0.02521415658756343,BIDU,0.1178842220240343,-0.02521415658756343,,,,,,
2017-10,2017-10-02,2017-11-01,2017-10-02,104,80,3,1,2,0.11730287000102878,0.04809671573570484,BIDU,0.1178842220240343,-0.013029338147028113,MU,0.11672151797802326,0.1092227696184378,,,
2017-10,2017-10-02,2017-12-01,2017-10-02,104,80,3,2,2,0.11730287000102878,-0.0026015581538216814,BIDU,0.1178842220240343,-0.05469091947106053,MU,0.11672151797802326,0.049487803163417166,,,
2017-10,2017-10-02,2018-01-02,2017-10-02,104,80,3,3,2,0.11730287000102878,0.0331314133246422,BIDU,0.1178842220240343,-0.02521415658756343,MU,0.11672151797802326,0.09147698323684783,,,
2017-10,2017-10-02,2017-11-01,2017-10-02,104,80,3,1,3,0.11236976840182615,0.0624848248947704,BIDU,0.1178842220240343,-0.013029338147028113,MU,0.11672151797802326,0.1092227696184378,LRCX,0.1025035652034209,0.09126104321290152
2017-10,2017-10-02,2017-12-01,2017-10-02,104,80,3,2,3,0.11236976840182615,0.0015998671567862093,BIDU,0.1178842220240343,-0.05469091947106053,MU,0.11672151797802326,0.049487803163417166,LRCX,0.1025035652034209,0.01000271777800199
2017-10,2017-10-02,2018-01-02,2017-10-02,104,80,3,3,3,0.11236976840182615,0.028998117227806135,BIDU,0.1178842220240343,-0.02521415658756343,MU,0.11672151797802326,0.09147698323684783,LRCX,0.1025035652034209,0.020731525034134002
2017-11,2017-11-01,2017-12-01,2017-11-01,104,80,3,1,1,0.1622803056748161,-0.0538529933672105,MU,0.1622803056748161,-0.0538529933672105,,,,,,
2017-11,2017-11-01,2018-01-02,2017-11-01,104,80,3,2,1,0.1622803056748161,-0.01599839713684781,MU,0.1622803056748161,-0.01599839713684781,,,,,,
2017-11,2017-11-01,2018-02-01,2017-11-01,104,80,3,3,1,0.1622803056748161,-0.042586850475274884,MU,0.1622803056748161,-0.042586850475274884,,,,,,
2017-11,2017-11-01,2017-12-01,2017-11-01,104,80,3,1,2,0.14070996013304812,0.01376303433219761,MU,0.1622803056748161,-0.0538529933672105,ALGN,0.11913961459128013,0.08137906203160572,,,
2017-11,2017-11-01,2018-01-02,2017-11-01,104,80,3,2,2,0.14070996013304812,-0.029982603474213942,MU,0.1622803056748161,-0.01599839713684781,ALGN,0.11913961459128013,-0.043966809811580077,,,
2017-11,2017-11-01,2018-02-01,2017-11-01,104,80,3,3,2,0.14070996013304812,0.022588274366127647,MU,0.1622803056748161,-0.042586850475274884,ALGN,0.11913961459128013,0.08776339920753018,,,
2017-11,2017-11-01,2017-12-01,2017-11-01,104,80,3,1,3,0.12509733626776343,-0.0034214888588627312,MU,0.1622803056748161,-0.0538529933672105,ALGN,0.11913961459128013,0.08137906203160572,INTC,0.09387208853719405,-0.037790535240983414
2017-11,2017-11-01,2018-01-02,2017-11-01,104,80,3,2,3,0.12509733626776343,-0.017007996650993912,MU,0.1622803056748161,-0.01599839713684781,ALGN,0.11913961459128013,-0.043966809811580077,INTC,0.09387208853719405,0.008941216995446144
2017-11,2017-11-01,2018-02-01,2017-11-01,104,80,3,3,3,0.12509733626776343,0.023782136090437778,MU,0.1622803056748161,-0.042586850475274884,ALGN,0.11913961459128013,0.08776339920753018,INTC,0.09387208853719405,0.026169859539058038
2017-12,2017-12-01,2018-01-02,2017-12-01,104,80,3,1,1,0.13259264725480788,-0.11591298208391076,ALGN,0.13259264725480788,-0.11591298208391076,,,,,,
2017-12,2017-12-01,2018-02-01,2017-12-01,104,80,3,2,1,0.13259264725480788,0.005903884585974906,ALGN,0.13259264725480788,0.005903884585974906,,,,,,
2017-12,2017-12-01,2018-03-01,2017-12-01,104,80,3,3,1,0.13259264725480788,-0.03353408126441526,ALGN,0.13259264725480788,-0.03353408126441526,,,,,,
2017-12,2017-12-01,2018-01-02,2017-12-01,104,80,3,1,2,0.11340804568164461,-0.03795188501086816,ALGN,0.13259264725480788,-0.11591298208391076,MU,0.09422344410848134,0.04000921206217445,,,
2017-12,2017-12-01,2018-02-01,2017-12-01,104,80,3,2,2,0.11340804568164461,0.00890563807860878,ALGN,0.13259264725480788,0.005903884585974906,MU,0.09422344410848134,0.011907391571242654,,,
2017-12,2017-12-01,2018-03-01,2017-12-01,104,80,3,3,2,0.11340804568164461,0.05027260524002369,ALGN,0.13259264725480788,-0.03353408126441526,MU,0.09422344410848134,0.13407929174446265,,,
2017-12,2017-12-01,2018-01-02,2017-12-01,104,80,3,1,3,0.10646135554381571,-0.004305741167158206,ALGN,0.13259264725480788,-0.11591298208391076,MU,0.09422344410848134,0.04000921206217445,ROST,0.09256797526815792,0.0629865465202617
2017-12,2017-12-01,2018-02-01,2017-12-01,104,80,3,2,3,0.10646135554381571,0.03353504845734016,ALGN,0.13259264725480788,0.005903884585974906,MU,0.09422344410848134,0.011907391571242654,ROST,0.09256797526815792,0.08279386921480292
2017-12,2017-12-01,2018-03-01,2017-12-01,104,80,3,3,3,0.10646135554381571,0.04328643979786684,ALGN,0.13259264725480788,-0.03353408126441526,MU,0.09422344410848134,0.13407929174446265,ROST,0.09256797526815792,0.029314108913553127
2018-01,2018-01-02,2018-02-01,2018-01-02,103,82,3,1,1,0.09567404539669673,-0.09274630902406378,NTES,0.09567404539669673,-0.09274630902406378,,,,,,
2018-01,2018-01-02,2018-03-01,2018-01-02,103,82,3,2,1,0.09567404539669673,-0.1764350893054799,NTES,0.09567404539669673,-0.1764350893054799,,,,,,
2018-01,2018-01-02,2018-04-02,2018-01-02,103,82,3,3,1,0.09567404539669673,-0.2071588045499968,NTES,0.09567404539669673,-0.2071588045499968,,,,,,
2018-01,2018-01-02,2018-02-01,2018-01-02,103,82,3,1,2,0.09140178527030726,-0.03410318421575337,NTES,0.09567404539669673,-0.09274630902406378,QCOM,0.08712952514391781,0.02453994059255704,,,
2018-01,2018-01-02,2018-03-01,2018-01-02,103,82,3,2,2,0.09140178527030726,-0.08578231800135255,NTES,0.09567404539669673,-0.1764350893054799,QCOM,0.08712952514391781,0.004870453302774802,,,
2018-01,2018-01-02,2018-04-02,2018-01-02,103,82,3,3,2,0.09140178527030726,-0.18738407314258892,NTES,0.09567404539669673,-0.2071588045499968,QCOM,0.08712952514391781,-0.16760934173518105,,,
2018-01,2018-01-02,2018-02-01,2018-01-02,103,82,3,1,3,0.08903131083792903,0.06663481408163903,NTES,0.09567404539669673,-0.09274630902406378,QCOM,0.08712952514391781,0.02453994059255704,STX,0.08429036197317259,0.26811081067642384
2018-01,2018-01-02,2018-03-01,2018-01-02,103,82,3,2,3,0.08903131083792903,0.028765732904672842,NTES,0.09567404539669673,-0.1764350893054799,QCOM,0.08712952514391781,0.004870453302774802,STX,0.08429036197317259,0.25786183471672364
2018-01,2018-01-02,2018-04-02,2018-01-02,103,82,3,3,3,0.08903131083792903,-0.005125288802944754,NTES,0.09567404539669673,-0.2071588045499968,QCOM,0.08712952514391781,-0.16760934173518105,STX,0.08429036197317259,0.3593922798763436
2018-02,2018-02-01,2018-03-01,2018-02-01,103,82,3,1,1,0.1661677100388732,0.017478073044944642,MELI,0.1661677100388732,0.017478073044944642,,,,,,
2018-02,2018-02-01,2018-04-02,2018-02-01,103,82,3,2,1,0.1661677100388732,-0.08332452409145019,MELI,0.1661677100388732,-0.08332452409145019,,,,,,
2018-02,2018-02-01,2018-05-01,2018-02-01,103,82,3,3,1,0.1661677100388732,-0.1037596823774124,MELI,0.1661677100388732,-0.1037596823774124,,,,,,
2018-02,2018-02-01,2018-03-01,2018-02-01,103,82,3,1,2,0.1564638532652734,0.004697995363682206,MELI,0.1661677100388732,0.017478073044944642,STX,0.14675999649167362,-0.00808208231758023,,,
2018-02,2018-02-01,2018-04-02,2018-02-01,103,82,3,2,2,0.1564638532652734,-0.005671137125329073,MELI,0.1661677100388732,-0.08332452409145019,STX,0.14675999649167362,0.07198224984079205,,,
2018-02,2018-02-01,2018-05-01,2018-02-01,103,82,3,3,2,0.1564638532652734,-0.04874426173474328,MELI,0.1661677100388732,-0.1037596823774124,STX,0.14675999649167362,0.0062711589079258445,,,
2018-02,2018-02-01,2018-03-01,2018-02-01,103,82,3,1,3,0.14187691663883137,0.03497263763204739,MELI,0.1661677100388732,0.017478073044944642,STX,0.14675999649167362,-0.00808208231758023,NFLX,0.11270304338594732,0.09552192216877775
2018-02,2018-02-01,2018-04-02,2018-02-01,103,82,3,2,3,0.14187691663883137,0.015358832224455702,MELI,0.1661677100388732,-0.08332452409145019,STX,0.14675999649167362,0.07198224984079205,NFLX,0.11270304338594732,0.05741877092402525
2018-02,2018-02-01,2018-05-01,2018-02-01,103,82,3,3,3,0.14187691663883137,0.028154470745723487,MELI,0.1661677100388732,-0.1037596823774124,STX,0.14675999649167362,0.0062711589079258445,NFLX,0.11270304338594732,0.18195193570665702
2018-03,2018-03-01,2018-04-02,2018-03-01,103,82,3,1,1,0.16336523416942353,-0.034780820423310765,NFLX,0.16336523416942353,-0.034780820423310765,,,,,,
2018-03,2018-03-01,2018-05-01,2018-03-01,103,82,3,2,1,0.16336523416942353,0.07889391511835364,NFLX,0.16336523416942353,0.07889391511835364,,,,,,
2018-03,2018-03-01,2018-06-01,2018-03-01,103,82,3,3,1,0.16336523416942353,0.23947107610419005,NFLX,0.16336523416942353,0.23947107610419005,,,,,,
2018-03,2018-03-01,2018-04-02,2018-03-01,103,82,3,1,2,0.14404826445733787,-0.06692592346096254,NFLX,0.16336523416942353,-0.034780820423310765,MELI,0.1247312947452522,-0.09907102649861432,,,
2018-03,2018-03-01,2018-05-01,2018-03-01,103,82,3,2,2,0.14404826445733787,-0.020130618918484333,NFLX,0.16336523416942353,0.07889391511835364,MELI,0.1247312947452522,-0.11915515295532231,,,
2018-03,2018-03-01,2018-06-01,2018-03-01,103,82,3,3,2,0.14404826445733787,0.004628370974652352,NFLX,0.16336523416942353,0.23947107610419005,MELI,0.1247312947452522,-0.23021433415488535,,,
2018-03,2018-03-01,2018-04-02,2018-03-01,103,82,3,1,3,0.1375907612122784,-0.01771171860722594,NFLX,0.16336523416942353,-0.034780820423310765,MELI,0.1247312947452522,-0.09907102649861432,STX,0.12467575472215946,0.08071669110024726
2018-03,2018-03-01,2018-05-01,2018-03-01,103,82,3,2,3,0.1375907612122784,-0.008597015780240339,NFLX,0.16336523416942353,0.07889391511835364,MELI,0.1247312947452522,-0.11915515295532231,STX,0.12467575472215946,0.014470190496247648
2018-03,2018-03-01,2018-06-01,2018-03-01,103,82,3,3,3,0.1375907612122784,0.030926880544163555,NFLX,0.16336523416942353,0.23947107610419005,MELI,0.1247312947452522,-0.23021433415488535,STX,0.12467575472215946,0.08352389968318596
2018-04,2018-04-02,2018-05-01,2018-04-02,103,82,3,1,1,0.12634606255896516,0.11777090421215841,NFLX,0.12634606255896516,0.11777090421215841,,,,,,
2018-04,2018-04-02,2018-06-01,2018-04-02,103,82,3,2,1,0.12634606255896516,0.28413432133391514,NFLX,0.12634606255896516,0.28413432133391514,,,,,,
2018-04,2018-04-02,2018-07-02,2018-04-02,103,82,3,3,1,0.12634606255896516,0.4206001550975458,NFLX,0.12634606255896516,0.4206001550975458,,,,,,
2018-04,2018-04-02,2018-05-01,2018-04-02,103,82,3,1,2,0.11996393452266439,0.028236114888683328,NFLX,0.12634606255896516,0.11777090421215841,STX,0.11358180648636362,-0.061298674434791756,,,
2018-04,2018-04-02,2018-06-01,2018-04-02,103,82,3,2,2,0.11996393452266439,0.14336593240151863,NFLX,0.12634606255896516,0.28413432133391514,STX,0.11358180648636362,0.00259754346912211,,,
2018-04,2018-04-02,2018-07-02,2018-04-02,103,82,3,3,2,0.11996393452266439,0.2144732916790778,NFLX,0.12634606255896516,0.4206001550975458,STX,0.11358180648636362,0.008346428260609828,,,
2018-04,2018-04-02,2018-05-01,2018-04-02,103,82,3,1,3,0.1025206280454508,0.019835481067315325,NFLX,0.12634606255896516,0.11777090421215841,STX,0.11358180648636362,-0.061298674434791756,WDAY,0.06763401509102358,0.003034213424579324
2018-04,2018-04-02,2018-06-01,2018-04-02,103,82,3,2,3,0.1025206280454508,0.09837193073991328,NFLX,0.12634606255896516,0.28413432133391514,STX,0.11358180648636362,0.00259754346912211,WDAY,0.06763401509102358,0.008383927416702575
2018-04,2018-04-02,2018-07-02,2018-04-02,103,82,3,3,3,0.1025206280454508,0.14037388043096055,NFLX,0.12634606255896516,0.4206001550975458,STX,0.11358180648636362,0.008346428260609828,WDAY,0.06763401509102358,-0.007824942065273954
2018-05,2018-05-01,2018-06-01,2018-05-01,103,82,3,1,1,0.05950400198587513,0.14883498621662095,NFLX,0.05950400198587513,0.14883498621662095,,,,,,
2018-05,2018-05-01,2018-07-02,2018-05-01,103,82,3,2,1,0.05950400198587513,0.2709224669779995,NFLX,0.05950400198587513,0.2709224669779995,,,,,,
2018-05,2018-05-01,2018-08-01,2018-05-01,103,82,3,3,1,0.05950400198587513,0.08005111182962232,NFLX,0.05950400198587513,0.08005111182962232,,,,,,
2018-05,2018-05-01,2018-06-01,2018-05-01,103,82,3,1,2,0.056528915110600556,0.06350455454140685,NFLX,0.05950400198587513,0.14883498621662095,ULTA,0.053553828235325986,-0.021825877133807237,,,
2018-05,2018-05-01,2018-07-02,2018-05-01,103,82,3,2,2,0.056528915110600556,0.09939068408490959,NFLX,0.05950400198587513,0.2709224669779995,ULTA,0.053553828235325986,-0.07214109880818032,,,
2018-05,2018-05-01,2018-08-01,2018-05-01,103,82,3,3,2,0.056528915110600556,0.014848005513681928,NFLX,0.05950400198587513,0.08005111182962232,ULTA,0.053553828235325986,-0.05035510080225847,,,
2018-05,2018-05-01,2018-06-01,2018-05-01,103,82,3,1,3,0.0539476217084908,0.05482485475351406,NFLX,0.05950400198587513,0.14883498621662095,ULTA,0.053553828235325986,-0.021825877133807237,AMZN,0.048785034904271295,0.03746545517772848
2018-05,2018-05-01,2018-07-02,2018-05-01,103,82,3,2,3,0.0539476217084908,0.0939676770129901,NFLX,0.05950400198587513,0.2709224669779995,ULTA,0.053553828235325986,-0.07214109880818032,AMZN,0.048785034904271295,0.08312166286915113
2018-05,2018-05-01,2018-08-01,2018-05-01,103,82,3,3,3,0.0539476217084908,0.05517356742282464,NFLX,0.05950400198587513,0.08005111182962232,ULTA,0.053553828235325986,-0.05035510080225847,AMZN,0.048785034904271295,0.13582469124111007
2018-06,2018-06-01,2018-07-02,2018-06-01,103,82,3,1,1,0.11641715210283525,0.02158576516994115,ALGN,0.11641715210283525,0.02158576516994115,,,,,,
2018-06,2018-06-01,2018-08-01,2018-06-01,103,82,3,2,1,0.11641715210283525,0.06187521719575617,ALGN,0.11641715210283525,0.06187521719575617,,,,,,
2018-06,2018-06-01,2018-09-04,2018-06-01,103,82,3,3,1,0.11641715210283525,0.15683446158311543,ALGN,0.11641715210283525,0.15683446158311543,,,,,,
2018-06,2018-06-01,2018-07-02,2018-06-01,103,82,3,1,2,0.09842755169409939,-0.025468566590321207,ALGN,0.11641715210283525,0.02158576516994115,MU,0.08043795128536353,-0.07252289835058356,,,
2018-06,2018-06-01,2018-08-01,2018-06-01,103,82,3,2,2,0.09842755169409939,-0.02396535428871932,ALGN,0.11641715210283525,0.06187521719575617,MU,0.08043795128536353,-0.10980592577319481,,,
2018-06,2018-06-01,2018-09-04,2018-06-01,103,82,3,3,2,0.09842755169409939,0.020449932750308042,ALGN,0.11641715210283525,0.15683446158311543,MU,0.08043795128536353,-0.11593459608249934,,,
2018-06,2018-06-01,2018-07-02,2018-06-01,103,82,3,1,3,0.09137670890778499,0.01844451722210309,ALGN,0.11641715210283525,0.02158576516994115,MU,0.08043795128536353,-0.07252289835058356,NFLX,0.07727502333515619,0.10627068484695168
2018-06,2018-06-01,2018-08-01,2018-06-01,103,82,3,2,3,0.09137670890778499,-0.0359344758823239,ALGN,0.11641715210283525,0.06187521719575617,MU,0.08043795128536353,-0.10980592577319481,NFLX,0.07727502333515619,-0.059872719069533065
2018-06,2018-06-01,2018-09-04,2018-06-01,103,82,3,3,3,0.09137670890778499,0.017032102894882255,ALGN,0.11641715210283525,0.15683446158311543,MU,0.08043795128536353,-0.11593459608249934,NFLX,0.07727502333515619,0.010196443184030679
2018-07,2018-07-02,2018-08-01,2018-07-02,103,82,3,1,1,0.12749484871898376,0.03943814939425372,ALGN,0.12749484871898376,0.03943814939425372,,,,,,
2018-07,2018-07-02,2018-09-04,2018-07-02,103,82,3,2,1,0.12749484871898376,0.1323909367420324,ALGN,0.12749484871898376,0.1323909367420324,,,,,,
2018-07,2018-07-02,2018-10-01,2018-07-02,103,82,3,3,1,0.12749484871898376,0.15058184559242593,ALGN,0.12749484871898376,0.15058184559242593,,,,,,
2018-07,2018-07-02,2018-08-01,2018-07-02,103,82,3,1,2,0.1258935202387804,-0.0553725851435522,ALGN,0.12749484871898376,0.03943814939425372,NFLX,0.12429219175857702,-0.15018331968135812,,,
2018-07,2018-07-02,2018-09-04,2018-07-02,103,82,3,2,2,0.1258935202387804,0.022772894231210372,ALGN,0.12749484871898376,0.1323909367420324,NFLX,0.12429219175857702,-0.08684514827961165,,,
2018-07,2018-07-02,2018-10-01,2018-07-02,103,82,3,3,2,0.1258935202387804,0.05425773173083187,ALGN,0.12749484871898376,0.15058184559242593,NFLX,0.12429219175857702,-0.04206638213076219,,,
2018-07,2018-07-02,2018-08-01,2018-07-02,103,82,3,1,3,0.11827307925772801,-0.070967637641606,ALGN,0.12749484871898376,0.03943814939425372,NFLX,0.12429219175857702,-0.15018331968135812,TSLA,0.10303219729562323,-0.1021577426377136
2018-07,2018-07-02,2018-09-04,2018-07-02,103,82,3,2,3,0.11827307925772801,-0.03069903668735648,ALGN,0.12749484871898376,0.1323909367420324,NFLX,0.12429219175857702,-0.08684514827961165,TSLA,0.10303219729562323,-0.1376428985244902
2018-07,2018-07-02,2018-10-01,2018-07-02,103,82,3,3,3,0.11827307925772801,0.011928136823596688,ALGN,0.12749484871898376,0.15058184559242593,NFLX,0.12429219175857702,-0.04206638213076219,TSLA,0.10303219729562323,-0.07273105299087368
2018-08,2018-08-01,2018-09-04,2018-08-01,103,83,3,1,1,0.12876018126533784,0.0894259917263458,ALGN,0.12876018126533784,0.0894259917263458,,,,,,
2018-08,2018-08-01,2018-10-01,2018-08-01,103,83,3,2,1,0.12876018126533784,0.10692670483851563,ALGN,0.12876018126533784,0.10692670483851563,,,,,,
2018-08,2018-08-01,2018-11-01,2018-08-01,103,83,3,3,1,0.12876018126533784,-0.3470455499643573,ALGN,0.12876018126533784,-0.3470455499643573,,,,,,
2018-08,2018-08-01,2018-09-04,2018-08-01,103,83,3,1,2,0.11527654580031632,0.0907792672900708,ALGN,0.12876018126533784,0.0894259917263458,ILMN,0.1017929103352948,0.0921325428537958,,,
2018-08,2018-08-01,2018-10-01,2018-08-01,103,83,3,2,2,0.11527654580031632,0.1204590264451566,ALGN,0.12876018126533784,0.10692670483851563,ILMN,0.1017929103352948,0.13399134805179758,,,
2018-08,2018-08-01,2018-11-01,2018-08-01,103,83,3,3,2,0.11527654580031632,-0.18974956973828783,ALGN,0.12876018126533784,-0.3470455499643573,ILMN,0.1017929103352948,-0.03245358951221833,,,
2018-08,2018-08-01,2018-09-04,2018-08-01,103,83,3,1,3,0.10677330327167046,0.09298382000604695,ALGN,0.12876018126533784,0.0894259917263458,ILMN,0.1017929103352948,0.0921325428537958,QCOM,0.08976681821437875,0.09739292543799927
2018-08,2018-08-01,2018-10-01,2018-08-01,103,83,3,2,3,0.10677330327167046,0.12646545229984993,ALGN,0.12876018126533784,0.10692670483851563,ILMN,0.1017929103352948,0.13399134805179758,QCOM,0.08976681821437875,0.13847830400923655
2018-08,2018-08-01,2018-11-01,2018-08-01,103,83,3,3,3,0.10677330327167046,-0.1268098886611624,ALGN,0.12876018126533784,-0.3470455499643573,ILMN,0.1017929103352948,-0.03245358951221833,QCOM,0.08976681821437875,-0.0009305265069116109
2018-09,2018-09-04,2018-10-01,2018-09-04,103,83,3,1,1,0.09651397268128432,-0.024013971066122908,REGN,0.09651397268128432,-0.024013971066122908,,,,,,
2018-09,2018-09-04,2018-11-01,2018-09-04,103,83,3,2,1,0.09651397268128432,-0.12086270219844952,REGN,0.09651397268128432,-0.12086270219844952,,,,,,
2018-09,2018-09-04,2018-12-03,2018-09-04,103,83,3,3,1,0.09651397268128432,-0.052781515167276694,REGN,0.09651397268128432,-0.052781515167276694,,,,,,
2018-09,2018-09-04,2018-10-01,2018-09-04,103,83,3,1,2,0.09164098807351417,0.00715680803389096,REGN,0.09651397268128432,-0.024013971066122908,ILMN,0.08676800346574402,0.03832758713390483,,,
2018-09,2018-09-04,2018-11-01,2018-09-04,103,83,3,2,2,0.09164098807351417,-0.11746936044214956,REGN,0.09651397268128432,-0.12086270219844952,ILMN,0.08676800346574402,-0.1140760186858496,,,
2018-09,2018-09-04,2018-12-03,2018-09-04,103,83,3,3,2,0.09164098807351417,-0.030299980222612488,REGN,0.09651397268128432,-0.052781515167276694,ILMN,0.08676800346574402,-0.007818445277948283,,,
2018-09,2018-09-04,2018-10-01,2018-09-04,103,83,3,1,3,0.08841073182263165,0.006710428189871849,REGN,0.09651397268128432,-0.024013971066122908,ILMN,0.08676800346574402,0.03832758713390483,ORLY,0.08195021932086662,0.005817668501833628
2018-09,2018-09-04,2018-11-01,2018-09-04,103,83,3,2,3,0.08841073182263165,-0.10077881944365881,REGN,0.09651397268128432,-0.12086270219844952,ILMN,0.08676800346574402,-0.1140760186858496,ORLY,0.08195021932086662,-0.06739773744667732
2018-09,2018-09-04,2018-12-03,2018-09-04,103,83,3,3,3,0.08841073182263165,-0.017717792683958605,REGN,0.09651397268128432,-0.052781515167276694,ILMN,0.08676800346574402,-0.007818445277948283,ORLY,0.08195021932086662,0.007446582393349166
2018-10,2018-10-01,2018-11-01,2018-10-01,103,83,3,1,1,0.09627481121519559,-0.14677796074014937,ILMN,0.09627481121519559,-0.14677796074014937,,,,,,
2018-10,2018-10-01,2018-12-03,2018-10-01,103,83,3,2,1,0.09627481121519559,-0.04444265276552062,ILMN,0.09627481121519559,-0.04444265276552062,,,,,,
2018-10,2018-10-01,2019-01-02,2018-10-01,103,83,3,3,1,0.09627481121519559,-0.19648609538755946,ILMN,0.09627481121519559,-0.19648609538755946,,,,,,
2018-10,2018-10-01,2018-11-01,2018-10-01,103,83,3,1,2,0.09484690070607886,-0.1346149299666588,ILMN,0.09627481121519559,-0.14677796074014937,QCOM,0.09341899019696213,-0.12245189919316823,,,
2018-10,2018-10-01,2018-12-03,2018-10-01,103,83,3,2,2,0.09484690070607886,-0.11492105754537418,ILMN,0.09627481121519559,-0.04444265276552062,QCOM,0.09341899019696213,-0.18539946232522775,,,
2018-10,2018-10-01,2019-01-02,2018-10-01,103,83,3,3,2,0.09484690070607886,-0.1986344992080067,ILMN,0.09627481121519559,-0.19648609538755946,QCOM,0.09341899019696213,-0.20078290302845392,,,
2018-10,2018-10-01,2018-11-01,2018-10-01,103,83,3,1,3,0.0903625511219396,-0.11400726219432367,ILMN,0.09627481121519559,-0.14677796074014937,QCOM,0.09341899019696213,-0.12245189919316823,ORLY,0.08139385195366107,-0.0727919266496534
2018-10,2018-10-01,2018-12-03,2018-10-01,103,83,3,2,3,0.0903625511219396,-0.07607420762270849,ILMN,0.09627481121519559,-0.04444265276552062,QCOM,0.09341899019696213,-0.18539946232522775,ORLY,0.08139385195366107,0.0016194922226229203
2018-10,2018-10-01,2019-01-02,2018-10-01,103,83,3,3,3,0.0903625511219396,-0.13688633206259823,ILMN,0.09627481121519559,-0.19648609538755946,QCOM,0.09341899019696213,-0.20078290302845392,ORLY,0.08139385195366107,-0.013389997771781292
2018-11,2018-11-01,2018-12-03,2018-11-01,103,83,3,1,1,0.05271384852367478,-0.1974245896722231,TTWO,0.05271384852367478,-0.1974245896722231,,,,,,
2018-11,2018-11-01,2019-01-02,2018-11-01,103,83,3,2,1,0.05271384852367478,-0.1931580235708097,TTWO,0.05271384852367478,-0.1931580235708097,,,,,,
2018-11,2018-11-01,2019-02-01,2018-11-01,103,83,3,3,1,0.05271384852367478,-0.1858661549391435,TTWO,0.05271384852367478,-0.1858661549391435,,,,,,
2018-11,2018-11-01,2018-12-03,2018-11-01,103,83,3,1,2,0.05245685102726649,-0.10655195621968222,TTWO,0.05271384852367478,-0.1974245896722231,TMUS,0.05219985353085821,-0.015679322767141346,,,
2018-11,2018-11-01,2019-01-02,2018-11-01,103,83,3,2,2,0.05245685102726649,-0.12285655279490754,TTWO,0.05271384852367478,-0.1931580235708097,TMUS,0.05219985353085821,-0.052555082019005384,,,
2018-11,2018-11-01,2019-02-01,2018-11-01,103,83,3,3,2,0.05245685102726649,-0.08748877271478533,TTWO,0.05271384852367478,-0.1858661549391435,TMUS,0.05219985353085821,0.010888609509572822,,,
2018-11,2018-11-01,2018-12-03,2018-11-01,103,83,3,1,3,0.05149870376860314,-0.030074783382762926,TTWO,0.05271384852367478,-0.1974245896722231,TMUS,0.05219985353085821,-0.015679322767141346,ULTA,0.04958240925127644,0.12287956229107566
2018-11,2018-11-01,2019-01-02,2018-11-01,103,83,3,2,3,0.05149870376860314,-0.11241057829870842,TTWO,0.05271384852367478,-0.1931580235708097,TMUS,0.05219985353085821,-0.052555082019005384,ULTA,0.04958240925127644,-0.09151862930631016
2018-11,2018-11-01,2019-02-01,2018-11-01,103,83,3,3,3,0.05149870376860314,-0.03584313208012665,TTWO,0.05271384852367478,-0.1858661549391435,TMUS,0.05219985353085821,0.010888609509572822,ULTA,0.04958240925127644,0.06744814918919073
2018-12,2018-12-03,2019-01-02,2018-12-03,103,84,3,1,1,0.08354710114638753,-0.047111226997817,SBUX,0.08354710114638753,-0.047111226997817,,,,,,
2018-12,2018-12-03,2019-02-01,2018-12-03,103,84,3,2,1,0.08354710114638753,0.00903708727246566,SBUX,0.08354710114638753,0.00903708727246566,,,,,,
2018-12,2018-12-03,2019-03-01,2018-12-03,103,84,3,3,1,0.08354710114638753,0.055107476661171884,SBUX,0.08354710114638753,0.055107476661171884,,,,,,
2018-12,2018-12-03,2019-01-02,2018-12-03,103,84,3,1,2,0.07921115258093223,-0.09101910331182583,SBUX,0.08354710114638753,-0.047111226997817,TSLA,0.07487520401547691,-0.13492697962583466,,,
2018-12,2018-12-03,2019-02-01,2018-12-03,103,84,3,2,2,0.07921115258093223,-0.06002997312731628,SBUX,0.08354710114638753,0.00903708727246566,TSLA,0.07487520401547691,-0.12909703352709823,,,
2018-12,2018-12-03,2019-03-01,2018-12-03,103,84,3,3,2,0.07921115258093223,-0.06129112867920555,SBUX,0.08354710114638753,0.055107476661171884,TSLA,0.07487520401547691,-0.177689734019583,,,
2018-12,2018-12-03,2019-01-02,2018-12-03,103,84,3,1,3,0.07478863283880993,-0.06863889094167623,SBUX,0.08354710114638753,-0.047111226997817,TSLA,0.07487520401547691,-0.13492697962583466,NTES,0.06594359335456534,-0.023878466201377013
2018-12,2018-12-03,2019-02-01,2018-12-03,103,84,3,2,3,0.07478863283880993,-0.019583200991216316,SBUX,0.08354710114638753,0.00903708727246566,TSLA,0.07487520401547691,-0.12909703352709823,NTES,0.06594359335456534,0.061310343280983615
2018-12,2018-12-03,2019-03-01,2018-12-03,103,84,3,3,3,0.07478863283880993,-0.0663252692390363,SBUX,0.08354710114638753,0.055107476661171884,TSLA,0.07487520401547691,-0.177689734019583,NTES,0.06594359335456534,-0.07639355035869777
2019-01,2019-01-02,2019-02-01,2019-01-02,103,88,3,1,1,0.0550778955302994,0.05892431085464578,SBUX,0.0550778955302994,0.05892431085464578,,,,,,
2019-01,2019-01-02,2019-03-01,2019-01-02,103,88,3,2,1,0.0550778955302994,0.10727243992699931,SBUX,0.0550778955302994,0.10727243992699931,,,,,,
2019-01,2019-01-02,2019-04-01,2019-01-02,103,88,3,3,1,0.0550778955302994,0.15587663761112447,SBUX,0.0550778955302994,0.15587663761112447,,,,,,
2019-01,2019-01-02,2019-02-01,2019-01-02,103,88,3,1,2,0.04656769499497372,0.11184600155332047,SBUX,0.0550778955302994,0.05892431085464578,WDAY,0.038057494459648046,0.16476769225199517,,,
2019-01,2019-01-02,2019-03-01,2019-01-02,103,88,3,2,2,0.04656769499497372,0.1456607375717156,SBUX,0.0550778955302994,0.10727243992699931,WDAY,0.038057494459648046,0.1840490352164319,,,
2019-01,2019-01-02,2019-04-01,2019-01-02,103,88,3,3,2,0.04656769499497372,0.181262449804946,SBUX,0.0550778955302994,0.15587663761112447,WDAY,0.038057494459648046,0.2066482619987675,,,
2019-01,2019-01-02,2019-02-01,2019-01-02,103,88,3,1,3,0.04279076365386781,0.09462981125803238,SBUX,0.0550778955302994,0.05892431085464578,WDAY,0.038057494459648046,0.16476769225199517,DLTR,0.03523690097165599,0.0601974306674562
2019-01,2019-01-02,2019-03-01,2019-01-02,103,88,3,2,3,0.04279076365386781,0.11596682151994031,SBUX,0.0550778955302994,0.10727243992699931,WDAY,0.038057494459648046,0.1840490352164319,DLTR,0.03523690097165599,0.056578989416389724
2019-01,2019-01-02,2019-04-01,2019-01-02,103,88,3,3,3,0.04279076365386781,0.16660188426838696,SBUX,0.0550778955302994,0.15587663761112447,WDAY,0.038057494459648046,0.2066482619987675,DLTR,0.03523690097165599,0.1372807531952689
2019-02,2019-02-01,2019-03-01,2019-02-01,103,88,3,1,1,0.11121546448651627,0.016553809907929207,WDAY,0.11121546448651627,0.016553809907929207,,,,,,
2019-02,2019-02-01,2019-04-01,2019-02-01,103,88,3,2,1,0.11121546448651627,0.035956156773029546,WDAY,0.11121546448651627,0.035956156773029546,,,,,,
2019-02,2019-02-01,2019-05-01,2019-02-01,103,88,3,3,1,0.11121546448651627,0.08126408317524536,WDAY,0.11121546448651627,0.08126408317524536,,,,,,
2019-02,2019-02-01,2019-03-01,2019-02-01,103,88,3,1,2,0.100345632958729,-0.008654957876620184,WDAY,0.11121546448651627,0.016553809907929207,AMD,0.08947580143094173,-0.033863725661169575,,,
2019-02,2019-02-01,2019-04-01,2019-02-01,103,88,3,2,2,0.100345632958729,0.0557177838984253,WDAY,0.11121546448651627,0.035956156773029546,AMD,0.08947580143094173,0.07547941102382105,,,
2019-02,2019-02-01,2019-05-01,2019-02-01,103,88,3,3,2,0.100345632958729,0.08755165022863554,WDAY,0.11121546448651627,0.08126408317524536,AMD,0.08947580143094173,0.09383921728202571,,,
2019-02,2019-02-01,2019-03-01,2019-02-01,103,88,3,1,3,0.0928209141316444,0.015334707757166685,WDAY,0.11121546448651627,0.016553809907929207,AMD,0.08947580143094173,-0.033863725661169575,INCY,0.07777147647747518,0.06331403902474042
2019-02,2019-02-01,2019-04-01,2019-02-01,103,88,3,2,3,0.0928209141316444,0.04932559948512908,WDAY,0.11121546448651627,0.035956156773029546,AMD,0.08947580143094173,0.07547941102382105,INCY,0.07777147647747518,0.03654123065853665
2019-02,2019-02-01,2019-05-01,2019-02-01,103,88,3,3,3,0.0928209141316444,0.04224783356862657,WDAY,0.11121546448651627,0.08126408317524536,AMD,0.08947580143094173,0.09383921728202571,INCY,0.07777147647747518,-0.048359799751391375
2019-03,2019-03-01,2019-04-01,2019-03-01,103,88,3,1,1,0.09941198648928277,-0.025178646555592654,INCY,0.09941198648928277,-0.025178646555592654,,,,,,
2019-03,2019-03-01,2019-05-01,2019-03-01,103,88,3,2,1,0.09941198648928277,-0.10502432459046407,INCY,0.09941198648928277,-0.10502432459046407,,,,,,
2019-03,2019-03-01,2019-06-03,2019-03-01,103,88,3,3,1,0.09941198648928277,-0.0976522716247954,INCY,0.09941198648928277,-0.0976522716247954,,,,,,
2019-03,2019-03-01,2019-04-01,2019-03-01,103,88,3,1,2,0.09817459440177503,0.031441269973936536,INCY,0.09941198648928277,-0.025178646555592654,JD,0.09693720231426728,0.08806118650346573,,,
2019-03,2019-03-01,2019-05-01,2019-03-01,103,88,3,2,2,0.09817459440177503,-0.026929158296990163,INCY,0.09941198648928277,-0.10502432459046407,JD,0.09693720231426728,0.05116600799648374,,,
2019-03,2019-03-01,2019-06-03,2019-03-01,103,88,3,3,2,0.09817459440177503,-0.10051428613665098,INCY,0.09941198648928277,-0.0976522716247954,JD,0.09693720231426728,-0.10337630064850656,,,
2019-03,2019-03-01,2019-04-01,2019-03-01,103,88,3,1,3,0.09530242681993799,0.0700190704169275,INCY,0.09941198648928277,-0.025178646555592654,JD,0.09693720231426728,0.08806118650346573,MELI,0.0895580916562639,0.1471746713029094
2019-03,2019-03-01,2019-05-01,2019-03-01,103,88,3,2,3,0.09530242681993799,0.0064693304092850274,INCY,0.09941198648928277,-0.10502432459046407,JD,0.09693720231426728,0.05116600799648374,MELI,0.0895580916562639,0.07326630782183541
2019-03,2019-03-01,2019-06-03,2019-03-01,103,88,3,3,3,0.09530242681993799,0.01943838507241613,INCY,0.09941198648928277,-0.0976522716247954,JD,0.09693720231426728,-0.10337630064850656,MELI,0.0895580916562639,0.25934372749055035
2019-04,2019-04-01,2019-05-01,2019-04-01,103,90,3,1,1,0.20311614683158127,-0.06442642548682875,MELI,0.20311614683158127,-0.06442642548682875,,,,,,
2019-04,2019-04-01,2019-06-03,2019-04-01,103,90,3,2,1,0.20311614683158127,0.09777853276715409,MELI,0.20311614683158127,0.09777853276715409,,,,,,
2019-04,2019-04-01,2019-07-01,2019-04-01,103,90,3,3,1,0.20311614683158127,0.19532534610071672,MELI,0.20311614683158127,0.19532534610071672,,,,,,
2019-04,2019-04-01,2019-05-01,2019-04-01,103,90,3,1,2,0.1940983118843312,-0.05046943545419019,MELI,0.20311614683158127,-0.06442642548682875,TCOM,0.18508047693708107,-0.03651244542155163,,,
2019-04,2019-04-01,2019-06-03,2019-04-01,103,90,3,2,2,0.1940983118843312,-0.07536387175526671,MELI,0.20311614683158127,0.09777853276715409,TCOM,0.18508047693708107,-0.2485062762776875,,,
2019-04,2019-04-01,2019-07-01,2019-04-01,103,90,3,3,2,0.1940983118843312,0.025412190948153557,MELI,0.20311614683158127,0.19532534610071672,TCOM,0.18508047693708107,-0.1445009642044096,,,
2019-04,2019-04-01,2019-05-01,2019-04-01,103,90,3,1,3,0.17772679971112307,-0.01440761907010705,MELI,0.20311614683158127,-0.06442642548682875,TCOM,0.18508047693708107,-0.03651244542155163,CDNS,0.14498377536470683,0.05771601369805923
2019-04,2019-04-01,2019-06-03,2019-04-01,103,90,3,2,3,0.17772679971112307,-0.06618909425054649,MELI,0.20311614683158127,0.09777853276715409,TCOM,0.18508047693708107,-0.2485062762776875,CDNS,0.14498377536470683,-0.047839539241106066
2019-04,2019-04-01,2019-07-01,2019-04-01,103,90,3,3,3,0.17772679971112307,0.06092291649476197,MELI,0.20311614683158127,0.19532534610071672,TCOM,0.18508047693708107,-0.1445009642044096,CDNS,0.14498377536470683,0.13194436758797878
2019-05,2019-05-01,2019-06-03,2019-05-01,103,90,3,1,1,0.22185384426432866,-0.2282041451288801,QCOM,0.22185384426432866,-0.2282041451288801,,,,,,
2019-05,2019-05-01,2019-07-01,2019-05-01,103,90,3,2,1,0.22185384426432866,-0.09426234415851109,QCOM,0.22185384426432866,-0.09426234415851109,,,,,,
2019-05,2019-05-01,2019-08-01,2019-05-01,103,90,3,3,1,0.22185384426432866,-0.1681047132957777,QCOM,0.22185384426432866,-0.1681047132957777,,,,,,
2019-05,2019-05-01,2019-06-03,2019-05-01,103,90,3,1,2,0.1720264991179237,-0.16399994286807412,QCOM,0.22185384426432866,-0.2282041451288801,CDNS,0.12219915397151875,-0.09979574060726815,,,
2019-05,2019-05-01,2019-07-01,2019-05-01,103,90,3,2,2,0.1720264991179237,-0.012042191233443522,QCOM,0.22185384426432866,-0.09426234415851109,CDNS,0.12219915397151875,0.07017796169162405,,,
2019-05,2019-05-01,2019-08-01,2019-05-01,103,90,3,3,2,0.1720264991179237,-0.05122481112782046,QCOM,0.22185384426432866,-0.1681047132957777,CDNS,0.12219915397151875,0.06565509104013678,,,
2019-05,2019-05-01,2019-06-03,2019-05-01,103,90,3,1,3,0.15038120271612918,-0.05154166785132249,QCOM,0.22185384426432866,-0.2282041451288801,CDNS,0.12219915397151875,-0.09979574060726815,MELI,0.10709060991254009,0.17337488218218078
2019-05,2019-05-01,2019-07-01,2019-05-01,103,90,3,2,3,0.15038120271612918,0.08451822719786106,QCOM,0.22185384426432866,-0.09426234415851109,CDNS,0.12219915397151875,0.07017796169162405,MELI,0.10709060991254009,0.27763906406047023
2019-05,2019-05-01,2019-08-01,2019-05-01,103,90,3,3,3,0.15038120271612918,0.063306440432588,QCOM,0.22185384426432866,-0.1681047132957777,CDNS,0.12219915397151875,0.06565509104013678,MELI,0.10709060991254009,0.2923689435534049
2019-06,2019-06-03,2019-07-01,2019-06-03,103,90,3,1,1,0.11494530757362302,0.17354563402356638,QCOM,0.11494530757362302,0.17354563402356638,,,,,,
2019-06,2019-06-03,2019-08-01,2019-06-03,103,90,3,2,1,0.11494530757362302,0.07786959654394399,QCOM,0.11494530757362302,0.07786959654394399,,,,,,
2019-06,2019-06-03,2019-09-03,2019-06-03,103,90,3,3,1,0.11494530757362302,0.13721271778980948,QCOM,0.11494530757362302,0.13721271778980948,,,,,,
2019-06,2019-06-03,2019-07-01,2019-06-03,103,90,3,1,2,0.10015984178652175,0.13120200305520024,QCOM,0.11494530757362302,0.17354563402356638,MELI,0.08537437599942048,0.08885837208683411,,,
2019-06,2019-06-03,2019-08-01,2019-06-03,103,90,3,2,2,0.10015984178652175,0.08964069933486385,QCOM,0.11494530757362302,0.07786959654394399,MELI,0.08537437599942048,0.10141180212578371,,,
2019-06,2019-06-03,2019-09-03,2019-06-03,103,90,3,3,2,0.10015984178652175,0.07935761164098765,QCOM,0.11494530757362302,0.13721271778980948,MELI,0.08537437599942048,0.021502505492165813,,,
2019-06,2019-06-03,2019-07-01,2019-06-03,103,90,3,1,3,0.08768675063859134,0.11896085220057584,QCOM,0.11494530757362302,0.17354563402356638,MELI,0.08537437599942048,0.08885837208683411,TTWO,0.06274056834273052,0.09447855049132703
2019-06,2019-06-03,2019-08-01,2019-06-03,103,90,3,2,3,0.08768675063859134,0.11057060305212281,QCOM,0.11494530757362302,0.07786959654394399,MELI,0.08537437599942048,0.10141180212578371,TTWO,0.06274056834273052,0.15243041048664074
2019-06,2019-06-03,2019-09-03,2019-06-03,103,90,3,3,3,0.08768675063859134,0.13379230882849522,QCOM,0.11494530757362302,0.13721271778980948,MELI,0.08537437599942048,0.021502505492165813,TTWO,0.06274056834273052,0.24266170320351033
2019-07,2019-07-01,2019-08-01,2019-07-01,103,90,3,1,1,0.1464579113162705,-0.08152732599889778,QCOM,0.1464579113162705,-0.08152732599889778,,,,,,
2019-07,2019-07-01,2019-09-03,2019-07-01,103,90,3,2,1,0.1464579113162705,-0.03095995177382871,QCOM,0.1464579113162705,-0.03095995177382871,,,,,,
2019-07,2019-07-01,2019-10-01,2019-07-01,103,90,3,3,1,0.1464579113162705,-0.018715126948576688,QCOM,0.1464579113162705,-0.018715126948576688,,,,,,
2019-07,2019-07-01,2019-08-01,2019-07-01,103,90,3,1,2,0.114344853940848,0.001715478726593389,QCOM,0.1464579113162705,-0.08152732599889778,HAS,0.0822317965654255,0.08495828345208456,,,
2019-07,2019-07-01,2019-09-03,2019-07-01,103,90,3,2,2,0.114344853940848,0.0012995716591906459,QCOM,0.1464579113162705,-0.03095995177382871,HAS,0.0822317965654255,0.03355909509221,,,
2019-07,2019-07-01,2019-10-01,2019-07-01,103,90,3,3,2,0.114344853940848,0.04384545705890025,QCOM,0.1464579113162705,-0.018715126948576688,HAS,0.0822317965654255,0.10640604106637719,,,
2019-07,2019-07-01,2019-08-01,2019-07-01,103,90,3,1,3,0.10175613886171571,-0.012967350411702494,QCOM,0.1464579113162705,-0.08152732599889778,HAS,0.0822317965654255,0.08495828345208456,IDXX,0.07657870870345114,-0.04233300868829426
2019-07,2019-07-01,2019-09-03,2019-07-01,103,90,3,2,3,0.10175613886171571,0.007909954817307866,QCOM,0.1464579113162705,-0.03095995177382871,HAS,0.0822317965654255,0.03355909509221,IDXX,0.07657870870345114,0.021130721133542307
2019-07,2019-07-01,2019-10-01,2019-07-01,103,90,3,3,3,0.10175613886171571,0.015928390883305887,QCOM,0.1464579113162705,-0.018715126948576688,HAS,0.0822317965654255,0.10640604106637719,IDXX,0.07657870870345114,-0.03990574146788284
2019-08,2019-08-01,2019-09-03,2019-08-01,103,90,3,1,1,0.09125407920531343,-0.07255169817445994,MELI,0.09125407920531343,-0.07255169817445994,,,,,,
2019-08,2019-08-01,2019-10-01,2019-08-01,103,90,3,2,1,0.09125407920531343,-0.12135049572978007,MELI,0.09125407920531343,-0.12135049572978007,,,,,,
2019-08,2019-08-01,2019-11-01,2019-08-01,103,90,3,3,1,0.09125407920531343,-0.2178146852073758,MELI,0.09125407920531343,-0.2178146852073758,,,,,,
2019-08,2019-08-01,2019-09-03,2019-08-01,103,90,3,1,2,0.08315538198126995,-0.02706647969729853,MELI,0.09125407920531343,-0.07255169817445994,SBUX,0.07505668475722649,0.018418738779862887,,,
2019-08,2019-08-01,2019-10-01,2019-08-01,103,90,3,2,2,0.08315538198126995,-0.10545458121805662,MELI,0.09125407920531343,-0.12135049572978007,SBUX,0.07505668475722649,-0.08955866670633317,,,
2019-08,2019-08-01,2019-11-01,2019-08-01,103,90,3,3,2,0.08315538198126995,-0.17105145268685895,MELI,0.09125407920531343,-0.2178146852073758,SBUX,0.07505668475722649,-0.12428822016634211,,,
2019-08,2019-08-01,2019-09-03,2019-08-01,103,90,3,1,3,0.07955798373361765,0.00805452079000546,MELI,0.09125407920531343,-0.07255169817445994,SBUX,0.07505668475722649,0.018418738779862887,TTWO,0.07236318723831303,0.07829652176461344
2019-08,2019-08-01,2019-10-01,2019-08-01,103,90,3,2,3,0.07955798373361765,-0.06809173774321198,MELI,0.09125407920531343,-0.12135049572978007,SBUX,0.07505668475722649,-0.08955866670633317,TTWO,0.07236318723831303,0.006633949206477308
2019-08,2019-08-01,2019-11-01,2019-08-01,103,90,3,3,3,0.07955798373361765,-0.1282303078333533,MELI,0.09125407920531343,-0.2178146852073758,SBUX,0.07505668475722649,-0.12428822016634211,TTWO,0.07236318723831303,-0.04258801812634194
2019-09,2019-09-03,2019-10-01,2019-09-03,103,90,3,1,1,0.16922911230565854,0.019488354553101273,WDC,0.16922911230565854,0.019488354553101273,,,,,,
2019-09,2019-09-03,2019-11-01,2019-09-03,103,90,3,2,1,0.16922911230565854,-0.05502181373467052,WDC,0.16922911230565854,-0.05502181373467052,,,,,,
2019-09,2019-09-03,2019-12-02,2019-09-03,103,90,3,3,1,0.16922911230565854,-0.1485890439303924,WDC,0.16922911230565854,-0.1485890439303924,,,,,,
2019-09,2019-09-03,2019-10-01,2019-09-03,103,90,3,1,2,0.1549297921030961,0.03762380181508673,WDC,0.16922911230565854,0.019488354553101273,KLAC,0.14063047190053365,0.05575924907707219,,,
2019-09,2019-09-03,2019-11-01,2019-09-03,103,90,3,2,2,0.1549297921030961,0.047490883535649786,WDC,0.16922911230565854,-0.05502181373467052,KLAC,0.14063047190053365,0.1500035808059701,,,
2019-09,2019-09-03,2019-12-02,2019-09-03,103,90,3,3,2,0.1549297921030961,-0.034579420400235816,WDC,0.16922911230565854,-0.1485890439303924,KLAC,0.14063047190053365,0.07943020312992077,,,
2019-09,2019-09-03,2019-10-01,2019-09-03,103,90,3,1,3,0.14171678710495245,0.00515223333986566,WDC,0.16922911230565854,0.019488354553101273,KLAC,0.14063047190053365,0.05575924907707219,MU,0.11529077710866516,-0.059790903610576485
2019-09,2019-09-03,2019-11-01,2019-09-03,103,90,3,2,3,0.14171678710495245,0.05677730220528036,WDC,0.16922911230565854,-0.05502181373467052,KLAC,0.14063047190053365,0.1500035808059701,MU,0.11529077710866516,0.0753501395445415
2019-09,2019-09-03,2019-12-02,2019-09-03,103,90,3,3,3,0.14171678710495245,-0.012680296881045586,WDC,0.16922911230565854,-0.1485890439303924,KLAC,0.14063047190053365,0.07943020312992077,MU,0.11529077710866516,0.031117950157334873
2019-10,2019-10-01,2019-11-01,2019-10-01,103,90,3,1,1,0.09391262463410643,0.0892668776629566,KLAC,0.09391262463410643,0.0892668776629566,,,,,,
2019-10,2019-10-01,2019-12-02,2019-10-01,103,90,3,2,1,0.09391262463410643,0.022420787763442807,KLAC,0.09391262463410643,0.022420787763442807,,,,,,
2019-10,2019-10-01,2020-01-02,2019-10-01,103,90,3,3,1,0.09391262463410643,0.15896740434411583,KLAC,0.09391262463410643,0.15896740434411583,,,,,,
2019-10,2019-10-01,2019-11-01,2019-10-01,103,90,3,1,2,0.07989648574277841,0.14852255883673504,KLAC,0.09391262463410643,0.0892668776629566,LRCX,0.06588034685145039,0.20777824001051348,,,
2019-10,2019-10-01,2019-12-02,2019-10-01,103,90,3,2,2,0.07989648574277841,0.0818516115477731,KLAC,0.09391262463410643,0.022420787763442807,LRCX,0.06588034685145039,0.14128243533210338,,,
2019-10,2019-10-01,2020-01-02,2019-10-01,103,90,3,3,2,0.07989648574277841,0.2287604213354124,KLAC,0.09391262463410643,0.15896740434411583,LRCX,0.06588034685145039,0.298553438326709,,,
2019-10,2019-10-01,2019-11-01,2019-10-01,103,90,3,1,3,0.07352598205235286,0.13434391555288458,KLAC,0.09391262463410643,0.0892668776629566,LRCX,0.06588034685145039,0.20777824001051348,JBHT,0.060784974671501756,0.10598662898518363
2019-10,2019-10-01,2019-12-02,2019-10-01,103,90,3,2,3,0.07352598205235286,0.07350322839517702,KLAC,0.09391262463410643,0.022420787763442807,LRCX,0.06588034685145039,0.14128243533210338,JBHT,0.060784974671501756,0.056806462089984855
2019-10,2019-10-01,2020-01-02,2019-10-01,103,90,3,3,3,0.07352598205235286,0.1813030042886464,KLAC,0.09391262463410643,0.15896740434411583,LRCX,0.06588034685145039,0.298553438326709,JBHT,0.060784974671501756,0.08638817019511436
2019-11,2019-11-01,2019-12-02,2019-11-01,103,90,3,1,1,0.11003239723075815,0.06881367125383675,TSLA,0.11003239723075815,0.06881367125383675,,,,,,
2019-11,2019-11-01,2020-01-02,2019-11-01,103,90,3,2,1,0.11003239723075815,0.3732725058894282,TSLA,0.11003239723075815,0.3732725058894282,,,,,,
2019-11,2019-11-01,2020-02-03,2019-11-01,103,90,3,3,1,0.11003239723075815,1.489547143643243,TSLA,0.11003239723075815,1.489547143643243,,,,,,
2019-11,2019-11-01,2019-12-02,2019-11-01,103,90,3,1,2,0.11002551869247576,0.006878684151929382,TSLA,0.11003239723075815,0.06881367125383675,LRCX,0.11001864015419338,-0.05505630294997799,,,
2019-11,2019-11-01,2020-01-02,2019-11-01,103,90,3,2,2,0.11002551869247576,0.22421566748831656,TSLA,0.11003239723075815,0.3732725058894282,LRCX,0.11001864015419338,0.07515882908720495,,,
2019-11,2019-11-01,2020-02-03,2019-11-01,103,90,3,3,2,0.11002551869247576,0.8013917969724936,TSLA,0.11003239723075815,1.489547143643243,LRCX,0.11001864015419338,0.11323645030174423,,,
2019-11,2019-11-01,2019-12-02,2019-11-01,103,90,3,1,3,0.10822569322701663,0.02702067274442325,TSLA,0.11003239723075815,0.06881367125383675,LRCX,0.11001864015419338,-0.05505630294997799,ALGN,0.10462604229609833,0.06730464992941099
2019-11,2019-11-01,2020-01-02,2019-11-01,103,90,3,2,3,0.10822569322701663,0.18402424212527957,TSLA,0.11003239723075815,0.3732725058894282,LRCX,0.11001864015419338,0.07515882908720495,ALGN,0.10462604229609833,0.10364139139920558
2019-11,2019-11-01,2020-02-03,2019-11-01,103,90,3,3,3,0.10822569322701663,0.5290479962247092,TSLA,0.11003239723075815,1.489547143643243,LRCX,0.11001864015419338,0.11323645030174423,ALGN,0.10462604229609833,-0.015639605270859613
2019-12,2019-12-02,2020-01-02,2019-12-02,103,91,3,1,1,0.16732120351417726,0.03404533229776319,ALGN,0.16732120351417726,0.03404533229776319,,,,,,
2019-12,2019-12-02,2020-02-03,2019-12-02,103,91,3,2,1,0.16732120351417726,-0.07771375792821311,ALGN,0.16732120351417726,-0.07771375792821311,,,,,,
2019-12,2019-12-02,2020-03-02,2019-12-02,103,91,3,3,1,0.16732120351417726,-0.16082232159414023,ALGN,0.16732120351417726,-0.16082232159414023,,,,,,
2019-12,2019-12-02,2020-01-02,2019-12-02,103,91,3,1,2,0.1564460826401597,0.15945106261504371,ALGN,0.16732120351417726,0.03404533229776319,TSLA,0.14557096176614212,0.28485679293232424,,,
2019-12,2019-12-02,2020-02-03,2019-12-02,103,91,3,2,2,0.1564460826401597,0.6257741557057293,ALGN,0.16732120351417726,-0.07771375792821311,TSLA,0.14557096176614212,1.3292620693396717,,,
2019-12,2019-12-02,2020-03-02,2019-12-02,103,91,3,3,2,0.1564460826401597,0.5299003375896691,ALGN,0.16732120351417726,-0.16082232159414023,TSLA,0.14557096176614212,1.2206229967734785,,,
2019-12,2019-12-02,2020-01-02,2019-12-02,103,91,3,1,3,0.14196702326566735,0.10840973572885633,ALGN,0.16732120351417726,0.03404533229776319,TSLA,0.14557096176614212,0.28485679293232424,BIIB,0.11300890451668266,0.006327081956481573
2019-12,2019-12-02,2020-02-03,2019-12-02,103,91,3,2,3,0.14196702326566735,0.39476978019817466,ALGN,0.16732120351417726,-0.07771375792821311,TSLA,0.14557096176614212,1.3292620693396717,BIIB,0.11300890451668266,-0.06723897081693464
2019-12,2019-12-02,2020-03-02,2019-12-02,103,91,3,3,3,0.14196702326566735,0.39373795004066875,ALGN,0.16732120351417726,-0.16082232159414023,TSLA,0.14557096176614212,1.2206229967734785,BIIB,0.11300890451668266,0.1214131749426679
2020-01,2020-01-02,2020-02-03,2020-01-02,103,90,3,1,1,0.21136893887726615,0.8128573411078648,TSLA,0.21136893887726615,0.8128573411078648,,,,,,
2020-01,2020-01-02,2020-03-02,2020-01-02,103,90,3,2,1,0.21136893887726615,0.7283038926894965,TSLA,0.21136893887726615,0.7283038926894965,,,,,,
2020-01,2020-01-02,2020-04-01,2020-01-02,103,90,3,3,1,0.21136893887726615,0.11923023547882572,TSLA,0.21136893887726615,0.11923023547882572,,,,,,
2020-01,2020-01-02,2020-02-03,2020-01-02,103,90,3,1,2,0.20417688477775492,0.39543072707205384,TSLA,0.21136893887726615,0.8128573411078648,AMD,0.1969848306782437,-0.021995886963757094,,,
2020-01,2020-01-02,2020-03-02,2020-01-02,103,90,3,2,2,0.20417688477775492,0.34745134104317354,TSLA,0.21136893887726615,0.7283038926894965,AMD,0.1969848306782437,-0.03340121060314938,,,
2020-01,2020-01-02,2020-04-01,2020-01-02,103,90,3,3,2,0.20417688477775492,0.004217981326300635,TSLA,0.21136893887726615,0.11923023547882572,AMD,0.1969848306782437,-0.11079427282622445,,,
2020-01,2020-01-02,2020-02-03,2020-01-02,103,90,3,1,3,0.1930021429602473,0.24542915092094766,TSLA,0.21136893887726615,0.8128573411078648,AMD,0.1969848306782437,-0.021995886963757094,SWKS,0.17065265932523208,-0.05457400138126467
2020-01,2020-01-02,2020-03-02,2020-01-02,103,90,3,2,3,0.1930021429602473,0.18507166959071772,TSLA,0.21136893887726615,0.7283038926894965,AMD,0.1969848306782437,-0.03340121060314938,SWKS,0.17065265932523208,-0.13968767331419396
2020-01,2020-01-02,2020-04-01,2020-01-02,103,90,3,3,3,0.1930021429602473,-0.10376148391682054,TSLA,0.21136893887726615,0.11923023547882572,AMD,0.1969848306782437,-0.11079427282622445,SWKS,0.17065265932523208,-0.31972041440306287
2020-02,2020-02-03,2020-03-02,2020-02-03,103,90,3,1,1,0.3888426017646753,-0.04664098299466646,TSLA,0.3888426017646753,-0.04664098299466646,,,,,,
2020-02,2020-02-03,2020-04-01,2020-02-03,103,90,3,2,1,0.3888426017646753,-0.38261538285475516,TSLA,0.3888426017646753,-0.38261538285475516,,,,,,
2020-02,2020-02-03,2020-05-01,2020-02-03,103,90,3,3,1,0.3888426017646753,-0.10087181971623349,TSLA,0.3888426017646753,-0.10087181971623349,,,,,,
2020-02,2020-02-03,2020-03-02,2020-02-03,103,90,3,1,2,0.2537238644536127,-0.029151409530992656,TSLA,0.3888426017646753,-0.04664098299466646,AMD,0.11860512714255018,-0.011661836067318854,,,
2020-02,2020-02-03,2020-04-01,2020-02-03,103,90,3,2,2,0.2537238644536127,-0.2367054482869015,TSLA,0.3888426017646753,-0.38261538285475516,AMD,0.11860512714255018,-0.09079551371904782,,,
2020-02,2020-02-03,2020-05-01,2020-02-03,103,90,3,3,2,0.2537238644536127,-0.031068973241908937,TSLA,0.3888426017646753,-0.10087181971623349,AMD,0.11860512714255018,0.038733873232415617,,,
2020-02,2020-02-03,2020-03-02,2020-02-03,103,90,3,1,3,0.2076849879669057,-0.03706999292908112,TSLA,0.3888426017646753,-0.04664098299466646,AMD,0.11860512714255018,-0.011661836067318854,MELI,0.11560723499349172,-0.05290715972525806
2020-02,2020-02-03,2020-04-01,2020-02-03,103,90,3,2,3,0.2076849879669057,-0.2711993030444575,TSLA,0.3888426017646753,-0.38261538285475516,AMD,0.11860512714255018,-0.09079551371904782,MELI,0.11560723499349172,-0.3401870125595695
2020-02,2020-02-03,2020-05-01,2020-02-03,103,90,3,3,3,0.2076849879669057,-0.05633806699412258,TSLA,0.3888426017646753,-0.10087181971623349,AMD,0.11860512714255018,0.038733873232415617,MELI,0.11560723499349172,-0.10687625449854987
2020-03,2020-03-02,2020-04-01,2020-03-02,103,90,3,1,1,0.35035771701517415,-0.35241120487373445,TSLA,0.35035771701517415,-0.35241120487373445,,,,,,
2020-03,2020-03-02,2020-05-01,2020-03-02,103,90,3,2,1,0.35035771701517415,-0.05688396055865241,TSLA,0.35035771701517415,-0.05688396055865241,,,,,,
2020-03,2020-03-02,2020-06-01,2020-03-02,103,90,3,3,1,0.35035771701517415,0.20774045142001563,TSLA,0.35035771701517415,0.20774045142001563,,,,,,
2020-03,2020-03-02,2020-04-01,2020-03-02,103,90,3,1,2,0.2271832013679369,-0.20380375785742588,TSLA,0.35035771701517415,-0.35241120487373445,JD,0.10400868572069966,-0.05519631084111731,,,
2020-03,2020-03-02,2020-05-01,2020-03-02,103,90,3,2,2,0.2271832013679369,-0.050612920611834644,TSLA,0.35035771701517415,-0.05688396055865241,JD,0.10400868572069966,-0.044341880665016875,,,
2020-03,2020-03-02,2020-06-01,2020-03-02,103,90,3,3,2,0.2271832013679369,0.23585637628161737,TSLA,0.35035771701517415,0.20774045142001563,JD,0.10400868572069966,0.2639723011432191,,,
2020-03,2020-03-02,2020-04-01,2020-03-02,103,90,3,1,3,0.1846967828381816,-0.17609631694217232,TSLA,0.35035771701517415,-0.35241120487373445,JD,0.10400868572069966,-0.05519631084111731,NVDA,0.0997239457786711,-0.12068143511166518
2020-03,2020-03-02,2020-05-01,2020-03-02,103,90,3,2,3,0.1846967828381816,-0.026084848564187284,TSLA,0.35035771701517415,-0.05688396055865241,JD,0.10400868572069966,-0.044341880665016875,NVDA,0.0997239457786711,0.02297129553110744
2020-03,2020-03-02,2020-06-01,2020-03-02,103,90,3,3,3,0.1846967828381816,0.2486651649749317,TSLA,0.35035771701517415,0.20774045142001563,JD,0.10400868572069966,0.2639723011432191,NVDA,0.0997239457786711,0.27428274236156036
2020-04,2020-04-01,2020-05-01,2020-04-01,103,90,3,1,1,0.1379350510798213,0.45635015080435526,TSLA,0.1379350510798213,0.45635015080435526,,,,,,
2020-04,2020-04-01,2020-06-01,2020-04-01,103,90,3,2,1,0.1379350510798213,0.864980463697697,TSLA,0.1379350510798213,0.864980463697697,,,,,,
2020-04,2020-04-01,2020-07-01,2020-04-01,103,90,3,3,1,0.1379350510798213,1.325006169890199,TSLA,0.1379350510798213,1.325006169890199,,,,,,
2020-04,2020-04-01,2020-05-01,2020-04-01,103,90,3,1,2,0.12642356245889175,0.25721970399428407,TSLA,0.1379350510798213,0.45635015080435526,REGN,0.1149120738379622,0.05808925718421287,,,
2020-04,2020-04-01,2020-06-01,2020-04-01,103,90,3,2,2,0.12642356245889175,0.5360038218396226,TSLA,0.1379350510798213,0.864980463697697,REGN,0.1149120738379622,0.20702717998154818,,,
2020-04,2020-04-01,2020-07-01,2020-04-01,103,90,3,3,2,0.12642356245889175,0.7757820365646355,TSLA,0.1379350510798213,1.325006169890199,REGN,0.1149120738379622,0.2265579032390721,,,
2020-04,2020-04-01,2020-05-01,2020-04-01,103,90,3,1,3,0.09807976947787721,0.20568203850898348,TSLA,0.1379350510798213,0.45635015080435526,REGN,0.1149120738379622,0.05808925718421287,GILD,0.041392183515848134,0.1026067075383823
2020-04,2020-04-01,2020-06-01,2020-04-01,103,90,3,2,3,0.09807976947787721,0.3695181162603444,TSLA,0.1379350510798213,0.864980463697697,REGN,0.1149120738379622,0.20702717998154818,GILD,0.041392183515848134,0.036546705101788035
2020-04,2020-04-01,2020-07-01,2020-04-01,103,90,3,3,3,0.09807976947787721,0.5366200972216251,TSLA,0.1379350510798213,1.325006169890199,REGN,0.1149120738379622,0.2265579032390721,GILD,0.041392183515848134,0.05829621853560418
2020-05,2020-05-01,2020-06-01,2020-05-01,103,90,3,1,1,0.1709744589328328,0.4733689195552575,ZM,0.1709744589328328,0.4733689195552575,,,,,,
2020-05,2020-05-01,2020-07-01,2020-05-01,103,90,3,2,1,0.1709744589328328,0.8701646178452951,ZM,0.1709744589328328,0.8701646178452951,,,,,,
2020-05,2020-05-01,2020-08-03,2020-05-01,103,90,3,3,1,0.1709744589328328,0.9341801726480916,ZM,0.1709744589328328,0.9341801726480916,,,,,,
2020-05,2020-05-01,2020-06-01,2020-05-01,103,90,3,1,2,0.16701256555265753,0.3070650641482321,ZM,0.1709744589328328,0.4733689195552575,REGN,0.16305067217248226,0.14076120874120668,,,
2020-05,2020-05-01,2020-07-01,2020-05-01,103,90,3,2,2,0.16701256555265753,0.5146921551199277,ZM,0.1709744589328328,0.8701646178452951,REGN,0.16305067217248226,0.15921969239456035,,,
2020-05,2020-05-01,2020-08-03,2020-05-01,103,90,3,3,2,0.16701256555265753,0.5809626383954167,ZM,0.1709744589328328,0.9341801726480916,REGN,0.16305067217248226,0.22774510414274185,,,
2020-05,2020-05-01,2020-06-01,2020-05-01,103,90,3,1,3,0.1599231405512275,0.2409988149109948,ZM,0.1709744589328328,0.4733689195552575,REGN,0.16305067217248226,0.14076120874120668,DXCM,0.14574429054836746,0.10886631643652023
2020-05,2020-05-01,2020-07-01,2020-05-01,103,90,3,2,3,0.1599231405512275,0.40041123405414564,ZM,0.1709744589328328,0.8701646178452951,REGN,0.16305067217248226,0.15921969239456035,DXCM,0.14574429054836746,0.17184939192258142
2020-05,2020-05-01,2020-08-03,2020-05-01,103,90,3,3,3,0.1599231405512275,0.48700978784036425,ZM,0.1709744589328328,0.9341801726480916,REGN,0.16305067217248226,0.22774510414274185,DXCM,0.14574429054836746,0.29910408673025923
2020-06,2020-06-01,2020-07-01,2020-06-01,103,90,3,1,1,0.23198869424798238,0.26931184242016726,ZM,0.23198869424798238,0.26931184242016726,,,,,,
2020-06,2020-06-01,2020-08-03,2020-06-01,103,90,3,2,1,0.23198869424798238,0.3127602645723868,ZM,0.23198869424798238,0.3127602645723868,,,,,,
2020-06,2020-06-01,2020-09-01,2020-06-01,103,90,3,3,1,0.23198869424798238,1.2419300324519287,ZM,0.23198869424798238,1.2419300324519287,,,,,,
2020-06,2020-06-01,2020-07-01,2020-06-01,103,90,3,1,2,0.19003579240413312,0.21347546133931705,ZM,0.23198869424798238,0.26931184242016726,MELI,0.14808289056028387,0.15763908025846685,,,
2020-06,2020-06-01,2020-08-03,2020-06-01,103,90,3,2,2,0.19003579240413312,0.35099436990317867,ZM,0.23198869424798238,0.3127602645723868,MELI,0.14808289056028387,0.38922847523397053,,,
2020-06,2020-06-01,2020-09-01,2020-06-01,103,90,3,3,2,0.19003579240413312,0.8372833659570844,ZM,0.23198869424798238,1.2419300324519287,MELI,0.14808289056028387,0.43263669946224015,,,
2020-06,2020-06-01,2020-07-01,2020-06-01,103,90,3,1,3,0.17233340976851355,0.19171405060962687,ZM,0.23198869424798238,0.26931184242016726,MELI,0.14808289056028387,0.15763908025846685,PYPL,0.1369286444972745,0.14819122915024652
2020-06,2020-06-01,2020-08-03,2020-06-01,103,90,3,2,3,0.17233340976851355,0.32575835950628,ZM,0.23198869424798238,0.3127602645723868,MELI,0.14808289056028387,0.38922847523397053,PYPL,0.1369286444972745,0.27528633871248265
2020-06,2020-06-01,2020-09-01,2020-06-01,103,90,3,3,3,0.17233340976851355,0.6755339167115902,ZM,0.23198869424798238,1.2419300324519287,MELI,0.14808289056028387,0.43263669946224015,PYPL,0.1369286444972745,0.35203501822060157
2020-07,2020-07-01,2020-08-03,2020-07-01,103,90,3,1,1,0.32786684057428556,0.3263310504364707,TSLA,0.32786684057428556,0.3263310504364707,,,,,,
2020-07,2020-07-01,2020-09-01,2020-07-01,103,90,3,2,1,0.32786684057428556,1.1214598983019939,TSLA,0.32786684057428556,1.1214598983019939,,,,,,
2020-07,2020-07-01,2020-10-01,2020-07-01,103,90,3,3,1,0.32786684057428556,1.0013755847103831,TSLA,0.32786684057428556,1.0013755847103831,,,,,,
2020-07,2020-07-01,2020-08-03,2020-07-01,103,90,3,1,2,0.314802725612479,0.26319212198956965,TSLA,0.32786684057428556,0.3263310504364707,MELI,0.30173861065067253,0.2000531935426686,,,
2020-07,2020-07-01,2020-09-01,2020-07-01,103,90,3,2,2,0.314802725612479,0.6795051459689786,TSLA,0.32786684057428556,1.1214598983019939,MELI,0.30173861065067253,0.2375503936359633,,,
2020-07,2020-07-01,2020-10-01,2020-07-01,103,90,3,3,2,0.314802725612479,0.57140434735248,TSLA,0.32786684057428556,1.0013755847103831,MELI,0.30173861065067253,0.14143310999457692,,,
2020-07,2020-07-01,2020-08-03,2020-07-01,103,90,3,1,3,0.294518946949813,0.2636002730455198,TSLA,0.32786684057428556,0.3263310504364707,MELI,0.30173861065067253,0.2000531935426686,DOCU,0.253951389624481,0.2644165751574201
2020-07,2020-07-01,2020-09-01,2020-07-01,103,90,3,2,3,0.294518946949813,0.6203405966954997,TSLA,0.32786684057428556,1.1214598983019939,MELI,0.30173861065067253,0.2375503936359633,DOCU,0.253951389624481,0.5020114981485417
2020-07,2020-07-01,2020-10-01,2020-07-01,103,90,3,3,3,0.294518946949813,0.46158737552698037,TSLA,0.32786684057428556,1.0013755847103831,MELI,0.30173861065067253,0.14143310999457692,DOCU,0.253951389624481,0.24195343187598106
2020-08,2020-08-03,2020-09-01,2020-08-03,103,90,3,1,1,0.3007176749487594,0.187908738037178,DOCU,0.3007176749487594,0.187908738037178,,,,,,
2020-08,2020-08-03,2020-10-01,2020-08-03,103,90,3,2,1,0.3007176749487594,-0.017765619118558673,DOCU,0.3007176749487594,-0.017765619118558673,,,,,,
2020-08,2020-08-03,2020-11-02,2020-08-03,103,90,3,3,1,0.3007176749487594,-0.10924518894316382,DOCU,0.3007176749487594,-0.10924518894316382,,,,,,
2020-08,2020-08-03,2020-09-01,2020-08-03,103,90,3,1,2,0.2926224077002084,0.3937018745919002,DOCU,0.3007176749487594,0.187908738037178,TSLA,0.2845271404516574,0.5994950111466224,,,
2020-08,2020-08-03,2020-10-01,2020-08-03,103,90,3,2,2,0.2926224077002084,0.24559533677219947,DOCU,0.3007176749487594,-0.017765619118558673,TSLA,0.2845271404516574,0.5089562926629576,,,
2020-08,2020-08-03,2020-11-02,2020-08-03,103,90,3,3,2,0.2926224077002084,0.11963662985172929,DOCU,0.3007176749487594,-0.10924518894316382,TSLA,0.2845271404516574,0.3485184486466224,,,
2020-08,2020-08-03,2020-09-01,2020-08-03,103,90,3,1,3,0.28140501243257193,0.49840075525207067,DOCU,0.3007176749487594,0.187908738037178,TSLA,0.2845271404516574,0.5994950111466224,ZM,0.25897022189729885,0.7077985165724117
2020-08,2020-08-03,2020-10-01,2020-08-03,103,90,3,2,3,0.28140501243257193,0.43113070988093766,DOCU,0.3007176749487594,-0.017765619118558673,TSLA,0.2845271404516574,0.5089562926629576,ZM,0.25897022189729885,0.8022014560984141
2020-08,2020-08-03,2020-11-02,2020-08-03,103,90,3,3,3,0.28140501243257193,0.3098572557220484,DOCU,0.3007176749487594,-0.10924518894316382,TSLA,0.2845271404516574,0.3485184486466224,ZM,0.25897022189729885,0.6902985074626866
2020-09,2020-09-01,2020-10-01,2020-09-01,103,90,3,1,1,0.3908304075013624,-0.05660456447360884,TSLA,0.3908304075013624,-0.05660456447360884,,,,,,
2020-09,2020-09-01,2020-11-02,2020-09-01,103,90,3,2,1,0.3908304075013624,-0.15690987514870935,TSLA,0.3908304075013624,-0.15690987514870935,,,,,,
2020-09,2020-09-01,2020-12-01,2020-09-01,103,90,3,3,1,0.3908304075013624,0.2309440521367796,TSLA,0.3908304075013624,0.2309440521367796,,,,,,
2020-09,2020-09-01,2020-10-01,2020-09-01,103,90,3,1,2,0.36397191420218966,-0.0006635009022617488,TSLA,0.3908304075013624,-0.05660456447360884,ZM,0.3371134209030169,0.055277562669085345,,,
2020-09,2020-09-01,2020-11-02,2020-09-01,103,90,3,2,2,0.36397191420218966,-0.08357849545893697,TSLA,0.3908304075013624,-0.15690987514870935,ZM,0.3371134209030169,-0.010247115769164594,,,
2020-09,2020-09-01,2020-12-01,2020-09-01,103,90,3,3,2,0.36397191420218966,0.05934232626203423,TSLA,0.3908304075013624,0.2309440521367796,ZM,0.3371134209030169,-0.11225939961271114,,,
2020-09,2020-09-01,2020-10-01,2020-09-01,103,90,3,1,3,0.3168613934486351,-0.05815562188084378,TSLA,0.3908304075013624,-0.05660456447360884,ZM,0.3371134209030169,0.055277562669085345,DOCU,0.2226403519415261,-0.17313986383800783
2020-09,2020-09-01,2020-11-02,2020-09-01,103,90,3,2,3,0.3168613934486351,-0.1391019251570853,TSLA,0.3908304075013624,-0.15690987514870935,ZM,0.3371134209030169,-0.010247115769164594,DOCU,0.2226403519415261,-0.25014878455338196
2020-09,2020-09-01,2020-12-01,2020-09-01,103,90,3,3,3,0.3168613934486351,-0.02627424217709662,TSLA,0.3908304075013624,0.2309440521367796,ZM,0.3371134209030169,-0.11225939961271114,DOCU,0.2226403519415261,-0.1975073790553583
2020-10,2020-10-01,2020-11-02,2020-10-01,103,90,3,1,1,0.28974049903649474,-0.106323718451248,TSLA,0.28974049903649474,-0.106323718451248,,,,,,
2020-10,2020-10-01,2020-12-01,2020-10-01,103,90,3,2,1,0.28974049903649474,0.3048017891351611,TSLA,0.28974049903649474,0.3048017891351611,,,,,,
2020-10,2020-10-01,2021-01-04,2020-10-01,103,90,3,3,1,0.28974049903649474,0.6283692731663943,TSLA,0.28974049903649474,0.6283692731663943,,,,,,
2020-10,2020-10-01,2020-11-02,2020-10-01,103,90,3,1,2,0.27775458001124215,-0.08420804117633285,TSLA,0.28974049903649474,-0.106323718451248,ZM,0.26576866098598956,-0.0620923639014177,,,
2020-10,2020-10-01,2020-12-01,2020-10-01,103,90,3,2,2,0.27775458001124215,0.07302037506802361,TSLA,0.28974049903649474,0.3048017891351611,ZM,0.26576866098598956,-0.15876103899911387,,,
2020-10,2020-10-01,2021-01-04,2020-10-01,103,90,3,3,2,0.27775458001124215,0.1868424744937145,TSLA,0.28974049903649474,0.6283692731663943,ZM,0.26576866098598956,-0.25468432417896536,,,
2020-10,2020-10-01,2020-11-02,2020-10-01,103,90,3,1,3,0.25012346995021284,-0.09604757772598489,TSLA,0.28974049903649474,-0.106323718451248,ZM,0.26576866098598956,-0.0620923639014177,AMD,0.19486124982815425,-0.119726650825289
2020-10,2020-10-01,2020-12-01,2020-10-01,103,90,3,2,3,0.25012346995021284,0.07920109452323836,TSLA,0.28974049903649474,0.3048017891351611,ZM,0.26576866098598956,-0.15876103899911387,AMD,0.19486124982815425,0.09156253343366783
2020-10,2020-10-01,2021-01-04,2020-10-01,103,90,3,3,3,0.25012346995021284,0.153786264274364,TSLA,0.28974049903649474,0.6283692731663943,ZM,0.26576866098598956,-0.25468432417896536,AMD,0.19486124982815425,0.08767384383566301
2020-11,2020-11-02,2020-12-01,2020-11-02,103,90,3,1,1,0.2336612384466931,-0.10306843806049948,ZM,0.2336612384466931,-0.10306843806049948,,,,,,
2020-11,2020-11-02,2021-01-04,2020-11-02,103,90,3,2,1,0.2336612384466931,-0.20534213910302845,ZM,0.2336612384466931,-0.20534213910302845,,,,,,
2020-11,2020-11-02,2021-02-01,2020-11-02,103,90,3,3,1,0.2336612384466931,-0.15688743338679623,ZM,0.2336612384466931,-0.15688743338679623,,,,,,
2020-11,2020-11-02,2020-12-01,2020-11-02,103,90,3,1,2,0.20785837153402936,-0.006097516909742751,ZM,0.2336612384466931,-0.10306843806049948,ALGN,0.18205550462136566,0.09087340424101398,,,
2020-11,2020-11-02,2021-01-04,2020-11-02,103,90,3,2,2,0.20785837153402936,-0.028484677472930653,ZM,0.2336612384466931,-0.20534213910302845,ALGN,0.18205550462136566,0.14837278415716715,,,
2020-11,2020-11-02,2021-02-01,2020-11-02,103,90,3,3,2,0.20785837153402936,0.01383660886826199,ZM,0.2336612384466931,-0.15688743338679623,ALGN,0.18205550462136566,0.1845606511233202,,,
2020-11,2020-11-02,2020-12-01,2020-11-02,103,90,3,1,3,0.18707966193621575,0.14928115969675712,ZM,0.2336612384466931,-0.10306843806049948,ALGN,0.18205550462136566,0.09087340424101398,TSLA,0.14552224274058853,0.46003851290975684
2020-11,2020-11-02,2021-01-04,2020-11-02,103,90,3,2,3,0.18707966193621575,0.2550441901036743,ZM,0.2336612384466931,-0.20534213910302845,ALGN,0.18205550462136566,0.14837278415716715,TSLA,0.14552224274058853,0.8221019252568842
2020-11,2020-11-02,2021-02-01,2020-11-02,103,90,3,3,3,0.18707966193621575,0.37484163693423805,ZM,0.2336612384466931,-0.15688743338679623,ALGN,0.18205550462136566,0.1845606511233202,TSLA,0.14552224274058853,1.0968516930661902
2020-12,2020-12-01,2021-01-04,2020-12-01,103,90,3,1,1,0.38848344810719504,-0.20764479320990892,MRNA,0.38848344810719504,-0.20764479320990892,,,,,,
2020-12,2020-12-01,2021-02-01,2020-12-01,103,90,3,2,1,0.38848344810719504,0.11680024014116741,MRNA,0.38848344810719504,0.11680024014116741,,,,,,
2020-12,2020-12-01,2021-03-01,2020-12-01,103,90,3,3,1,0.38848344810719504,0.11623289148382931,MRNA,0.38848344810719504,0.11623289148382931,,,,,,
2020-12,2020-12-01,2021-01-04,2020-12-01,103,90,3,1,2,0.2899345731055015,-0.07746765200644673,MRNA,0.38848344810719504,-0.20764479320990892,ALGN,0.191385698103808,0.05270948919701546,,,
2020-12,2020-12-01,2021-02-01,2020-12-01,103,90,3,2,2,0.2899345731055015,0.10134151295727256,MRNA,0.38848344810719504,0.11680024014116741,ALGN,0.191385698103808,0.08588278577337771,,,
2020-12,2020-12-01,2021-03-01,2020-12-01,103,90,3,3,2,0.2899345731055015,0.12311342480072962,MRNA,0.38848344810719504,0.11623289148382931,ALGN,0.191385698103808,0.12999395811762993,,,
2020-12,2020-12-01,2021-01-04,2020-12-01,103,90,3,1,3,0.25283752400282306,0.022179435989912604,MRNA,0.38848344810719504,-0.20764479320990892,ALGN,0.191385698103808,0.05270948919701546,PDD,0.1786434257974661,0.22147361198263127
2020-12,2020-12-01,2021-02-01,2020-12-01,103,90,3,2,3,0.25283752400282306,0.15891400719228085,MRNA,0.38848344810719504,0.11680024014116741,ALGN,0.191385698103808,0.08588278577337771,PDD,0.1786434257974661,0.2740589956622974
2020-12,2020-12-01,2021-03-01,2020-12-01,103,90,3,3,3,0.25283752400282306,0.20318787435752572,MRNA,0.38848344810719504,0.11623289148382931,ALGN,0.191385698103808,0.12999395811762993,PDD,0.1786434257974661,0.3633367734711179
2021-01,2021-01-04,2021-02-01,2021-01-04,102,90,3,1,1,0.31423824987366356,0.04305077339682528,PDD,0.31423824987366356,0.04305077339682528,,,,,,
2021-01,2021-01-04,2021-03-01,2021-01-04,102,90,3,2,1,0.31423824987366356,0.11614099567670699,PDD,0.31423824987366356,0.11614099567670699,,,,,,
2021-01,2021-01-04,2021-04-01,2021-01-04,102,90,3,3,1,0.31423824987366356,-0.13700687295095537,PDD,0.31423824987366356,-0.13700687295095537,,,,,,
2021-01,2021-01-04,2021-02-01,2021-01-04,102,90,3,1,2,0.29909177280896093,0.22625997452641156,PDD,0.31423824987366356,0.04305077339682528,MRNA,0.28394529574425825,0.40946917565599783,,,
2021-01,2021-01-04,2021-03-01,2021-01-04,102,90,3,2,2,0.29909177280896093,0.2624470715759065,PDD,0.31423824987366356,0.11614099567670699,MRNA,0.28394529574425825,0.40875314747510605,,,
2021-01,2021-01-04,2021-04-01,2021-01-04,102,90,3,3,2,0.29909177280896093,0.024667596681625492,PDD,0.31423824987366356,-0.13700687295095537,MRNA,0.28394529574425825,0.18634206631420636,,,
2021-01,2021-01-04,2021-02-01,2021-01-04,102,90,3,1,3,0.27185337228422635,0.18941623760665208,PDD,0.31423824987366356,0.04305077339682528,MRNA,0.28394529574425825,0.40946917565599783,BIDU,0.2173765712347572,0.11572876376713315
2021-01,2021-01-04,2021-03-01,2021-01-04,102,90,3,2,3,0.27185337228422635,0.29609014859607075,PDD,0.31423824987366356,0.11614099567670699,MRNA,0.28394529574425825,0.40875314747510605,BIDU,0.2173765712347572,0.3633763026363992
2021-01,2021-01-04,2021-04-01,2021-01-04,102,90,3,3,3,0.27185337228422635,0.020903849595350226,PDD,0.31423824987366356,-0.13700687295095537,MRNA,0.28394529574425825,0.18634206631420636,BIDU,0.2173765712347572,0.01337635542279969
2021-02,2021-02-01,2021-03-01,2021-02-01,102,90,3,1,1,0.43433381776355356,-0.0005080126570050636,MRNA,0.43433381776355356,-0.0005080126570050636,,,,,,
2021-02,2021-02-01,2021-04-01,2021-02-01,102,90,3,2,1,0.43433381776355356,-0.1583057743976155,MRNA,0.43433381776355356,-0.1583057743976155,,,,,,
2021-02,2021-02-01,2021-05-03,2021-02-01,102,90,3,3,1,0.43433381776355356,0.1812294216358743,MRNA,0.43433381776355356,0.1812294216358743,,,,,,
2021-02,2021-02-01,2021-03-01,2021-02-01,102,90,3,1,2,0.36030155490284893,-0.07252036186349042,MRNA,0.43433381776355356,-0.0005080126570050636,TSLA,0.2862692920421443,-0.14453271106997578,,,
2021-02,2021-02-01,2021-04-01,2021-02-01,102,90,3,2,2,0.36030155490284893,-0.18516498361474304,MRNA,0.43433381776355356,-0.1583057743976155,TSLA,0.2862692920421443,-0.21202419283187057,,,
2021-02,2021-02-01,2021-05-03,2021-02-01,102,90,3,3,2,0.36030155490284893,-0.0016144920624837633,MRNA,0.43433381776355356,0.1812294216358743,TSLA,0.2862692920421443,-0.18445840576084183,,,
2021-02,2021-02-01,2021-03-01,2021-02-01,102,90,3,1,3,0.3240688400671862,-0.024989073326037763,MRNA,0.43433381776355356,-0.0005080126570050636,TSLA,0.2862692920421443,-0.14453271106997578,PDD,0.2516034103958607,0.07007350374886756
2021-02,2021-02-01,2021-04-01,2021-02-01,102,90,3,2,3,0.3240688400671862,-0.1809853107579128,MRNA,0.43433381776355356,-0.1583057743976155,TSLA,0.2862692920421443,-0.21202419283187057,PDD,0.2516034103958607,-0.17262596504425232
2021-02,2021-02-01,2021-05-03,2021-02-01,102,90,3,3,3,0.3240688400671862,-0.07873788332995553,MRNA,0.43433381776355356,0.1812294216358743,TSLA,0.2862692920421443,-0.18445840576084183,PDD,0.2516034103958607,-0.23298466586489908
2021-03,2021-03-01,2021-04-01,2021-03-01,102,90,3,1,1,0.29446334338278524,-0.2567155865455448,BIDU,0.29446334338278524,-0.2567155865455448,,,,,,
2021-03,2021-03-01,2021-05-03,2021-03-01,102,90,3,2,1,0.29446334338278524,-0.3066512898318271,BIDU,0.29446334338278524,-0.3066512898318271,,,,,,
2021-03,2021-03-01,2021-06-01,2021-03-01,102,90,3,3,1,0.29446334338278524,-0.3172067917565986,BIDU,0.29446334338278524,-0.3172067917565986,,,,,,
2021-03,2021-03-01,2021-04-01,2021-03-01,102,90,3,1,2,0.21491576480707814,-0.049543798865026134,BIDU,0.29446334338278524,-0.2567155865455448,AMAT,0.135368186231371,0.15762798881549256,,,
2021-03,2021-03-01,2021-05-03,2021-03-01,102,90,3,2,2,0.21491576480707814,-0.10997190500238557,BIDU,0.29446334338278524,-0.3066512898318271,AMAT,0.135368186231371,0.08670747982705596,,,
2021-03,2021-03-01,2021-06-01,2021-03-01,102,90,3,3,2,0.21491576480707814,-0.09233890975759163,BIDU,0.29446334338278524,-0.3172067917565986,AMAT,0.135368186231371,0.13252897224141535,,,
2021-03,2021-03-01,2021-04-01,2021-03-01,102,90,3,1,3,0.1841917495935986,-0.04129561519672605,BIDU,0.29446334338278524,-0.2567155865455448,AMAT,0.135368186231371,0.15762798881549256,MU,0.12274371916663955,-0.024799247860125884
2021-03,2021-03-01,2021-05-03,2021-03-01,102,90,3,2,3,0.1841917495935986,-0.1075765605790822,BIDU,0.29446334338278524,-0.3066512898318271,AMAT,0.135368186231371,0.08670747982705596,MU,0.12274371916663955,-0.10278587173247544
2021-03,2021-03-01,2021-06-01,2021-03-01,102,90,3,3,3,0.1841917495935986,-0.09888160810245834,BIDU,0.29446334338278524,-0.3172067917565986,AMAT,0.135368186231371,0.13252897224141535,MU,0.12274371916663955,-0.1119670047921918
2021-04,2021-04-01,2021-05-03,2021-04-01,102,90,3,1,1,0.17762651805319196,-0.061263643997588435,AMAT,0.17762651805319196,-0.061263643997588435,,,,,,
2021-04,2021-04-01,2021-06-01,2021-04-01,102,90,3,2,1,0.17762651805319196,-0.021681418224656857,AMAT,0.17762651805319196,-0.021681418224656857,,,,,,
2021-04,2021-04-01,2021-07-01,2021-04-01,102,90,3,3,1,0.17762651805319196,-0.023522045461158214,AMAT,0.17762651805319196,-0.023522045461158214,,,,,,
2021-04,2021-04-01,2021-05-03,2021-04-01,102,90,3,1,2,0.14104346032557039,-0.04788513747782236,AMAT,0.17762651805319196,-0.061263643997588435,LRCX,0.10446040259794882,-0.034506630958056284,,,
2021-04,2021-04-01,2021-06-01,2021-04-01,102,90,3,2,2,0.14104346032557039,-0.003222911460378064,AMAT,0.17762651805319196,-0.021681418224656857,LRCX,0.10446040259794882,0.015235595303900729,,,
2021-04,2021-04-01,2021-07-01,2021-04-01,102,90,3,3,2,0.14104346032557039,-0.01564167336691613,AMAT,0.17762651805319196,-0.023522045461158214,LRCX,0.10446040259794882,-0.007761301272674048,,,
2021-04,2021-04-01,2021-05-03,2021-04-01,102,90,3,1,3,0.12813055485102212,-0.012722899898730877,AMAT,0.17762651805319196,-0.061263643997588435,LRCX,0.10446040259794882,-0.034506630958056284,CDW,0.10230474390192563,0.05760157525945209
2021-04,2021-04-01,2021-06-01,2021-04-01,102,90,3,2,3,0.12813055485102212,-0.01233720613228173,AMAT,0.17762651805319196,-0.021681418224656857,LRCX,0.10446040259794882,0.015235595303900729,CDW,0.10230474390192563,-0.030565795476089064
2021-04,2021-04-01,2021-07-01,2021-04-01,102,90,3,3,3,0.12813055485102212,0.0029091134928428777,AMAT,0.17762651805319196,-0.023522045461158214,LRCX,0.10446040259794882,-0.007761301272674048,CDW,0.10230474390192563,0.040010687212360896
2021-05,2021-05-03,2021-06-01,2021-05-03,102,90,3,1,1,0.10218049752096332,0.04216543390467109,AMAT,0.10218049752096332,0.04216543390467109,,,,,,
2021-05,2021-05-03,2021-07-01,2021-05-03,102,90,3,2,1,0.10218049752096332,0.040204683983000145,AMAT,0.10218049752096332,0.040204683983000145,,,,,,
2021-05,2021-05-03,2021-08-02,2021-05-03,102,90,3,3,1,0.10218049752096332,0.07081922128398177,AMAT,0.10218049752096332,0.07081922128398177,,,,,,
2021-05,2021-05-03,2021-06-01,2021-05-03,102,90,3,1,2,0.09742534511764603,-0.020599979442056604,AMAT,0.10218049752096332,0.04216543390467109,CDW,0.09267019271432875,-0.0833653927887843,,,
2021-05,2021-05-03,2021-07-01,2021-05-03,102,90,3,2,2,0.09742534511764603,0.011785936050644819,AMAT,0.10218049752096332,0.040204683983000145,CDW,0.09267019271432875,-0.016632811881710508,,,
2021-05,2021-05-03,2021-08-02,2021-05-03,102,90,3,3,2,0.09742534511764603,0.04910431082929134,AMAT,0.10218049752096332,0.07081922128398177,CDW,0.09267019271432875,0.027389400374600914,,,
2021-05,2021-05-03,2021-06-01,2021-05-03,102,90,3,1,3,0.09425313179371649,-0.02203915409779596,AMAT,0.10218049752096332,0.04216543390467109,CDW,0.09267019271432875,-0.0833653927887843,MAR,0.08790870514585743,-0.024917503409274677
2021-05,2021-05-03,2021-07-01,2021-05-03,102,90,3,2,3,0.09425313179371649,-0.013746915445354557,AMAT,0.10218049752096332,0.040204683983000145,CDW,0.09267019271432875,-0.016632811881710508,MAR,0.08790870514585743,-0.06481261843735331
2021-05,2021-05-03,2021-08-02,2021-05-03,102,90,3,3,3,0.09425313179371649,0.02373638477868038,AMAT,0.10218049752096332,0.07081922128398177,CDW,0.09267019271432875,0.027389400374600914,MAR,0.08790870514585743,-0.026999467322541548
2021-06,2021-06-01,2021-07-01,2021-06-01,102,90,3,1,1,0.07940197818112509,0.27320478689340644,MRNA,0.07940197818112509,0.27320478689340644,,,,,,
2021-06,2021-06-01,2021-08-02,2021-06-01,102,90,3,2,1,0.07940197818112509,0.8770171042874506,MRNA,0.07940197818112509,0.8770171042874506,,,,,,
2021-06,2021-06-01,2021-09-01,2021-06-01,102,90,3,3,1,0.07940197818112509,1.1116646523787472,MRNA,0.07940197818112509,1.1116646523787472,,,,,,
2021-06,2021-06-01,2021-07-01,2021-06-01,102,90,3,1,2,0.07766731885585623,0.17497627692488094,MRNA,0.07940197818112509,0.27320478689340644,META,0.07593265953058737,0.07674776695635543,,,
2021-06,2021-06-01,2021-08-02,2021-06-01,102,90,3,2,2,0.07766731885585623,0.47317571282167525,MRNA,0.07940197818112509,0.8770171042874506,META,0.07593265953058737,0.0693343213558999,,,
2021-06,2021-06-01,2021-09-01,2021-06-01,102,90,3,3,2,0.07766731885585623,0.6362261566524522,MRNA,0.07940197818112509,1.1116646523787472,META,0.07593265953058737,0.16078766092615715,,,
2021-06,2021-06-01,2021-07-01,2021-06-01,102,90,3,1,3,0.07323440178534087,0.0911093591958797,MRNA,0.07940197818112509,0.27320478689340644,META,0.07593265953058737,0.07674776695635543,KHC,0.06436856764431013,-0.07662447626212276
2021-06,2021-06-01,2021-08-02,2021-06-01,102,90,3,2,3,0.07323440178534087,0.2753896889354352,MRNA,0.07940197818112509,0.8770171042874506,META,0.07593265953058737,0.0693343213558999,KHC,0.06436856764431013,-0.12018235883704487
2021-06,2021-06-01,2021-09-01,2021-06-01,102,90,3,3,3,0.07323440178534087,0.36831083617625,MRNA,0.07940197818112509,1.1116646523787472,META,0.07593265953058737,0.16078766092615715,KHC,0.06436856764431013,-0.16751980477615425
2021-07,2021-07-01,2021-08-02,2021-07-01,102,90,3,1,1,0.22309622906075102,0.47424603143955624,MRNA,0.22309622906075102,0.47424603143955624,,,,,,
2021-07,2021-07-01,2021-09-01,2021-07-01,102,90,3,2,1,0.22309622906075102,0.6585428158271109,MRNA,0.22309622906075102,0.6585428158271109,,,,,,
2021-07,2021-07-01,2021-10-01,2021-07-01,102,90,3,3,1,0.22309622906075102,0.45076770640301245,MRNA,0.22309622906075102,0.45076770640301245,,,,,,
2021-07,2021-07-01,2021-08-02,2021-07-01,102,90,3,1,2,0.18045376227636883,0.22569417560229116,MRNA,0.22309622906075102,0.47424603143955624,NVDA,0.13781129549198665,-0.02285768023497392,,,
2021-07,2021-07-01,2021-09-01,2021-07-01,102,90,3,2,2,0.18045376227636883,0.38450990121933504,MRNA,0.22309622906075102,0.6585428158271109,NVDA,0.13781129549198665,0.11047698661155914,,,
2021-07,2021-07-01,2021-10-01,2021-07-01,102,90,3,3,2,0.18045376227636883,0.23858539687891422,MRNA,0.22309622906075102,0.45076770640301245,NVDA,0.13781129549198665,0.026403087354816,,,
2021-07,2021-07-01,2021-08-02,2021-07-01,102,90,3,1,3,0.16053436872078267,0.17085187838003113,MRNA,0.22309622906075102,0.47424603143955624,NVDA,0.13781129549198665,-0.02285768023497392,DOCU,0.12069558160961029,0.061167283935511074
2021-07,2021-07-01,2021-09-01,2021-07-01,102,90,3,2,3,0.16053436872078267,0.27927016672648103,MRNA,0.22309622906075102,0.6585428158271109,NVDA,0.13781129549198665,0.11047698661155914,DOCU,0.12069558160961029,0.06879069774077307
2021-07,2021-07-01,2021-10-01,2021-07-01,102,90,3,3,3,0.16053436872078267,0.13470029899709424,MRNA,0.22309622906075102,0.45076770640301245,NVDA,0.13781129549198665,0.026403087354816,DOCU,0.12069558160961029,-0.07306989676654574
2021-08,2021-08-02,2021-09-01,2021-08-02,102,91,3,1,1,0.2467132577987713,0.12501087366509278,MRNA,0.2467132577987713,0.12501087366509278,,,,,,
2021-08,2021-08-02,2021-10-01,2021-08-02,102,91,3,2,1,0.2467132577987713,-0.01592564913579453,MRNA,0.2467132577987713,-0.01592564913579453,,,,,,
2021-08,2021-08-02,2021-11-01,2021-08-02,102,91,3,3,1,0.2467132577987713,-0.027235141290731346,MRNA,0.2467132577987713,-0.027235141290731346,,,,,,
2021-08,2021-08-02,2021-09-01,2021-08-02,102,91,3,1,2,0.18678114494450387,0.06609743119605016,MRNA,0.2467132577987713,0.12501087366509278,DOCU,0.12684903209023649,0.00718398872700754,,,
2021-08,2021-08-02,2021-10-01,2021-08-02,102,91,3,2,2,0.18678114494450387,-0.07121259806459634,MRNA,0.2467132577987713,-0.01592564913579453,DOCU,0.12684903209023649,-0.12649954699339816,,,
2021-08,2021-08-02,2021-11-01,2021-08-02,102,91,3,3,2,0.18678114494450387,-0.04265859791397425,MRNA,0.2467132577987713,-0.027235141290731346,DOCU,0.12684903209023649,-0.058082054537217154,,,
2021-08,2021-08-02,2021-09-01,2021-08-02,102,91,3,1,3,0.16573194378150227,0.09482241758104719,MRNA,0.2467132577987713,0.12501087366509278,DOCU,0.12684903209023649,0.00718398872700754,TEAM,0.12363354145549905,0.15227239035104123
2021-08,2021-08-02,2021-10-01,2021-08-02,102,91,3,2,3,0.16573194378150227,0.024486430012112814,MRNA,0.2467132577987713,-0.01592564913579453,DOCU,0.12684903209023649,-0.12649954699339816,TEAM,0.12363354145549905,0.21588448616553113
2021-08,2021-08-02,2021-11-01,2021-08-02,102,91,3,3,3,0.16573194378150227,0.10337323284747335,MRNA,0.2467132577987713,-0.027235141290731346,DOCU,0.12684903209023649,-0.058082054537217154,TEAM,0.12363354145549905,0.39543689437036855
2021-09,2021-09-01,2021-10-01,2021-09-01,102,92,3,1,1,0.2908205639993518,-0.12527569830657748,MRNA,0.2908205639993518,-0.12527569830657748,,,,,,
2021-09,2021-09-01,2021-11-01,2021-09-01,102,92,3,2,1,0.2908205639993518,-0.135328483057086,MRNA,0.2908205639993518,-0.135328483057086,,,,,,
2021-09,2021-09-01,2021-12-01,2021-09-01,102,92,3,3,1,0.2908205639993518,-0.20344159766415404,MRNA,0.2908205639993518,-0.20344159766415404,,,,,,
2021-09,2021-09-01,2021-10-01,2021-09-01,102,92,3,1,2,0.2311636998787441,-0.035034959269278576,MRNA,0.2908205639993518,-0.12527569830657748,TEAM,0.1715068357581364,0.055205779768020324,,,
2021-09,2021-09-01,2021-11-01,2021-09-01,102,92,3,2,2,0.2311636998787441,0.037850958720786365,MRNA,0.2908205639993518,-0.135328483057086,TEAM,0.1715068357581364,0.21103040049865873,,,
2021-09,2021-09-01,2021-12-01,2021-09-01,102,92,3,3,2,0.2311636998787441,-0.12121235153060433,MRNA,0.2908205639993518,-0.20344159766415404,TEAM,0.1715068357581364,-0.03898310539705463,,,
2021-09,2021-09-01,2021-10-01,2021-09-01,102,92,3,1,3,0.20479406387186092,-0.0675999744667668,MRNA,0.2908205639993518,-0.12527569830657748,TEAM,0.1715068357581364,0.055205779768020324,DOCU,0.15205479185809448,-0.13273000486174324
2021-09,2021-09-01,2021-11-01,2021-09-01,102,92,3,2,3,0.20479406387186092,0.0036338001205183934,MRNA,0.2908205639993518,-0.135328483057086,TEAM,0.1715068357581364,0.21103040049865873,DOCU,0.15205479185809448,-0.06480051708001755
2021-09,2021-09-01,2021-12-01,2021-09-01,102,92,3,3,3,0.20479406387186092,-0.15530973454634067,MRNA,0.2908205639993518,-0.20344159766415404,TEAM,0.1715068357581364,-0.03898310539705463,DOCU,0.15205479185809448,-0.22350450057781335
2021-10,2021-10-01,2021-11-01,2021-10-01,102,92,3,1,1,0.15799373559935717,-0.011492517963713755,MRNA,0.15799373559935717,-0.011492517963713755,,,,,,
2021-10,2021-10-01,2021-12-01,2021-10-01,102,92,3,2,1,0.15799373559935717,-0.08936061248813054,MRNA,0.15799373559935717,-0.08936061248813054,,,,,,
2021-10,2021-10-01,2022-01-03,2021-10-01,102,92,3,3,1,0.15799373559935717,-0.31088567364809916,MRNA,0.15799373559935717,-0.31088567364809916,,,,,,
2021-10,2021-10-01,2021-11-01,2021-10-01,102,92,3,1,2,0.15494817583824605,0.06808987029185476,MRNA,0.15799373559935717,-0.011492517963713755,TEAM,0.15190261607713493,0.14767225854742327,,,
2021-10,2021-10-01,2021-12-01,2021-10-01,102,92,3,2,2,0.15494817583824605,-0.08931088303344831,MRNA,0.15799373559935717,-0.08936061248813054,TEAM,0.15190261607713493,-0.08926115357876607,,,
2021-10,2021-10-01,2022-01-03,2021-10-01,102,92,3,3,2,0.15494817583824605,-0.2087292419829846,MRNA,0.15799373559935717,-0.31088567364809916,TEAM,0.15190261607713493,-0.10657281031787003,,,
2021-10,2021-10-01,2021-11-01,2021-10-01,102,92,3,1,3,0.13361159137089143,0.09227887811966085,MRNA,0.15799373559935717,-0.011492517963713755,TEAM,0.15190261607713493,0.14767225854742327,DXCM,0.09093842243618222,0.14065689377527302
2021-10,2021-10-01,2021-12-01,2021-10-01,102,92,3,2,3,0.13361159137089143,-0.060492246731959555,MRNA,0.15799373559935717,-0.08936061248813054,TEAM,0.15190261607713493,-0.08926115357876607,DXCM,0.09093842243618222,-0.0028549741289820574
2021-10,2021-10-01,2022-01-03,2021-10-01,102,92,3,3,3,0.13361159137089143,-0.15680994525909853,MRNA,0.15799373559935717,-0.31088567364809916,TEAM,0.15190261607713493,-0.10657281031787003,DXCM,0.09093842243618222,-0.052971351811326395
2021-11,2021-11-01,2021-12-01,2021-11-01,102,92,3,1,1,0.21648910369243568,-0.09398557354557135,TSLA,0.21648910369243568,-0.09398557354557135,,,,,,
2021-11,2021-11-01,2022-01-03,2021-11-01,102,92,3,2,1,0.21648910369243568,-0.007289509163908914,TSLA,0.21648910369243568,-0.007289509163908914,,,,,,
2021-11,2021-11-01,2022-02-01,2021-11-01,102,92,3,3,1,0.21648910369243568,-0.22947405754673922,TSLA,0.21648910369243568,-0.22947405754673922,,,,,,
2021-11,2021-11-01,2021-12-01,2021-11-01,102,92,3,1,2,0.16743628995729865,-0.15021625077202422,TSLA,0.21648910369243568,-0.09398557354557135,TEAM,0.11838347622216161,-0.20644692799847708,,,
2021-11,2021-11-01,2022-01-03,2021-11-01,102,92,3,2,2,0.16743628995729865,-0.11441029194324098,TSLA,0.21648910369243568,-0.007289509163908914,TEAM,0.11838347622216161,-0.22153107472257305,,,
2021-11,2021-11-01,2022-02-01,2021-11-01,102,92,3,3,2,0.16743628995729865,-0.25277187958340674,TSLA,0.21648910369243568,-0.22947405754673922,TEAM,0.11838347622216161,-0.27606970162007427,,,
2021-11,2021-11-01,2021-12-01,2021-11-01,102,92,3,1,3,0.14561292867415687,-0.027715385530219794,TSLA,0.21648910369243568,-0.09398557354557135,TEAM,0.11838347622216161,-0.20644692799847708,NVDA,0.10196620610787333,0.21728634495338905
2021-11,2021-11-01,2022-01-03,2021-11-01,102,92,3,2,3,0.14561292867415687,-0.020805764119957455,TSLA,0.21648910369243568,-0.007289509163908914,TEAM,0.11838347622216161,-0.22153107472257305,NVDA,0.10196620610787333,0.1664032915266096
2021-11,2021-11-01,2022-02-01,2021-11-01,102,92,3,3,3,0.14561292867415687,-0.18382125128328664,TSLA,0.21648910369243568,-0.22947405754673922,TEAM,0.11838347622216161,-0.27606970162007427,NVDA,0.10196620610787333,-0.04591999468304642
2021-12,2021-12-01,2022-01-03,2021-12-01,102,92,3,1,1,0.17369046033943222,0.09568949660209758,TSLA,0.17369046033943222,0.09568949660209758,,,,,,
2021-12,2021-12-01,2022-02-01,2021-12-01,102,92,3,2,1,0.17369046033943222,-0.14954340686536816,TSLA,0.17369046033943222,-0.14954340686536816,,,,,,
2021-12,2021-12-01,2022-03-01,2021-12-01,102,92,3,3,1,0.17369046033943222,-0.21062103689533396,TSLA,0.17369046033943222,-0.21062103689533396,,,,,,
2021-12,2021-12-01,2022-01-03,2021-12-01,102,92,3,1,2,0.15624616392128737,0.08015995068022297,TSLA,0.17369046033943222,0.09568949660209758,DLTR,0.13880186750314252,0.06463040475834836,,,
2021-12,2021-12-01,2022-02-01,2021-12-01,102,92,3,2,2,0.15624616392128737,-0.06858769395244263,TSLA,0.17369046033943222,-0.14954340686536816,DLTR,0.13880186750314252,0.012368018960482896,,,
2021-12,2021-12-01,2022-03-01,2021-12-01,102,92,3,3,2,0.15624616392128737,-0.07850056262910893,TSLA,0.17369046033943222,-0.21062103689533396,DLTR,0.13880186750314252,0.0536199116371161,,,
2021-12,2021-12-01,2022-01-03,2021-12-01,102,92,3,1,3,0.14713425170448932,0.039506501194696265,TSLA,0.17369046033943222,0.09568949660209758,DLTR,0.13880186750314252,0.06463040475834836,NVDA,0.12891042727089316,-0.041800397776357134
2021-12,2021-12-01,2022-02-01,2021-12-01,102,92,3,2,3,0.14713425170448932,-0.11779974585278834,TSLA,0.17369046033943222,-0.14954340686536816,DLTR,0.13880186750314252,0.012368018960482896,NVDA,0.12891042727089316,-0.21622384965347974
2021-12,2021-12-01,2022-03-01,2021-12-01,102,92,3,3,3,0.14713425170448932,-0.13671951886491795,TSLA,0.17369046033943222,-0.21062103689533396,DLTR,0.13880186750314252,0.0536199116371161,NVDA,0.12891042727089316,-0.253157431336536
2022-01,2022-01-03,2022-02-01,2022-01-03,101,92,3,1,1,0.22821770255144627,-0.2680185315444997,LCID,0.22821770255144627,-0.2680185315444997,,,,,,
2022-01,2022-01-03,2022-03-01,2022-01-03,101,92,3,2,1,0.22821770255144627,-0.38944539127890654,LCID,0.22821770255144627,-0.38944539127890654,,,,,,
2022-01,2022-01-03,2022-04-01,2022-01-03,101,92,3,3,1,0.22821770255144627,-0.40019543776732713,LCID,0.22821770255144627,-0.40019543776732713,,,,,,
2022-01,2022-01-03,2022-02-01,2022-01-03,101,92,3,1,2,0.2075642343941644,-0.24591729456506517,LCID,0.22821770255144627,-0.2680185315444997,TSLA,0.18691076623688255,-0.2238160575856306,,,
2022-01,2022-01-03,2022-03-01,2022-01-03,101,92,3,2,2,0.2075642343941644,-0.33450250298786166,LCID,0.22821770255144627,-0.38944539127890654,TSLA,0.18691076623688255,-0.2795596146968168,,,
2022-01,2022-01-03,2022-04-01,2022-01-03,101,92,3,3,2,0.2075642343941644,-0.248102354132878,LCID,0.22821770255144627,-0.40019543776732713,TSLA,0.18691076623688255,-0.09600927049842889,,,
2022-01,2022-01-03,2022-02-01,2022-01-03,101,92,3,1,3,0.1875991523829028,-0.2271537386355331,LCID,0.22821770255144627,-0.2680185315444997,TSLA,0.18691076623688255,-0.2238160575856306,MRVL,0.14766898836037967,-0.1896266267764689
2022-01,2022-01-03,2022-03-01,2022-01-03,101,92,3,2,3,0.1875991523829028,-0.3140733657783322,LCID,0.22821770255144627,-0.38944539127890654,TSLA,0.18691076623688255,-0.2795596146968168,MRVL,0.14766898836037967,-0.27321509135927335
2022-01,2022-01-03,2022-04-01,2022-01-03,101,92,3,3,3,0.1875991523829028,-0.23364580681305158,LCID,0.22821770255144627,-0.40019543776732713,TSLA,0.18691076623688255,-0.09600927049842889,MRVL,0.14766898836037967,-0.20473271217339872
2022-02,2022-02-01,2022-03-01,2022-02-01,101,92,3,1,1,0.10639985997004013,-0.07587665014133405,QCOM,0.10639985997004013,-0.07587665014133405,,,,,,
2022-02,2022-02-01,2022-04-01,2022-02-01,101,92,3,2,1,0.10639985997004013,-0.16669584815370164,QCOM,0.10639985997004013,-0.16669584815370164,,,,,,
2022-02,2022-02-01,2022-05-02,2022-02-01,101,92,3,3,1,0.10639985997004013,-0.1764468659656987,QCOM,0.10639985997004013,-0.1764468659656987,,,,,,
2022-02,2022-02-01,2022-03-01,2022-02-01,101,92,3,1,2,0.10239503958359264,-0.06840726791350243,QCOM,0.10639985997004013,-0.07587665014133405,VRTX,0.09839021919714515,-0.06093788568567082,,,
2022-02,2022-02-01,2022-04-01,2022-02-01,101,92,3,2,2,0.10239503958359264,-0.04164396346273763,QCOM,0.10639985997004013,-0.16669584815370164,VRTX,0.09839021919714515,0.08340792122822638,,,
2022-02,2022-02-01,2022-05-02,2022-02-01,101,92,3,3,2,0.10239503958359264,-0.05504752410476349,QCOM,0.10639985997004013,-0.1764468659656987,VRTX,0.09839021919714515,0.06635181775617172,,,
2022-02,2022-02-01,2022-03-01,2022-02-01,101,92,3,1,3,0.09189934157397765,-0.03202220473914641,QCOM,0.10639985997004013,-0.07587665014133405,VRTX,0.09839021919714515,-0.06093788568567082,DLTR,0.07090794555474766,0.04074792160956564
2022-02,2022-02-01,2022-04-01,2022-02-01,101,92,3,2,3,0.09189934157397765,0.03478698560129941,QCOM,0.10639985997004013,-0.16669584815370164,VRTX,0.09839021919714515,0.08340792122822638,DLTR,0.07090794555474766,0.1876488837293735
2022-02,2022-02-01,2022-05-02,2022-02-01,101,92,3,3,3,0.09189934157397765,0.03565961195266957,QCOM,0.10639985997004013,-0.1764468659656987,VRTX,0.09839021919714515,0.06635181775617172,DLTR,0.07090794555474766,0.2170738840675357
2022-03,2022-03-01,2022-04-01,2022-03-01,102,94,3,1,1,0.05648334413384004,0.04324637251104879,KHC,0.05648334413384004,0.04324637251104879,,,,,,
2022-03,2022-03-01,2022-05-02,2022-03-01,102,94,3,2,1,0.05648334413384004,0.09680644904776914,KHC,0.05648334413384004,0.09680644904776914,,,,,,
2022-03,2022-03-01,2022-06-01,2022-03-01,102,94,3,3,1,0.05648334413384004,-0.016913166646865374,KHC,0.05648334413384004,-0.016913166646865374,,,,,,
2022-03,2022-03-01,2022-04-01,2022-03-01,102,94,3,1,2,0.054309970278701034,0.04821326944701387,KHC,0.05648334413384004,0.04324637251104879,MAR,0.05213659642356202,0.053180166382978955,,,
2022-03,2022-03-01,2022-05-02,2022-03-01,102,94,3,2,2,0.054309970278701034,0.0885158818374121,KHC,0.05648334413384004,0.09680644904776914,MAR,0.05213659642356202,0.08022531462705507,,,
2022-03,2022-03-01,2022-06-01,2022-03-01,102,94,3,3,2,0.054309970278701034,0.009716437138762801,KHC,0.05648334413384004,-0.016913166646865374,MAR,0.05213659642356202,0.03634604092439098,,,
2022-03,2022-03-01,2022-04-01,2022-03-01,102,94,3,1,3,0.053268944885785485,0.05279790177429522,KHC,0.05648334413384004,0.04324637251104879,MAR,0.05213659642356202,0.053180166382978955,TMUS,0.051186894099954396,0.06196716642885791
2022-03,2022-03-01,2022-05-02,2022-03-01,102,94,3,2,3,0.053268944885785485,0.0678630247224079,KHC,0.05648334413384004,0.09680644904776914,MAR,0.05213659642356202,0.08022531462705507,TMUS,0.051186894099954396,0.02655731049239951
2022-03,2022-03-01,2022-06-01,2022-03-01,102,94,3,3,3,0.053268944885785485,0.0374205648918724,KHC,0.05648334413384004,-0.016913166646865374,MAR,0.05213659642356202,0.03634604092439098,TMUS,0.051186894099954396,0.0928288203980916
2022-04,2022-04-01,2022-05-02,2022-04-01,102,94,3,1,1,0.06557197151197751,-0.01574301160057845,VRTX,0.06557197151197751,-0.01574301160057845,,,,,,
2022-04,2022-04-01,2022-06-01,2022-04-01,102,94,3,2,1,0.06557197151197751,0.012248768891172546,VRTX,0.06557197151197751,0.012248768891172546,,,,,,
2022-04,2022-04-01,2022-07-01,2022-04-01,102,94,3,3,1,0.06557197151197751,0.07954166414885644,VRTX,0.06557197151197751,0.07954166414885644,,,,,,
2022-04,2022-04-01,2022-05-02,2022-04-01,102,94,3,1,2,0.061822173761193255,-0.018467368777926096,VRTX,0.06557197151197751,-0.01574301160057845,EXC,0.05807237601040901,-0.021191725955273744,,,
2022-04,2022-04-01,2022-06-01,2022-04-01,102,94,3,2,2,0.061822173761193255,0.025864538475117937,VRTX,0.06557197151197751,0.012248768891172546,EXC,0.05807237601040901,0.03948030805906333,,,
2022-04,2022-04-01,2022-07-01,2022-04-01,102,94,3,3,2,0.061822173761193255,0.026545189715007522,VRTX,0.06557197151197751,0.07954166414885644,EXC,0.05807237601040901,-0.026451284718841395,,,
2022-04,2022-04-01,2022-05-02,2022-04-01,102,94,3,1,3,0.05892734189560131,-0.014207512585810211,VRTX,0.06557197151197751,-0.01574301160057845,EXC,0.05807237601040901,-0.021191725955273744,AZN,0.053137678164417425,-0.005687800201578441
2022-04,2022-04-01,2022-06-01,2022-04-01,102,94,3,2,3,0.05892734189560131,0.013800473816745576,VRTX,0.06557197151197751,0.012248768891172546,EXC,0.05807237601040901,0.03948030805906333,AZN,0.053137678164417425,-0.010327655499999144
2022-04,2022-04-01,2022-07-01,2022-04-01,102,94,3,3,3,0.05892734189560131,0.013406025823940904,VRTX,0.06557197151197751,0.07954166414885644,EXC,0.05807237601040901,-0.026451284718841395,AZN,0.053137678164417425,-0.012872301958192334
2022-05,2022-05-02,2022-06-01,2022-05-02,102,94,3,1,1,0.06889105990777471,-0.014506122567914614,DLTR,0.06889105990777471,-0.014506122567914614,,,,,,
2022-05,2022-05-02,2022-07-01,2022-05-02,102,94,3,2,1,0.06889105990777471,-0.04351818091480253,DLTR,0.06889105990777471,-0.04351818091480253,,,,,,
2022-05,2022-05-02,2022-08-01,2022-05-02,102,94,3,3,1,0.06889105990777471,0.020259502140227648,DLTR,0.06889105990777471,0.020259502140227648,,,,,,
2022-05,2022-05-02,2022-06-01,2022-05-02,102,94,3,1,2,0.06450220965925639,0.040915406021171274,DLTR,0.06889105990777471,-0.014506122567914614,CEG,0.06011335941073807,0.09633693461025716,,,
2022-05,2022-05-02,2022-07-01,2022-05-02,102,94,3,2,2,0.06450220965925639,-0.025694533647518503,DLTR,0.06889105990777471,-0.04351818091480253,CEG,0.06011335941073807,-0.007870886380234476,,,
2022-05,2022-05-02,2022-08-01,2022-05-02,102,94,3,3,2,0.06450220965925639,0.07250843439552823,DLTR,0.06889105990777471,0.020259502140227648,CEG,0.06011335941073807,0.12475736665082882,,,
2022-05,2022-05-02,2022-06-01,2022-05-02,102,94,3,1,3,0.0613530912185547,-0.0072838902240789,DLTR,0.06889105990777471,-0.014506122567914614,CEG,0.06011335941073807,0.09633693461025716,KHC,0.05505485433715133,-0.10368248271457925
2022-05,2022-05-02,2022-07-01,2022-05-02,102,94,3,2,3,0.0613530912185547,-0.04054170879120315,DLTR,0.06889105990777471,-0.04351818091480253,CEG,0.06011335941073807,-0.007870886380234476,KHC,0.05505485433715133,-0.07023605907857244
2022-05,2022-05-02,2022-08-01,2022-05-02,102,94,3,3,3,0.0613530912185547,0.015221846858688512,DLTR,0.06889105990777471,0.020259502140227648,CEG,0.06011335941073807,0.12475736665082882,KHC,0.05505485433715133,-0.09935132821499093
2022-06,2022-06-01,2022-07-01,2022-06-01,102,94,3,1,1,0.10450029240717718,-0.09505090789223214,CEG,0.10450029240717718,-0.09505090789223214,,,,,,
2022-06,2022-06-01,2022-08-01,2022-06-01,102,94,3,2,1,0.10450029240717718,0.025923081803929993,CEG,0.10450029240717718,0.025923081803929993,,,,,,
2022-06,2022-06-01,2022-09-01,2022-06-01,102,94,3,3,1,0.10450029240717718,0.29878845561596323,CEG,0.10450029240717718,0.29878845561596323,,,,,,
2022-06,2022-06-01,2022-07-01,2022-06-01,102,94,3,1,2,0.08047937923255123,-0.07923918255970247,CEG,0.10450029240717718,-0.09505090789223214,EXC,0.056458466057925295,-0.0634274572271728,,,
2022-06,2022-06-01,2022-08-01,2022-06-01,102,94,3,2,2,0.08047937923255123,-0.01834562119125105,CEG,0.10450029240717718,0.025923081803929993,EXC,0.056458466057925295,-0.06261432418643209,,,
2022-06,2022-06-01,2022-09-01,2022-06-01,102,94,3,3,2,0.08047937923255123,0.10458032439253295,CEG,0.10450029240717718,0.29878845561596323,EXC,0.056458466057925295,-0.08962780683089733,,,
2022-06,2022-06-01,2022-07-01,2022-06-01,102,94,3,1,3,0.0721428337531838,-0.03066658368058776,CEG,0.10450029240717718,-0.09505090789223214,EXC,0.056458466057925295,-0.0634274572271728,VRTX,0.05546974279444894,0.06647861407764166
2022-06,2022-06-01,2022-08-01,2022-06-01,102,94,3,2,3,0.0721428337531838,-0.006761695012799329,CEG,0.10450029240717718,0.025923081803929993,EXC,0.056458466057925295,-0.06261432418643209,VRTX,0.05546974279444894,0.01640615734410411
2022-06,2022-06-01,2022-09-01,2022-06-01,102,94,3,3,3,0.0721428337531838,0.09544310239845884,CEG,0.10450029240717718,0.29878845561596323,EXC,0.056458466057925295,-0.08962780683089733,VRTX,0.05546974279444894,0.07716865841031062
2022-07,2022-07-01,2022-08-01,2022-07-01,102,94,3,1,1,0.15572118900451692,-0.26427030467084445,PDD,0.15572118900451692,-0.26427030467084445,,,,,,
2022-07,2022-07-01,2022-09-01,2022-07-01,102,94,3,2,1,0.15572118900451692,0.10182040273363491,PDD,0.15572118900451692,0.10182040273363491,,,,,,
2022-07,2022-07-01,2022-10-03,2022-07-01,102,94,3,3,1,0.15572118900451692,-0.033477293723569446,PDD,0.15572118900451692,-0.033477293723569446,,,,,,
2022-07,2022-07-01,2022-08-01,2022-07-01,102,94,3,1,2,0.10405070517735976,-0.18664614161141163,PDD,0.15572118900451692,-0.26427030467084445,JD,0.052380221350202594,-0.10902197855197882,,,
2022-07,2022-07-01,2022-09-01,2022-07-01,102,94,3,2,2,0.10405070517735976,0.029378759515055808,PDD,0.15572118900451692,0.10182040273363491,JD,0.052380221350202594,-0.04306288370352329,,,
2022-07,2022-07-01,2022-10-03,2022-07-01,102,94,3,3,2,0.10405070517735976,-0.14130268470635526,PDD,0.15572118900451692,-0.033477293723569446,JD,0.052380221350202594,-0.24912807568914108,,,
2022-07,2022-07-01,2022-08-01,2022-07-01,102,94,3,1,3,0.08546306928108667,-0.11068723047953273,PDD,0.15572118900451692,-0.26427030467084445,JD,0.052380221350202594,-0.10902197855197882,MNST,0.04828779748854051,0.04123059178422506
2022-07,2022-07-01,2022-09-01,2022-07-01,102,94,3,2,3,0.08546306928108667,-0.00011320022994850316,PDD,0.15572118900451692,0.10182040273363491,JD,0.052380221350202594,-0.04306288370352329,MNST,0.04828779748854051,-0.059097119719957125
2022-07,2022-07-01,2022-10-03,2022-07-01,102,94,3,3,3,0.08546306928108667,-0.11365415212857155,PDD,0.15572118900451692,-0.033477293723569446,JD,0.052380221350202594,-0.24912807568914108,MNST,0.04828779748854051,-0.058357086973004124
2022-08,2022-08-01,2022-09-01,2022-08-01,102,94,3,1,1,0.08965165555255931,-0.10140271490227049,SNPS,0.08965165555255931,-0.10140271490227049,,,,,,
2022-08,2022-08-01,2022-10-03,2022-08-01,102,94,3,2,1,0.08965165555255931,-0.14332044371688113,SNPS,0.08965165555255931,-0.14332044371688113,,,,,,
2022-08,2022-08-01,2022-11-01,2022-08-01,102,94,3,3,1,0.08965165555255931,-0.213075306767593,SNPS,0.08965165555255931,-0.213075306767593,,,,,,
2022-08,2022-08-01,2022-09-01,2022-08-01,102,94,3,1,2,0.08338304882601776,-0.09123313583486298,SNPS,0.08965165555255931,-0.10140271490227049,CDNS,0.0771144420994762,-0.08106355676745547,,,
2022-08,2022-08-01,2022-10-03,2022-08-01,102,94,3,2,2,0.08338304882601776,-0.11154347694484806,SNPS,0.08965165555255931,-0.14332044371688113,CDNS,0.0771144420994762,-0.079766510172815,,,
2022-08,2022-08-01,2022-11-01,2022-08-01,102,94,3,3,2,0.08338304882601776,-0.1987069190776356,SNPS,0.08965165555255931,-0.213075306767593,CDNS,0.0771144420994762,-0.1843385313876782,,,
2022-08,2022-08-01,2022-09-01,2022-08-01,102,94,3,1,3,0.08093781678184693,-0.10174999650204164,SNPS,0.08965165555255931,-0.10140271490227049,CDNS,0.0771144420994762,-0.08106355676745547,KLAC,0.07604735269350531,-0.12278371783639896
2022-08,2022-08-01,2022-10-03,2022-08-01,102,94,3,2,3,0.08093781678184693,-0.13314103042493816,SNPS,0.08965165555255931,-0.14332044371688113,CDNS,0.0771144420994762,-0.079766510172815,KLAC,0.07604735269350531,-0.17633613738511833
2022-08,2022-08-01,2022-11-01,2022-08-01,102,94,3,3,3,0.08093781678184693,-0.1872166470265394,SNPS,0.08965165555255931,-0.213075306767593,CDNS,0.0771144420994762,-0.1843385313876782,KLAC,0.07604735269350531,-0.16423610292434698
2022-09,2022-09-01,2022-10-03,2022-09-01,102,94,3,1,1,0.18539180989486173,-0.12279469151372446,PDD,0.18539180989486173,-0.12279469151372446,,,,,,
2022-09,2022-09-01,2022-11-01,2022-09-01,102,94,3,2,1,0.18539180989486173,-0.24544944313537143,PDD,0.18539180989486173,-0.24544944313537143,,,,,,
2022-09,2022-09-01,2022-12-01,2022-09-01,102,94,3,3,1,0.18539180989486173,0.1725007002335821,PDD,0.18539180989486173,0.1725007002335821,,,,,,
2022-09,2022-09-01,2022-10-03,2022-09-01,102,94,3,1,2,0.14346259243964538,-0.03673686479269184,PDD,0.18539180989486173,-0.12279469151372446,CEG,0.101533374984429,0.04932096192834079,,,
2022-09,2022-09-01,2022-11-01,2022-09-01,102,94,3,2,2,0.14346259243964538,-0.04395600974772945,PDD,0.18539180989486173,-0.24544944313537143,CEG,0.101533374984429,0.15753742363991252,,,
2022-09,2022-09-01,2022-12-01,2022-09-01,102,94,3,3,2,0.14346259243964538,0.15953258416863336,PDD,0.18539180989486173,0.1725007002335821,CEG,0.101533374984429,0.14656446810368462,,,
2022-09,2022-09-01,2022-10-03,2022-09-01,102,94,3,1,3,0.12742480352603397,-0.05011809818078058,PDD,0.18539180989486173,-0.12279469151372446,CEG,0.101533374984429,0.04932096192834079,TEAM,0.09534922569881117,-0.07688056495695805
2022-09,2022-09-01,2022-11-01,2022-09-01,102,94,3,2,3,0.12742480352603397,-0.09116243369101502,PDD,0.18539180989486173,-0.24544944313537143,CEG,0.101533374984429,0.15753742363991252,TEAM,0.09534922569881117,-0.18557528157758618
2022-09,2022-09-01,2022-12-01,2022-09-01,102,94,3,3,3,0.12742480352603397,-0.0286744616269549,PDD,0.18539180989486173,0.1725007002335821,CEG,0.101533374984429,0.14656446810368462,TEAM,0.09534922569881117,-0.4050885532181314
2022-10,2022-10-03,2022-11-01,2022-10-03,102,94,3,1,1,0.14965733159128666,0.10312999133525547,CEG,0.14965733159128666,0.10312999133525547,,,,,,
2022-10,2022-10-03,2022-12-01,2022-10-03,102,94,3,2,1,0.14965733159128666,0.09267279479163282,CEG,0.14965733159128666,0.09267279479163282,,,,,,
2022-10,2022-10-03,2023-01-03,2022-10-03,102,94,3,3,1,0.14965733159128666,-0.0526005770803426,CEG,0.14965733159128666,-0.0526005770803426,,,,,,
2022-10,2022-10-03,2022-11-01,2022-10-03,102,94,3,1,2,0.12746540802091194,0.072555610863687,CEG,0.14965733159128666,0.10312999133525547,MELI,0.10527348445053719,0.04198123039211854,,,
2022-10,2022-10-03,2022-12-01,2022-10-03,102,94,3,2,2,0.12746540802091194,0.07960740656783094,CEG,0.14965733159128666,0.09267279479163282,MELI,0.10527348445053719,0.06654201834402906,,,
2022-10,2022-10-03,2023-01-03,2022-10-03,102,94,3,3,2,0.12746540802091194,-0.05814320093891384,CEG,0.14965733159128666,-0.0526005770803426,MELI,0.10527348445053719,-0.06368582479748508,,,
2022-10,2022-10-03,2022-11-01,2022-10-03,102,94,3,1,3,0.1197687303578152,0.11490041675898748,CEG,0.14965733159128666,0.10312999133525547,MELI,0.10527348445053719,0.04198123039211854,NFLX,0.10437537503162171,0.1995900285495884
2022-10,2022-10-03,2022-12-01,2022-10-03,102,94,3,2,3,0.1197687303578152,0.16171451748982077,CEG,0.14965733159128666,0.09267279479163282,MELI,0.10527348445053719,0.06654201834402906,NFLX,0.10437537503162171,0.3259287393338004
2022-10,2022-10-03,2023-01-03,2022-10-03,102,94,3,3,3,0.1197687303578152,0.03920252561866681,CEG,0.14965733159128666,-0.0526005770803426,MELI,0.10527348445053719,-0.06368582479748508,NFLX,0.10437537503162171,0.2338939787338281
2022-11,2022-11-01,2022-12-01,2022-11-01,102,94,3,1,1,0.1394738498502134,-0.009479568705194064,CEG,0.1394738498502134,-0.009479568705194064,,,,,,
2022-11,2022-11-01,2023-01-03,2022-11-01,102,94,3,2,1,0.1394738498502134,-0.14117154790352315,CEG,0.1394738498502134,-0.14117154790352315,,,,,,
2022-11,2022-11-01,2023-02-01,2022-11-01,102,94,3,3,1,0.1394738498502134,-0.10447397003540215,CEG,0.1394738498502134,-0.10447397003540215,,,,,,
2022-11,2022-11-01,2022-12-01,2022-11-01,102,94,3,1,2,0.13885742614613786,-0.008982064798088552,CEG,0.1394738498502134,-0.009479568705194064,DXCM,0.1382410024420623,-0.00848456089098304,,,
2022-11,2022-11-01,2023-01-03,2022-11-01,102,94,3,2,2,0.13885742614613786,-0.0886889221601197,CEG,0.1394738498502134,-0.14117154790352315,DXCM,0.1382410024420623,-0.036206296416716244,,,
2022-11,2022-11-01,2023-02-01,2022-11-01,102,94,3,3,2,0.13885742614613786,-0.099826038041544,CEG,0.1394738498502134,-0.10447397003540215,DXCM,0.1382410024420623,-0.09517810604768584,,,
2022-11,2022-11-01,2022-12-01,2022-11-01,102,94,3,1,3,0.1300369420608139,0.019972530163532693,CEG,0.1394738498502134,-0.009479568705194064,DXCM,0.1382410024420623,-0.00848456089098304,BIIB,0.11239597389016598,0.07788172008677519
2022-11,2022-11-01,2023-01-03,2022-11-01,102,94,3,2,3,0.1300369420608139,-0.06794612074399627,CEG,0.1394738498502134,-0.14117154790352315,DXCM,0.1382410024420623,-0.036206296416716244,BIIB,0.11239597389016598,-0.026460517911749415
2022-11,2022-11-01,2023-02-01,2022-11-01,102,94,3,3,3,0.1300369420608139,-0.05279075629725153,CEG,0.1394738498502134,-0.10447397003540215,DXCM,0.1382410024420623,-0.09517810604768584,BIIB,0.11239597389016598,0.041279807191333395
2022-12,2022-12-01,2023-01-03,2022-12-01,102,94,3,1,1,0.1534414519472135,-0.09680304995813882,BIIB,0.1534414519472135,-0.09680304995813882,,,,,,
2022-12,2022-12-01,2023-02-01,2022-12-01,102,94,3,2,1,0.1534414519472135,-0.033957262854866,BIIB,0.1534414519472135,-0.033957262854866,,,,,,
2022-12,2022-12-01,2023-03-01,2022-12-01,102,94,3,3,1,0.1534414519472135,-0.09819451399405588,BIIB,0.1534414519472135,-0.09819451399405588,,,,,,
2022-12,2022-12-01,2023-01-03,2022-12-01,102,94,3,1,2,0.14591824664695616,-0.062381002469931335,BIIB,0.1534414519472135,-0.09680304995813882,DXCM,0.1383950413466988,-0.02795895498172385,,,
2022-12,2022-12-01,2023-02-01,2022-12-01,102,94,3,2,2,0.14591824664695616,-0.060696329476898736,BIIB,0.1534414519472135,-0.033957262854866,DXCM,0.1383950413466988,-0.08743539609893147,,,
2022-12,2022-12-01,2023-03-01,2022-12-01,102,94,3,3,2,0.14591824664695616,-0.07989449803004905,BIIB,0.1534414519472135,-0.09819451399405588,DXCM,0.1383950413466988,-0.06159448206604223,,,
2022-12,2022-12-01,2023-01-03,2022-12-01,102,94,3,1,3,0.13632168595009544,-0.048420217804057995,BIIB,0.1534414519472135,-0.09680304995813882,DXCM,0.1383950413466988,-0.02795895498172385,GILD,0.11712856455637406,-0.02049864847231131
2022-12,2022-12-01,2023-02-01,2022-12-01,102,94,3,2,3,0.13632168595009544,-0.0526119299152528,BIIB,0.1534414519472135,-0.033957262854866,DXCM,0.1383950413466988,-0.08743539609893147,GILD,0.11712856455637406,-0.03644313079196093
2022-12,2022-12-01,2023-03-01,2022-12-01,102,94,3,3,3,0.13632168595009544,-0.08227300770744457,BIIB,0.1534414519472135,-0.09819451399405588,DXCM,0.1383950413466988,-0.06159448206604223,GILD,0.11712856455637406,-0.08703002706223562
2023-01,2023-01-03,2023-02-01,2023-01-03,101,94,3,1,1,0.14598419612515656,-0.026202593985536038,MRNA,0.14598419612515656,-0.026202593985536038,,,,,,
2023-01,2023-01-03,2023-03-01,2023-01-03,101,94,3,2,1,0.14598419612515656,-0.24208056596048055,MRNA,0.14598419612515656,-0.24208056596048055,,,,,,
2023-01,2023-01-03,2023-04-03,2023-01-03,101,94,3,3,1,0.14598419612515656,-0.10900055403579567,MRNA,0.14598419612515656,-0.10900055403579567,,,,,,
2023-01,2023-01-03,2023-02-01,2023-01-03,101,94,3,1,2,0.1435780321199649,0.0960315839020292,MRNA,0.14598419612515656,-0.026202593985536038,PDD,0.1411718681147732,0.21826576178959445,,,
2023-01,2023-01-03,2023-03-01,2023-01-03,101,94,3,2,2,0.1435780321199649,-0.08253323086713349,MRNA,0.14598419612515656,-0.24208056596048055,PDD,0.1411718681147732,0.07701410422621358,,,
2023-01,2023-01-03,2023-04-03,2023-01-03,101,94,3,3,2,0.1435780321199649,-0.11181722118766119,MRNA,0.14598419612515656,-0.10900055403579567,PDD,0.1411718681147732,-0.1146338883395267,,,
2023-01,2023-01-03,2023-02-01,2023-01-03,101,94,3,1,3,0.1362027578405368,0.04362533244748527,MRNA,0.14598419612515656,-0.026202593985536038,PDD,0.1411718681147732,0.21826576178959445,DXCM,0.12145220928168059,-0.0611871704616026
2023-01,2023-01-03,2023-03-01,2023-01-03,101,94,3,2,3,0.1362027578405368,-0.06655648409109975,MRNA,0.14598419612515656,-0.24208056596048055,PDD,0.1411718681147732,0.07701410422621358,DXCM,0.12145220928168059,-0.03460299053903226
2023-01,2023-01-03,2023-04-03,2023-01-03,101,94,3,3,3,0.1362027578405368,-0.07306309039137386,MRNA,0.14598419612515656,-0.10900055403579567,PDD,0.1411718681147732,-0.1146338883395267,DXCM,0.12145220928168059,0.004445171201200804
2023-02,2023-02-01,2023-03-01,2023-02-01,101,94,3,1,1,0.26053527273830807,-0.11594486358697842,PDD,0.26053527273830807,-0.11594486358697842,,,,,,
2023-02,2023-02-01,2023-04-03,2023-02-01,101,94,3,2,1,0.26053527273830807,-0.27325700234742045,PDD,0.26053527273830807,-0.27325700234742045,,,,,,
2023-02,2023-02-01,2023-05-01,2023-02-01,101,94,3,3,1,0.26053527273830807,-0.33394839675665544,PDD,0.26053527273830807,-0.33394839675665544,,,,,,
2023-02,2023-02-01,2023-03-01,2023-02-01,101,94,3,1,2,0.22426570289305434,-0.016073056305988542,PDD,0.26053527273830807,-0.11594486358697842,NVDA,0.1879961330478006,0.08379875097500133,,,
2023-02,2023-02-01,2023-04-03,2023-02-01,101,94,3,2,2,0.22426570289305434,0.03113041967629354,PDD,0.26053527273830807,-0.27325700234742045,NVDA,0.1879961330478006,0.33551784170000754,,,
2023-02,2023-02-01,2023-05-01,2023-02-01,101,94,3,3,2,0.22426570289305434,0.023349695749149357,PDD,0.26053527273830807,-0.33394839675665544,NVDA,0.1879961330478006,0.38064778825495416,,,
2023-02,2023-02-01,2023-03-01,2023-02-01,101,94,3,1,3,0.20885065098705513,-0.0919677578944262,PDD,0.26053527273830807,-0.11594486358697842,NVDA,0.1879961330478006,0.08379875097500133,JD,0.17802054717505675,-0.24375716107130152
2023-02,2023-02-01,2023-04-03,2023-02-01,101,94,3,2,3,0.20885065098705513,-0.07885499399126332,PDD,0.26053527273830807,-0.27325700234742045,NVDA,0.1879961330478006,0.33551784170000754,JD,0.17802054717505675,-0.29882582132637703
2023-02,2023-02-01,2023-05-01,2023-02-01,101,94,3,3,3,0.20885065098705513,-0.119190065302706,PDD,0.26053527273830807,-0.33394839675665544,NVDA,0.1879961330478006,0.38064778825495416,JD,0.17802054717505675,-0.4042695874064167
2023-03,2023-03-01,2023-04-03,2023-03-01,101,94,3,1,1,0.15834848595469064,0.0609989543923779,ALGN,0.15834848595469064,0.0609989543923779,,,,,,
2023-03,2023-03-01,2023-05-01,2023-03-01,101,94,3,2,1,0.15834848595469064,0.028522308455534384,ALGN,0.15834848595469064,0.028522308455534384,,,,,,
2023-03,2023-03-01,2023-06-01,2023-03-01,101,94,3,3,1,0.15834848595469064,-0.03672247955496344,ALGN,0.15834848595469064,-0.03672247955496344,,,,,,
2023-03,2023-03-01,2023-04-03,2023-03-01,101,94,3,1,2,0.14721088206907235,0.023508797044830276,ALGN,0.15834848595469064,0.0609989543923779,WBD,0.13607327818345408,-0.01398136030271735,,,
2023-03,2023-03-01,2023-05-01,2023-03-01,101,94,3,2,2,0.14721088206907235,-0.04332874068519954,ALGN,0.15834848595469064,0.028522308455534384,WBD,0.13607327818345408,-0.11517978982593347,,,
2023-03,2023-03-01,2023-06-01,2023-03-01,101,94,3,3,2,0.14721088206907235,-0.14053167800795996,ALGN,0.15834848595469064,-0.03672247955496344,WBD,0.13607327818345408,-0.24434087646095648,,,
2023-03,2023-03-01,2023-04-03,2023-03-01,101,94,3,1,3,0.14211740238193135,0.09188442916739396,ALGN,0.15834848595469064,0.0609989543923779,WBD,0.13607327818345408,-0.01398136030271735,META,0.13193044300764933,0.22863569341252132
2023-03,2023-03-01,2023-05-01,2023-03-01,101,94,3,2,3,0.14211740238193135,0.10520095802551029,ALGN,0.15834848595469064,0.028522308455534384,WBD,0.13607327818345408,-0.11517978982593347,META,0.13193044300764933,0.40226035544692995
2023-03,2023-03-01,2023-06-01,2023-03-01,101,94,3,3,3,0.14211740238193135,0.09696678040472266,ALGN,0.15834848595469064,-0.03672247955496344,WBD,0.13607327818345408,-0.24434087646095648,META,0.13193044300764933,0.5719636972300879
2023-04,2023-04-03,2023-05-01,2023-04-03,101,94,3,1,1,0.2596887121321332,0.03379209557956919,NVDA,0.2596887121321332,0.03379209557956919,,,,,,
2023-04,2023-04-03,2023-06-01,2023-04-03,101,94,3,2,1,0.2596887121321332,0.42213459131743813,NVDA,0.2596887121321332,0.42213459131743813,,,,,,
2023-04,2023-04-03,2023-07-03,2023-04-03,101,94,3,3,1,0.2596887121321332,0.5168025159317184,NVDA,0.2596887121321332,0.5168025159317184,,,,,,
2023-04,2023-04-03,2023-05-01,2023-04-03,101,94,3,1,2,0.25592088772666044,-0.06766523402681107,NVDA,0.2596887121321332,0.03379209557956919,TSLA,0.25215306332118764,-0.16912256363319134,,,
2023-04,2023-04-03,2023-06-01,2023-04-03,101,94,3,2,2,0.25592088772666044,0.24379820832575427,NVDA,0.2596887121321332,0.42213459131743813,TSLA,0.25215306332118764,0.06546182533407041,,,
2023-04,2023-04-03,2023-07-03,2023-04-03,101,94,3,3,2,0.25592088772666044,0.47673570676728405,NVDA,0.2596887121321332,0.5168025159317184,TSLA,0.25215306332118764,0.43666889760284966,,,
2023-04,2023-04-03,2023-05-01,2023-04-03,101,94,3,1,3,0.23602777491951432,0.0019948464292354564,NVDA,0.2596887121321332,0.03379209557956919,TSLA,0.25215306332118764,-0.16912256363319134,META,0.19624154930522208,0.1413150073413285
2023-04,2023-04-03,2023-06-01,2023-04-03,101,94,3,2,3,0.23602777491951432,0.25567827532833887,NVDA,0.2596887121321332,0.42213459131743813,TSLA,0.25215306332118764,0.06546182533407041,META,0.19624154930522208,0.27943840933350805
2023-04,2023-04-03,2023-07-03,2023-04-03,101,94,3,3,3,0.23602777491951432,0.4319490970970363,NVDA,0.2596887121321332,0.5168025159317184,TSLA,0.25215306332118764,0.43666889760284966,META,0.19624154930522208,0.3423758777565409
2023-05,2023-05-01,2023-06-01,2023-05-01,101,94,3,1,1,0.16750879225900905,0.12102127905418114,META,0.16750879225900905,0.12102127905418114,,,,,,
2023-05,2023-05-01,2023-07-03,2023-05-01,101,94,3,2,1,0.16750879225900905,0.17616597444344473,META,0.16750879225900905,0.17616597444344473,,,,,,
2023-05,2023-05-01,2023-08-01,2023-05-01,101,94,3,3,1,0.16750879225900905,0.3270418346757591,META,0.16750879225900905,0.3270418346757591,,,,,,
2023-05,2023-05-01,2023-06-01,2023-05-01,101,94,3,1,2,0.1420622543313219,0.24833491164060228,META,0.16750879225900905,0.12102127905418114,NVDA,0.11661571640363477,0.37564854422702343,,,
2023-05,2023-05-01,2023-07-03,2023-05-01,101,94,3,2,2,0.1420622543313219,0.32169399199602455,META,0.16750879225900905,0.17616597444344473,NVDA,0.11661571640363477,0.4672220095486044,,,
2023-05,2023-05-01,2023-08-01,2023-05-01,101,94,3,3,2,0.1420622543313219,0.4679450227717523,META,0.16750879225900905,0.3270418346757591,NVDA,0.11661571640363477,0.6088482108677455,,,
2023-05,2023-05-01,2023-06-01,2023-05-01,101,94,3,1,3,0.11864892165968445,0.17382891080299134,META,0.16750879225900905,0.12102127905418114,NVDA,0.11661571640363477,0.37564854422702343,ISRG,0.07182225631640952,0.02481690912776946
2023-05,2023-05-01,2023-07-03,2023-05-01,101,94,3,2,3,0.11864892165968445,0.25077490800575375,META,0.16750879225900905,0.17616597444344473,NVDA,0.11661571640363477,0.4672220095486044,ISRG,0.07182225631640952,0.10893674002521214
2023-05,2023-05-01,2023-08-01,2023-05-01,101,94,3,3,3,0.11864892165968445,0.33498715767143367,META,0.16750879225900905,0.3270418346757591,NVDA,0.11661571640363477,0.6088482108677455,ISRG,0.07182225631640952,0.06907142747079642
2023-06,2023-06-01,2023-07-03,2023-06-01,101,94,3,1,1,0.21389898082097547,0.06656748608201823,NVDA,0.21389898082097547,0.06656748608201823,,,,,,
2023-06,2023-06-01,2023-08-01,2023-06-01,101,94,3,2,1,0.21389898082097547,0.16951980040204018,NVDA,0.21389898082097547,0.16951980040204018,,,,,,
2023-06,2023-06-01,2023-09-01,2023-06-01,101,94,3,3,1,0.21389898082097547,0.21986461186254602,NVDA,0.21389898082097547,0.21986461186254602,,,,,,
2023-06,2023-06-01,2023-07-03,2023-06-01,101,94,3,1,2,0.18932419059013383,0.018007935354625693,NVDA,0.21389898082097547,0.06656748608201823,AMD,0.16474940035929223,-0.03055161537276685,,,
2023-06,2023-06-01,2023-08-01,2023-06-01,101,94,3,2,2,0.18932419059013383,0.07693365625913096,NVDA,0.21389898082097547,0.16951980040204018,AMD,0.16474940035929223,-0.015652487883778265,,,
2023-06,2023-06-01,2023-09-01,2023-06-01,101,94,3,3,2,0.18932419059013383,0.06799707461763782,NVDA,0.21389898082097547,0.21986461186254602,AMD,0.16474940035929223,-0.08387046262727038,,,
2023-06,2023-06-01,2023-07-03,2023-06-01,101,94,3,1,3,0.18076856926098153,0.028402450105909804,NVDA,0.21389898082097547,0.06656748608201823,AMD,0.16474940035929223,-0.03055161537276685,META,0.16365732660267698,0.04919147960847803
2023-06,2023-06-01,2023-08-01,2023-06-01,101,94,3,2,3,0.18076856926098153,0.11254888560925506,NVDA,0.21389898082097547,0.16951980040204018,AMD,0.16474940035929223,-0.015652487883778265,META,0.16365732660267698,0.18377934430950327
2023-06,2023-06-01,2023-09-01,2023-06-01,101,94,3,3,3,0.18076856926098153,0.07439617991289287,NVDA,0.21389898082097547,0.21986461186254602,AMD,0.16474940035929223,-0.08387046262727038,META,0.16365732660267698,0.08719439050340294
2023-07,2023-07-03,2023-08-01,2023-07-03,101,95,3,1,1,0.16212670983970776,0.07573261847450707,MRVL,0.16212670983970776,0.07573261847450707,,,,,,
2023-07,2023-07-03,2023-09-01,2023-07-03,101,95,3,2,1,0.16212670983970776,-0.05447123489801675,MRVL,0.16212670983970776,-0.05447123489801675,,,,,,
2023-07,2023-07-03,2023-10-02,2023-07-03,101,95,3,3,1,0.16212670983970776,-0.10929383064871778,MRVL,0.16212670983970776,-0.10929383064871778,,,,,,
2023-07,2023-07-03,2023-08-01,2023-07-03,101,95,3,1,2,0.1603980425679557,0.08612969419107963,MRVL,0.16212670983970776,0.07573261847450707,NVDA,0.15866937529620362,0.09652676990765219,,,
2023-07,2023-07-03,2023-09-01,2023-07-03,101,95,3,2,2,0.1603980425679557,0.04462909237055346,MRVL,0.16212670983970776,-0.05447123489801675,NVDA,0.15866937529620362,0.14372941963912367,,,
2023-07,2023-07-03,2023-10-02,2023-07-03,101,95,3,3,2,0.1603980425679557,-0.026675622974003332,MRVL,0.16212670983970776,-0.10929383064871778,NVDA,0.15866937529620362,0.05594258470071112,,,
2023-07,2023-07-03,2023-08-01,2023-07-03,101,95,3,1,3,0.1582221309040871,0.0350840094201896,MRVL,0.16212670983970776,0.07573261847450707,NVDA,0.15866937529620362,0.09652676990765219,TSLA,0.15387030757634992,-0.06700736012159048
2023-07,2023-07-03,2023-09-01,2023-07-03,101,95,3,2,3,0.1582221309040871,-0.011714419569702983,MRVL,0.16212670983970776,-0.05447123489801675,NVDA,0.15866937529620362,0.14372941963912367,TSLA,0.15387030757634992,-0.12440144345021587
2023-07,2023-07-03,2023-10-02,2023-07-03,101,95,3,3,3,0.1582221309040871,-0.05140059815026673,MRVL,0.16212670983970776,-0.10929383064871778,NVDA,0.15866937529620362,0.05594258470071112,TSLA,0.15387030757634992,-0.10085054850279351
2023-08,2023-08-01,2023-09-01,2023-08-01,101,96,3,1,1,0.2393404610343013,-0.027149865393676254,ZS,0.2393404610343013,-0.027149865393676254,,,,,,
2023-08,2023-08-01,2023-10-02,2023-08-01,101,96,3,2,1,0.2393404610343013,-0.011732209006790617,ZS,0.2393404610343013,-0.011732209006790617,,,,,,
2023-08,2023-08-01,2023-11-01,2023-08-01,101,96,3,3,1,0.2393404610343013,-0.037776468304599575,ZS,0.2393404610343013,-0.037776468304599575,,,,,,
2023-08,2023-08-01,2023-09-01,2023-08-01,101,96,3,1,2,0.22911778545531192,-0.08847703817084762,ZS,0.2393404610343013,-0.027149865393676254,DDOG,0.21889510987632255,-0.149804210948019,,,
2023-08,2023-08-01,2023-10-02,2023-08-01,101,96,3,2,2,0.22911778545531192,-0.10638807589917171,ZS,0.2393404610343013,-0.011732209006790617,DDOG,0.21889510987632255,-0.2010439427915528,,,
2023-08,2023-08-01,2023-11-01,2023-08-01,101,96,3,3,2,0.22911778545531192,-0.17047587834255057,ZS,0.2393404610343013,-0.037776468304599575,DDOG,0.21889510987632255,-0.30317528838050156,,,
2023-08,2023-08-01,2023-09-01,2023-08-01,101,96,3,1,3,0.22018326016367717,-0.09933048409988021,ZS,0.2393404610343013,-0.027149865393676254,DDOG,0.21889510987632255,-0.149804210948019,MRVL,0.20231420958040772,-0.12103737595794539
2023-08,2023-08-01,2023-10-02,2023-08-01,101,96,3,2,3,0.22018326016367717,-0.12825885321861238,ZS,0.2393404610343013,-0.011732209006790617,DDOG,0.21889510987632255,-0.2010439427915528,MRVL,0.20231420958040772,-0.1720004078574937
2023-08,2023-08-01,2023-11-01,2023-08-01,101,96,3,3,3,0.22018326016367717,-0.205547252163739,ZS,0.2393404610343013,-0.037776468304599575,DDOG,0.21889510987632255,-0.30317528838050156,MRVL,0.20231420958040772,-0.27568999980611586
2023-09,2023-09-01,2023-10-02,2023-09-01,101,96,3,1,1,0.14735810946081962,-0.035046981455083226,PDD,0.14735810946081962,-0.035046981455083226,,,,,,
2023-09,2023-09-01,2023-11-01,2023-09-01,101,96,3,2,1,0.14735810946081962,-0.0034853384370281404,PDD,0.14735810946081962,-0.0034853384370281404,,,,,,
2023-09,2023-09-01,2023-12-01,2023-09-01,101,96,3,3,1,0.14735810946081962,0.4064285311727869,PDD,0.14735810946081962,0.4064285311727869,,,,,,
2023-09,2023-09-01,2023-10-02,2023-09-01,101,96,3,1,2,0.12994118062263374,-0.054586910489254625,PDD,0.14735810946081962,-0.035046981455083226,ODFL,0.11252425178444787,-0.07412683952342602,,,
2023-09,2023-09-01,2023-11-01,2023-09-01,101,96,3,2,2,0.12994118062263374,-0.053204284977194094,PDD,0.14735810946081962,-0.0034853384370281404,ODFL,0.11252425178444787,-0.10292323151736005,,,
2023-09,2023-09-01,2023-12-01,2023-09-01,101,96,3,3,2,0.12994118062263374,0.16907867051166925,PDD,0.14735810946081962,0.4064285311727869,ODFL,0.11252425178444787,-0.06827119014944838,,,
2023-09,2023-09-01,2023-10-02,2023-09-01,101,96,3,1,3,0.119334169733768,-0.06129614362994947,PDD,0.14735810946081962,-0.035046981455083226,ODFL,0.11252425178444787,-0.07412683952342602,ADBE,0.09812014795603652,-0.07471460991133916
2023-09,2023-09-01,2023-11-01,2023-09-01,101,96,3,2,3,0.119334169733768,-0.04654296616817196,PDD,0.14735810946081962,-0.0034853384370281404,ODFL,0.11252425178444787,-0.10292323151736005,ADBE,0.09812014795603652,-0.03322032855012769
2023-09,2023-09-01,2023-12-01,2023-09-01,101,96,3,3,3,0.119334169733768,0.14187339408416774,PDD,0.14735810946081962,0.4064285311727869,ODFL,0.11252425178444787,-0.06827119014944838,ADBE,0.09812014795603652,0.0874628412291647
2023-10,2023-10-02,2023-11-01,2023-10-02,101,96,3,1,1,0.12506158491322725,0.03270795822334227,PDD,0.12506158491322725,0.03270795822334227,,,,,,
2023-10,2023-10-02,2023-12-01,2023-10-02,101,96,3,2,1,0.12506158491322725,0.45750985192376015,PDD,0.12506158491322725,0.45750985192376015,,,,,,
2023-10,2023-10-02,2024-01-02,2023-10-02,101,96,3,3,1,0.12506158491322725,0.46122205342857336,PDD,0.12506158491322725,0.46122205342857336,,,,,,
2023-10,2023-10-02,2023-11-01,2023-10-02,101,96,3,1,2,0.09317949607143337,0.006083921804182935,PDD,0.12506158491322725,0.03270795822334227,AMGN,0.0612974072296395,-0.0205401146149764,,,
2023-10,2023-10-02,2023-12-01,2023-10-02,101,96,3,2,2,0.09317949607143337,0.24430483212102472,PDD,0.12506158491322725,0.45750985192376015,AMGN,0.0612974072296395,0.03109981231828929,,,
2023-10,2023-10-02,2024-01-02,2023-10-02,101,96,3,3,2,0.09317949607143337,0.29335420115547295,PDD,0.12506158491322725,0.46122205342857336,AMGN,0.0612974072296395,0.12548634888237253,,,
2023-10,2023-10-02,2023-11-01,2023-10-02,101,96,3,1,3,0.08235809250957891,-0.020261794612015643,PDD,0.12506158491322725,0.03270795822334227,AMGN,0.0612974072296395,-0.0205401146149764,CHTR,0.060715285385869976,-0.0729532274444128
2023-10,2023-10-02,2023-12-01,2023-10-02,101,96,3,2,3,0.08235809250957891,0.13502495848523466,PDD,0.12506158491322725,0.45750985192376015,AMGN,0.0612974072296395,0.03109981231828929,CHTR,0.060715285385869976,-0.08353478878634546
2023-10,2023-10-02,2024-01-02,2023-10-02,101,96,3,3,3,0.08235809250957891,0.15984921640362962,PDD,0.12506158491322725,0.46122205342857336,AMGN,0.0612974072296395,0.12548634888237253,CHTR,0.060715285385869976,-0.10716075310005702
2023-11,2023-11-01,2023-12-01,2023-11-01,101,96,3,1,1,0.06329036996199948,0.046214720386232866,CEG,0.06329036996199948,0.046214720386232866,,,,,,
2023-11,2023-11-01,2024-01-02,2023-11-01,101,96,3,2,1,0.06329036996199948,0.005807889772058372,CEG,0.06329036996199948,0.005807889772058372,,,,,,
2023-11,2023-11-01,2024-02-01,2023-11-01,101,96,3,3,1,0.06329036996199948,0.11385036416890326,CEG,0.06329036996199948,0.11385036416890326,,,,,,
2023-11,2023-11-01,2023-12-01,2023-11-01,101,96,3,1,2,0.055675381657031474,0.22878113772032838,CEG,0.06329036996199948,0.046214720386232866,PDD,0.04806039335206347,0.4113475550544239,,,
2023-11,2023-11-01,2024-01-02,2023-11-01,101,96,3,2,2,0.055675381657031474,0.21037503668551594,CEG,0.06329036996199948,0.005807889772058372,PDD,0.04806039335206347,0.4149421835989735,,,
2023-11,2023-11-01,2024-02-01,2023-11-01,101,96,3,3,2,0.055675381657031474,0.1718576408552941,CEG,0.06329036996199948,0.11385036416890326,PDD,0.04806039335206347,0.22986491754168492,,,
2023-11,2023-11-01,2023-12-01,2023-11-01,101,96,3,1,3,0.05175620948835353,0.17009504532402234,CEG,0.06329036996199948,0.046214720386232866,PDD,0.04806039335206347,0.4113475550544239,AMGN,0.04391786515099764,0.05272286053141029
2023-11,2023-11-01,2024-01-02,2023-11-01,101,96,3,2,3,0.05175620948835353,0.1899462790548346,CEG,0.06329036996199948,0.005807889772058372,PDD,0.04806039335206347,0.4149421835989735,AMGN,0.04391786515099764,0.1490887637934719
2023-11,2023-11-01,2024-02-01,2023-11-01,101,96,3,3,3,0.05175620948835353,0.19926217693390025,CEG,0.06329036996199948,0.11385036416890326,PDD,0.04806039335206347,0.22986491754168492,AMGN,0.04391786515099764,0.25407124909111256
2023-12,2023-12-01,2024-01-02,2023-12-01,101,96,3,1,1,0.1404358337353575,0.05046164605348369,CRWD,0.1404358337353575,0.05046164605348369,,,,,,
2023-12,2023-12-01,2024-02-01,2023-12-01,101,96,3,2,1,0.1404358337353575,0.27375227278245706,CRWD,0.1404358337353575,0.27375227278245706,,,,,,
2023-12,2023-12-01,2024-03-01,2023-12-01,101,96,3,3,1,0.1404358337353575,0.3385525581308382,CRWD,0.1404358337353575,0.3385525581308382,,,,,,
2023-12,2023-12-01,2024-01-02,2023-12-01,101,96,3,1,2,0.13838600550479258,0.02650429692467593,CRWD,0.1404358337353575,0.05046164605348369,PDD,0.13633617727422764,0.0025469477958681708,,,
2023-12,2023-12-01,2024-02-01,2023-12-01,101,96,3,2,2,0.13838600550479258,0.07258203786716211,CRWD,0.1404358337353575,0.27375227278245706,PDD,0.13633617727422764,-0.12858819704813285,,,
2023-12,2023-12-01,2024-03-01,2023-12-01,101,96,3,3,2,0.13838600550479258,0.10587707325348755,CRWD,0.1404358337353575,0.3385525581308382,PDD,0.13633617727422764,-0.12679841162386307,,,
2023-12,2023-12-01,2024-01-02,2023-12-01,101,96,3,1,3,0.1247906471501158,0.0077217966864765826,CRWD,0.1404358337353575,0.05046164605348369,PDD,0.13633617727422764,0.0025469477958681708,DDOG,0.09759993044076225,-0.029843203789922113
2023-12,2023-12-01,2024-02-01,2023-12-01,101,96,3,2,3,0.1247906471501158,0.07165559841281266,CRWD,0.1404358337353575,0.27375227278245706,PDD,0.13633617727422764,-0.12858819704813285,DDOG,0.09759993044076225,0.06980271950411376
2023-12,2023-12-01,2024-03-01,2023-12-01,101,96,3,3,3,0.1247906471501158,0.10318179920245822,CRWD,0.1404358337353575,0.3385525581308382,PDD,0.13633617727422764,-0.12679841162386307,DDOG,0.09759993044076225,0.09779125110039955
2024-01,2024-01-02,2024-02-01,2024-01-02,101,96,3,1,1,0.14886748702454478,-0.1308019989810012,PDD,0.14886748702454478,-0.1308019989810012,,,,,,
2024-01,2024-01-02,2024-03-01,2024-01-02,101,96,3,2,1,0.14886748702454478,-0.12901676046603217,PDD,0.14886748702454478,-0.12901676046603217,,,,,,
2024-01,2024-01-02,2024-04-01,2024-01-02,101,96,3,3,1,0.14886748702454478,-0.18181815324438377,PDD,0.14886748702454478,-0.18181815324438377,,,,,,
2024-01,2024-01-02,2024-02-01,2024-01-02,101,96,3,1,2,0.14447172427873073,0.040881142065005927,PDD,0.14886748702454478,-0.1308019989810012,CRWD,0.14007596153291665,0.21256428311101305,,,
2024-01,2024-01-02,2024-03-01,2024-01-02,101,96,3,2,2,0.14447172427873073,0.0726174792211075,PDD,0.14886748702454478,-0.12901676046603217,CRWD,0.14007596153291665,0.2742517189082472,,,
2024-01,2024-01-02,2024-04-01,2024-01-02,101,96,3,3,2,0.14447172427873073,0.05632247817542685,PDD,0.14886748702454478,-0.18181815324438377,CRWD,0.14007596153291665,0.29446310959523747,,,
2024-01,2024-01-02,2024-02-01,2024-01-02,101,96,3,1,3,0.13261172184208928,0.011094914295635841,PDD,0.14886748702454478,-0.1308019989810012,CRWD,0.14007596153291665,0.21256428311101305,DLTR,0.10889171696880633,-0.04847754124310433
2024-01,2024-01-02,2024-03-01,2024-01-02,101,96,3,2,3,0.13261172184208928,0.062208971539046,PDD,0.14886748702454478,-0.12901676046603217,CRWD,0.14007596153291665,0.2742517189082472,DLTR,0.10889171696880633,0.04139195617492297
2024-01,2024-01-02,2024-04-01,2024-01-02,101,96,3,3,3,0.13261172184208928,0.02204392250583198,PDD,0.14886748702454478,-0.18181815324438377,CRWD,0.14007596153291665,0.29446310959523747,DLTR,0.10889171696880633,-0.046513188833357755
2024-02,2024-02-01,2024-03-01,2024-02-01,101,96,3,1,1,0.19360931726485306,0.05087353854672827,CRWD,0.19360931726485306,0.05087353854672827,,,,,,
2024-02,2024-02-01,2024-04-01,2024-02-01,101,96,3,2,1,0.19360931726485306,0.06754184303870558,CRWD,0.19360931726485306,0.06754184303870558,,,,,,
2024-02,2024-02-01,2024-05-01,2024-02-01,101,96,3,3,1,0.19360931726485306,-0.013127543641248574,CRWD,0.19360931726485306,-0.013127543641248574,,,,,,
2024-02,2024-02-01,2024-03-01,2024-02-01,101,96,3,1,2,0.18909914001312683,0.038517934186302116,CRWD,0.19360931726485306,0.05087353854672827,DDOG,0.18458896276140058,0.026162329825875963,,,
2024-02,2024-02-01,2024-04-01,2024-02-01,101,96,3,2,2,0.18909914001312683,0.018995507985432314,CRWD,0.19360931726485306,0.06754184303870558,DDOG,0.18458896276140058,-0.029550827067840957,,,
2024-02,2024-02-01,2024-05-01,2024-02-01,101,96,3,3,2,0.18909914001312683,-0.008455037979654578,CRWD,0.19360931726485306,-0.013127543641248574,DDOG,0.18458896276140058,-0.003782532318060583,,,
2024-02,2024-02-01,2024-03-01,2024-02-01,101,96,3,1,3,0.18110686438765114,0.08855990792320594,CRWD,0.19360931726485306,0.05087353854672827,DDOG,0.18458896276140058,0.026162329825875963,AMD,0.1651223131366998,0.18864385539701356
2024-02,2024-02-01,2024-04-01,2024-02-01,101,96,3,2,3,0.18110686438765114,0.03780836331799179,CRWD,0.19360931726485306,0.06754184303870558,DDOG,0.18458896276140058,-0.029550827067840957,AMD,0.1651223131366998,0.07543407398311075
2024-02,2024-02-01,2024-05-01,2024-02-01,101,96,3,3,3,0.18110686438765114,-0.05688413472055224,CRWD,0.19360931726485306,-0.013127543641248574,DDOG,0.18458896276140058,-0.003782532318060583,AMD,0.1651223131366998,-0.15374232820234757
2024-03,2024-03-01,2024-04-01,2024-03-01,101,96,3,1,1,0.2146769342164978,0.09830251273422319,NVDA,0.2146769342164978,0.09830251273422319,,,,,,
2024-03,2024-03-01,2024-05-01,2024-03-01,101,96,3,2,1,0.2146769342164978,0.009308393158345973,NVDA,0.2146769342164978,0.009308393158345973,,,,,,
2024-03,2024-03-01,2024-06-03,2024-03-01,101,96,3,3,1,0.2146769342164978,0.39774893414174195,NVDA,0.2146769342164978,0.39774893414174195,,,,,,
2024-03,2024-03-01,2024-04-01,2024-03-01,101,96,3,1,2,0.20074604440981442,0.0015298511413679439,NVDA,0.2146769342164978,0.09830251273422319,AMD,0.18681515460313106,-0.0952428104514873,,,
2024-03,2024-03-01,2024-05-01,2024-03-01,101,96,3,2,2,0.20074604440981442,-0.13936967652830307,NVDA,0.2146769342164978,0.009308393158345973,AMD,0.18681515460313106,-0.2880477462149521,,,
2024-03,2024-03-01,2024-06-03,2024-03-01,101,96,3,3,2,0.20074604440981442,0.10242264004849222,NVDA,0.2146769342164978,0.39774893414174195,AMD,0.18681515460313106,-0.1929036540447575,,,
2024-03,2024-03-01,2024-04-01,2024-03-01,101,96,3,1,3,0.18714508966719692,-0.006246678236968746,NVDA,0.2146769342164978,0.09830251273422319,AMD,0.18681515460313106,-0.0952428104514873,META,0.15994318018196196,-0.021799736993642127
2024-03,2024-03-01,2024-05-01,2024-03-01,101,96,3,2,3,0.18714508966719692,-0.13479383495198494,NVDA,0.2146769342164978,0.009308393158345973,AMD,0.18681515460313106,-0.2880477462149521,META,0.15994318018196196,-0.12564215179934868
2024-03,2024-03-01,2024-06-03,2024-03-01,101,96,3,3,3,0.18714508966719692,0.051817515453816555,NVDA,0.2146769342164978,0.39774893414174195,AMD,0.18681515460313106,-0.1929036540447575,META,0.15994318018196196,-0.049392733735534766
2024-04,2024-04-01,2024-05-01,2024-04-01,101,97,3,1,1,0.2374139167387869,-0.08102878628068189,NVDA,0.2374139167387869,-0.08102878628068189,,,,,,
2024-04,2024-04-01,2024-06-03,2024-04-01,101,97,3,2,1,0.2374139167387869,0.2726447567365089,NVDA,0.2374139167387869,0.2726447567365089,,,,,,
2024-04,2024-04-01,2024-07-01,2024-04-01,101,97,3,3,1,0.2374139167387869,0.37567604708501,NVDA,0.2374139167387869,0.37567604708501,,,,,,
2024-04,2024-04-01,2024-05-01,2024-04-01,101,97,3,1,2,0.20796193047699377,-0.04433186982552112,NVDA,0.2374139167387869,-0.08102878628068189,CEG,0.17850994421520064,-0.007634953370360353,,,
2024-04,2024-04-01,2024-06-03,2024-04-01,101,97,3,2,2,0.20796193047699377,0.19707728557993953,NVDA,0.2374139167387869,0.2726447567365089,CEG,0.17850994421520064,0.12150981442337017,,,
2024-04,2024-04-01,2024-07-01,2024-04-01,101,97,3,3,2,0.20796193047699377,0.2399497970944935,NVDA,0.2374139167387869,0.37567604708501,CEG,0.17850994421520064,0.10422354710397697,,,
2024-04,2024-04-01,2024-05-01,2024-04-01,101,97,3,1,3,0.18961556608625108,-0.06870717692613615,NVDA,0.2374139167387869,-0.08102878628068189,CEG,0.17850994421520064,-0.007634953370360353,MU,0.15292283730476566,-0.1174577911273662
2024-04,2024-04-01,2024-06-03,2024-04-01,101,97,3,2,3,0.18961556608625108,0.14176293390685535,NVDA,0.2374139167387869,0.2726447567365089,CEG,0.17850994421520064,0.12150981442337017,MU,0.15292283730476566,0.031134230560686982
2024-04,2024-04-01,2024-07-01,2024-04-01,101,97,3,3,3,0.18961556608625108,0.1793283182860498,NVDA,0.2374139167387869,0.37567604708501,CEG,0.17850994421520064,0.10422354710397697,MU,0.15292283730476566,0.05808536066916248
2024-05,2024-05-01,2024-06-03,2024-05-01,101,97,3,1,1,0.14015876008698033,0.13013836816637547,CEG,0.14015876008698033,0.13013836816637547,,,,,,
2024-05,2024-05-01,2024-07-01,2024-05-01,101,97,3,2,1,0.14015876008698033,0.11271910558946163,CEG,0.14015876008698033,0.11271910558946163,,,,,,
2024-05,2024-05-01,2024-08-01,2024-05-01,101,97,3,3,1,0.14015876008698033,-0.036403112490665634,CEG,0.14015876008698033,-0.036403112490665634,,,,,,
2024-05,2024-05-01,2024-06-03,2024-05-01,101,97,3,1,2,0.1238677586242252,0.2574982491818544,CEG,0.14015876008698033,0.13013836816637547,NVDA,0.10757675716147004,0.3848581301973333,,,
2024-05,2024-05-01,2024-07-01,2024-05-01,101,97,3,2,2,0.1238677586242252,0.30484657096654455,CEG,0.14015876008698033,0.11271910558946163,NVDA,0.10757675716147004,0.49697403634362747,,,
2024-05,2024-05-01,2024-08-01,2024-05-01,101,97,3,3,2,0.1238677586242252,0.13941920635057947,CEG,0.14015876008698033,-0.036403112490665634,NVDA,0.10757675716147004,0.3152415251918246,,,
2024-05,2024-05-01,2024-06-03,2024-05-01,101,97,3,1,3,0.11608932226183845,0.2277882246886279,CEG,0.14015876008698033,0.13013836816637547,NVDA,0.10757675716147004,0.3848581301973333,MU,0.10053244953706497,0.16836817570217488
2024-05,2024-05-01,2024-07-01,2024-05-01,101,97,3,2,3,0.11608932226183845,0.26953312708002225,CEG,0.14015876008698033,0.11271910558946163,NVDA,0.10757675716147004,0.49697403634362747,MU,0.10053244953706497,0.1989062393069776
2024-05,2024-05-01,2024-08-01,2024-05-01,101,97,3,3,3,0.11608932226183845,0.06832986756503774,CEG,0.14015876008698033,-0.036403112490665634,NVDA,0.10757675716147004,0.3152415251918246,MU,0.10053244953706497,-0.0738488100060457
2024-06,2024-06-03,2024-07-01,2024-06-03,101,97,3,1,1,0.16419518109700926,-0.21560011363059228,MRNA,0.16419518109700926,-0.21560011363059228,,,,,,
2024-06,2024-06-03,2024-08-01,2024-06-03,101,97,3,2,1,0.16419518109700926,-0.3629414591869218,MRNA,0.16419518109700926,-0.3629414591869218,,,,,,
2024-06,2024-06-03,2024-09-03,2024-06-03,101,97,3,3,1,0.16419518109700926,-0.5065620428402198,MRNA,0.16419518109700926,-0.5065620428402198,,,,,,
2024-06,2024-06-03,2024-07-01,2024-06-03,101,97,3,1,2,0.14911956665698373,-0.06732085403576005,MRNA,0.16419518109700926,-0.21560011363059228,NVDA,0.1340439522169582,0.08095840555907219,,,
2024-06,2024-06-03,2024-08-01,2024-06-03,101,97,3,2,2,0.14911956665698373,-0.20660565261824348,MRNA,0.16419518109700926,-0.3629414591869218,NVDA,0.1340439522169582,-0.05026984604956519,,,
2024-06,2024-06-03,2024-09-03,2024-06-03,101,97,3,3,2,0.14911956665698373,-0.28367720723578427,MRNA,0.16419518109700926,-0.5065620428402198,NVDA,0.1340439522169582,-0.06079237163134876,,,
2024-06,2024-06-03,2024-07-01,2024-06-03,101,97,3,1,3,0.1392496920255852,-0.03616811488723156,MRNA,0.16419518109700926,-0.21560011363059228,NVDA,0.1340439522169582,0.08095840555907219,MU,0.11950994276278822,0.02613736340982542
2024-06,2024-06-03,2024-08-01,2024-06-03,101,97,3,2,3,0.1392496920255852,-0.20684117092090812,MRNA,0.16419518109700926,-0.3629414591869218,NVDA,0.1340439522169582,-0.05026984604956519,MU,0.11950994276278822,-0.20731220752623736
2024-06,2024-06-03,2024-09-03,2024-06-03,101,97,3,3,3,0.1392496920255852,-0.2918788336803182,MRNA,0.16419518109700926,-0.5065620428402198,NVDA,0.1340439522169582,-0.06079237163134876,MU,0.11950994276278822,-0.30828208656938605
2024-07,2024-07-01,2024-08-01,2024-07-01,101,97,3,1,1,0.12826258315857453,-0.1213999085753592,NVDA,0.12826258315857453,-0.1213999085753592,,,,,,
2024-07,2024-07-01,2024-09-03,2024-07-01,101,97,3,2,1,0.12826258315857453,-0.13113434935279256,NVDA,0.12826258315857453,-0.13113434935279256,,,,,,
2024-07,2024-07-01,2024-10-01,2024-07-01,101,97,3,3,1,0.12826258315857453,-0.05864840849174502,NVDA,0.12826258315857453,-0.05864840849174502,,,,,,
2024-07,2024-07-01,2024-08-01,2024-07-01,101,97,3,1,2,0.11985284777592461,-0.178184054472105,NVDA,0.12826258315857453,-0.1213999085753592,ARM,0.11144311239327469,-0.2349682003688508,,,
2024-07,2024-07-01,2024-09-03,2024-07-01,101,97,3,2,2,0.11985284777592461,-0.17603120402461075,NVDA,0.12826258315857453,-0.13113434935279256,ARM,0.11144311239327469,-0.22092805869642895,,,
2024-07,2024-07-01,2024-10-01,2024-07-01,101,97,3,3,2,0.11985284777592461,-0.10094165604253896,NVDA,0.12826258315857453,-0.05864840849174502,ARM,0.11144311239327469,-0.1432349035933329,,,
2024-07,2024-07-01,2024-08-01,2024-07-01,101,97,3,1,3,0.10883838780956817,-0.11631336733595321,NVDA,0.12826258315857453,-0.1213999085753592,ARM,0.11144311239327469,-0.2349682003688508,AAPL,0.08680946787685528,0.007428006936350373
2024-07,2024-07-01,2024-09-03,2024-07-01,101,97,3,2,3,0.10883838780956817,-0.10769960322509464,NVDA,0.12826258315857453,-0.13113434935279256,ARM,0.11144311239327469,-0.22092805869642895,AAPL,0.08680946787685528,0.028963598373937582
2024-07,2024-07-01,2024-10-01,2024-07-01,101,97,3,3,3,0.10883838780956817,-0.052343522464648205,NVDA,0.12826258315857453,-0.05864840849174502,ARM,0.11144311239327469,-0.1432349035933329,AAPL,0.08680946787685528,0.04485274469113332
2024-08,2024-08-01,2024-09-03,2024-08-01,101,98,3,1,1,0.13660614621242786,-0.081040898994726,CHTR,0.13660614621242786,-0.081040898994726,,,,,,
2024-08,2024-08-01,2024-10-01,2024-08-01,101,98,3,2,1,0.13660614621242786,-0.1273841124178945,CHTR,0.13660614621242786,-0.1273841124178945,,,,,,
2024-08,2024-08-01,2024-11-01,2024-08-01,101,98,3,3,1,0.13660614621242786,-0.027800649792799947,CHTR,0.13660614621242786,-0.027800649792799947,,,,,,
2024-08,2024-08-01,2024-09-03,2024-08-01,101,98,3,1,2,0.12638875548852851,-0.03134426774962962,CHTR,0.13660614621242786,-0.081040898994726,ARM,0.11617136476462915,0.01835236349546676,,,
2024-08,2024-08-01,2024-10-01,2024-08-01,101,98,3,2,2,0.12638875548852851,-0.00373814526057481,CHTR,0.13660614621242786,-0.1273841124178945,ARM,0.11617136476462915,0.11990782189674487,,,
2024-08,2024-08-01,2024-11-01,2024-08-01,101,98,3,3,2,0.12638875548852851,0.06827395392930241,CHTR,0.13660614621242786,-0.027800649792799947,ARM,0.11617136476462915,0.16434855765140477,,,
2024-08,2024-08-01,2024-09-03,2024-08-01,101,98,3,1,3,0.12252768445691303,-0.024589341776365476,CHTR,0.13660614621242786,-0.081040898994726,ARM,0.11617136476462915,0.01835236349546676,NVDA,0.11480554239368208,-0.011079489829837197
2024-08,2024-08-01,2024-10-01,2024-08-01,101,98,3,2,3,0.12252768445691303,0.02131528367174614,CHTR,0.13660614621242786,-0.1273841124178945,ARM,0.11617136476462915,0.11990782189674487,NVDA,0.11480554239368208,0.07142214153638804
2024-08,2024-08-01,2024-11-01,2024-08-01,101,98,3,3,3,0.12252768445691303,0.12548912019140113,CHTR,0.13660614621242786,-0.027800649792799947,ARM,0.11617136476462915,0.16434855765140477,NVDA,0.11480554239368208,0.23991945271559856
2024-09,2024-09-03,2024-10-01,2024-09-03,101,98,3,1,1,0.10733543819484274,-0.008297671625031366,FTNT,0.10733543819484274,-0.008297671625031366,,,,,,
2024-09,2024-09-03,2024-11-01,2024-09-03,101,98,3,2,1,0.10733543819484274,0.021651832721488073,FTNT,0.10733543819484274,0.021651832721488073,,,,,,
2024-09,2024-09-03,2024-12-02,2024-09-03,101,98,3,3,1,0.10733543819484274,0.23583564228119003,FTNT,0.10733543819484274,0.23583564228119003,,,,,,
2024-09,2024-09-03,2024-10-01,2024-09-03,101,98,3,1,2,0.10306469422595452,-0.06389945998957403,FTNT,0.10733543819484274,-0.008297671625031366,ADBE,0.09879395025706628,-0.11950124835411668,,,
2024-09,2024-09-03,2024-11-01,2024-09-03,101,98,3,2,2,0.10306469422595452,-0.06643661658764932,FTNT,0.10733543819484274,0.021651832721488073,ADBE,0.09879395025706628,-0.15452506589678672,,,
2024-09,2024-09-03,2024-12-02,2024-09-03,101,98,3,3,2,0.10306469422595452,0.06990019721717283,FTNT,0.10733543819484274,0.23583564228119003,ADBE,0.09879395025706628,-0.09603524784684436,,,
2024-09,2024-09-03,2024-10-01,2024-09-03,101,98,3,1,3,0.09910410093852619,-0.04587513728890739,FTNT,0.10733543819484274,-0.008297671625031366,ADBE,0.09879395025706628,-0.11950124835411668,ILMN,0.09118291436366954,-0.009826491887574118
2024-09,2024-09-03,2024-11-01,2024-09-03,101,98,3,2,3,0.09910410093852619,0.005609123980028589,FTNT,0.10733543819484274,0.021651832721488073,ADBE,0.09879395025706628,-0.15452506589678672,ILMN,0.09118291436366954,0.1497006051153844
2024-09,2024-09-03,2024-12-02,2024-09-03,101,98,3,3,3,0.09910410093852619,0.08470341214133019,FTNT,0.10733543819484274,0.23583564228119003,ADBE,0.09879395025706628,-0.09603524784684436,ILMN,0.09118291436366954,0.11430984198964489
2024-10,2024-10-01,2024-11-01,2024-10-01,101,98,3,1,1,0.12102296022313593,-0.02827466156536007,CEG,0.12102296022313593,-0.02827466156536007,,,,,,
2024-10,2024-10-01,2024-12-02,2024-10-01,101,98,3,2,1,0.12102296022313593,-0.05887767766874186,CEG,0.12102296022313593,-0.05887767766874186,,,,,,
2024-10,2024-10-01,2025-01-02,2024-10-01,101,98,3,3,1,0.12102296022313593,-0.08519802782332242,CEG,0.12102296022313593,-0.08519802782332242,,,,,,
2024-10,2024-10-01,2024-11-01,2024-10-01,101,98,3,1,2,0.11186851012788653,-0.015557244568151885,CEG,0.12102296022313593,-0.02827466156536007,PYPL,0.10271406003263713,-0.002839827570943698,,,
2024-10,2024-10-01,2024-12-02,2024-10-01,101,98,3,2,2,0.11186851012788653,0.029035389665695632,CEG,0.12102296022313593,-0.05887767766874186,PYPL,0.10271406003263713,0.11694845700013312,,,
2024-10,2024-10-01,2025-01-02,2024-10-01,101,98,3,3,2,0.11186851012788653,0.01361628799702197,CEG,0.12102296022313593,-0.08519802782332242,PYPL,0.10271406003263713,0.11243060381736636,,,
2024-10,2024-10-01,2024-11-01,2024-10-01,101,98,3,1,3,0.10745139706812608,-0.0003047981066511459,CEG,0.12102296022313593,-0.02827466156536007,PYPL,0.10271406003263713,-0.002839827570943698,FTNT,0.09861717094860523,0.03020009481635033
2024-10,2024-10-01,2024-12-02,2024-10-01,101,98,3,2,3,0.10745139706812608,0.1014155936200875,CEG,0.12102296022313593,-0.05887767766874186,PYPL,0.10271406003263713,0.11694845700013312,FTNT,0.09861717094860523,0.2461760015288712
2024-10,2024-10-01,2025-01-02,2024-10-01,101,98,3,3,3,0.10745139706812608,0.08865220893356203,CEG,0.12102296022313593,-0.08519802782332242,PYPL,0.10271406003263713,0.11243060381736636,FTNT,0.09861717094860523,0.23872405080664216
2024-11,2024-11-01,2024-12-02,2024-11-01,101,98,3,1,1,0.15627008933872244,-0.03149348369641203,CEG,0.15627008933872244,-0.03149348369641203,,,,,,
2024-11,2024-11-01,2025-01-02,2024-11-01,101,98,3,2,1,0.15627008933872244,-0.05857968708489236,CEG,0.15627008933872244,-0.05857968708489236,,,,,,
2024-11,2024-11-01,2025-02-03,2024-11-01,101,98,3,3,1,0.15627008933872244,0.1886497789302457,CEG,0.15627008933872244,0.1886497789302457,,,,,,
2024-11,2024-11-01,2024-12-02,2024-11-01,101,98,3,1,2,0.14271071474046293,0.05077642071072985,CEG,0.15627008933872244,-0.03149348369641203,DASH,0.1291513401422034,0.13304632511787173,,,
2024-11,2024-11-01,2025-01-02,2024-11-01,101,98,3,2,2,0.14271071474046293,0.018859937652836722,CEG,0.15627008933872244,-0.05857968708489236,DASH,0.1291513401422034,0.09629956239056581,,,
2024-11,2024-11-01,2025-02-03,2024-11-01,101,98,3,3,2,0.14271071474046293,0.2071990978774736,CEG,0.15627008933872244,0.1886497789302457,DASH,0.1291513401422034,0.22574841682470148,,,
2024-11,2024-11-01,2024-12-02,2024-11-01,101,98,3,1,3,0.13628813545089455,0.10373248691748234,CEG,0.15627008933872244,-0.03149348369641203,DASH,0.1291513401422034,0.13304632511787173,FTNT,0.12344297687175776,0.20964461933098733
2024-11,2024-11-01,2025-01-02,2024-11-01,101,98,3,2,3,0.13628813545089455,0.0800436654171723,CEG,0.15627008933872244,-0.05857968708489236,DASH,0.1291513401422034,0.09629956239056581,FTNT,0.12344297687175776,0.20241112094584346
2024-11,2024-11-01,2025-02-03,2024-11-01,101,98,3,3,3,0.13628813545089455,0.23161833944045954,CEG,0.15627008933872244,0.1886497789302457,DASH,0.1291513401422034,0.22574841682470148,FTNT,0.12344297687175776,0.28045682256643145
2024-12,2024-12-02,2025-01-02,2024-12-02,101,98,3,1,1,0.6056236548702633,0.003493944197426435,APP,0.6056236548702633,0.003493944197426435,,,,,,
2024-12,2024-12-02,2025-02-03,2024-12-02,101,98,3,2,1,0.6056236548702633,0.07296164411964301,APP,0.6056236548702633,0.07296164411964301,,,,,,
2024-12,2024-12-02,2025-03-03,2024-12-02,101,98,3,3,1,0.6056236548702633,-0.009542264995874294,APP,0.6056236548702633,-0.009542264995874294,,,,,,
2024-12,2024-12-02,2025-01-02,2024-12-02,101,98,3,1,2,0.40686877379051933,0.032817574284400464,APP,0.6056236548702633,0.003493944197426435,TSLA,0.20811389271077538,0.06214120437137449,,,
2024-12,2024-12-02,2025-02-03,2024-12-02,101,98,3,2,2,0.40686877379051933,0.07371232757745338,APP,0.6056236548702633,0.07296164411964301,TSLA,0.20811389271077538,0.07446301103526376,,,
2024-12,2024-12-02,2025-03-03,2024-12-02,101,98,3,3,2,0.40686877379051933,-0.10620214874637479,APP,0.6056236548702633,-0.009542264995874294,TSLA,0.20811389271077538,-0.2028620324968753,,,
2024-12,2024-12-02,2025-01-02,2024-12-02,101,98,3,1,3,0.3335164275195823,-0.007570999147866002,APP,0.6056236548702633,0.003493944197426435,TSLA,0.20811389271077538,0.06214120437137449,TEAM,0.18681173497770834,-0.08834814601239893
2024-12,2024-12-02,2025-02-03,2024-12-02,101,98,3,2,3,0.3335164275195823,0.10620988853404612,APP,0.6056236548702633,0.07296164411964301,TSLA,0.20811389271077538,0.07446301103526376,TEAM,0.18681173497770834,0.17120501044723158
2024-12,2024-12-02,2025-03-03,2024-12-02,101,98,3,3,3,0.3335164275195823,-0.0603455925387936,APP,0.6056236548702633,-0.009542264995874294,TSLA,0.20811389271077538,-0.2028620324968753,TEAM,0.18681173497770834,0.031367519876368766
2025-01,2025-01-02,2025-02-03,2025-01-02,101,98,3,1,1,0.4459652840313962,0.06922582873957994,APP,0.4459652840313962,0.06922582873957994,,,,,,
2025-01,2025-01-02,2025-03-03,2025-01-02,101,98,3,2,1,0.4459652840313962,-0.012990819993165759,APP,0.4459652840313962,-0.012990819993165759,,,,,,
2025-01,2025-01-02,2025-04-01,2025-01-02,101,98,3,3,1,0.4459652840313962,-0.17285969566175896,APP,0.4459652840313962,-0.17285969566175896,,,,,,
2025-01,2025-01-02,2025-02-03,2025-01-02,101,98,3,1,2,0.3673216809271207,0.09146884697217339,APP,0.4459652840313962,0.06922582873957994,PLTR,0.28867807782284527,0.11371186520476684,,,
2025-01,2025-01-02,2025-03-03,2025-01-02,101,98,3,2,2,0.3673216809271207,0.04823258215870735,APP,0.4459652840313962,-0.012990819993165759,PLTR,0.28867807782284527,0.10945598431058046,,,
2025-01,2025-01-02,2025-04-01,2025-01-02,101,98,3,3,2,0.3673216809271207,-0.023323067968989863,APP,0.4459652840313962,-0.17285969566175896,PLTR,0.28867807782284527,0.12621355972377923,,,
2025-01,2025-01-02,2025-02-03,2025-01-02,101,98,3,1,3,0.34003578625265907,0.11328858215838207,APP,0.4459652840313962,0.06922582873957994,PLTR,0.28867807782284527,0.11371186520476684,MSTR,0.2854639969037358,0.15692805253079944
2025-01,2025-01-02,2025-03-03,2025-01-02,101,98,3,2,3,0.34003578625265907,-0.022387582693780494,APP,0.4459652840313962,-0.012990819993165759,PLTR,0.28867807782284527,0.10945598431058046,MSTR,0.2854639969037358,-0.16362791239875618
2025-01,2025-01-02,2025-04-01,2025-01-02,101,98,3,3,3,0.34003578625265907,-0.008871180061039338,APP,0.4459652840313962,-0.17285969566175896,PLTR,0.28867807782284527,0.12621355972377923,MSTR,0.2854639969037358,0.020032595754861715
2025-02,2025-02-03,2025-03-03,2025-02-03,101,98,3,1,1,0.38515229284878,-0.07689362389390075,APP,0.38515229284878,-0.07689362389390075,,,,,,
2025-02,2025-02-03,2025-04-01,2025-02-03,101,98,3,2,1,0.38515229284878,-0.22641196826185273,APP,0.38515229284878,-0.22641196826185273,,,,,,
2025-02,2025-02-03,2025-05-01,2025-02-03,101,98,3,3,1,0.38515229284878,-0.23519596002852017,APP,0.38515229284878,-0.23519596002852017,,,,,,
2025-02,2025-02-03,2025-03-03,2025-02-03,101,98,3,1,2,0.3309083074047012,-0.040357486075129845,APP,0.38515229284878,-0.07689362389390075,PLTR,0.27666432196062235,-0.0038213482563589363,,,
2025-02,2025-02-03,2025-04-01,2025-02-03,101,98,3,2,2,0.3309083074047012,-0.1075933589494959,APP,0.38515229284878,-0.22641196826185273,PLTR,0.27666432196062235,0.011225250362860928,,,
2025-02,2025-02-03,2025-05-01,2025-02-03,101,98,3,3,2,0.3309083074047012,0.07621620623207509,APP,0.38515229284878,-0.23519596002852017,PLTR,0.27666432196062235,0.38762837249267035,,,
2025-02,2025-02-03,2025-03-03,2025-02-03,101,98,3,1,3,0.2874245291032989,-0.119263360000056,APP,0.38515229284878,-0.07689362389390075,PLTR,0.27666432196062235,-0.0038213482563589363,MSTR,0.20045697250049446,-0.2770751078499083
2025-02,2025-02-03,2025-04-01,2025-02-03,101,98,3,2,3,0.2874245291032989,-0.11117113301363246,APP,0.38515229284878,-0.22641196826185273,PLTR,0.27666432196062235,0.011225250362860928,MSTR,0.20045697250049446,-0.11832668114190559
2025-02,2025-02-03,2025-05-01,2025-02-03,101,98,3,3,3,0.2874245291032989,0.08395303444055653,APP,0.38515229284878,-0.23519596002852017,PLTR,0.27666432196062235,0.38762837249267035,MSTR,0.20045697250049446,0.09942669085751943
2025-03,2025-03-03,2025-04-01,2025-03-03,101,98,3,1,1,0.08081354899264344,0.015104317476472007,PLTR,0.08081354899264344,0.015104317476472007,,,,,,
2025-03,2025-03-03,2025-05-01,2025-03-03,101,98,3,2,1,0.08081354899264344,0.39295132460815463,PLTR,0.08081354899264344,0.39295132460815463,,,,,,
2025-03,2025-03-03,2025-06-02,2025-03-03,101,98,3,3,1,0.08081354899264344,0.5828338070533214,PLTR,0.08081354899264344,0.5828338070533214,,,,,,
2025-03,2025-03-03,2025-04-01,2025-03-03,101,98,3,1,2,0.07960628120252122,-0.00938457553619021,PLTR,0.08081354899264344,0.015104317476472007,GILD,0.07839901341239901,-0.033873468548852426,,,
2025-03,2025-03-03,2025-05-01,2025-03-03,101,98,3,2,2,0.07960628120252122,0.14468092690163903,PLTR,0.08081354899264344,0.39295132460815463,GILD,0.07839901341239901,-0.10358947080487657,,,
2025-03,2025-03-03,2025-06-02,2025-03-03,101,98,3,3,2,0.07960628120252122,0.26419208428872837,PLTR,0.08081354899264344,0.5828338070533214,GILD,0.07839901341239901,-0.0544496384758647,,,
2025-03,2025-03-03,2025-04-01,2025-03-03,101,98,3,1,3,0.07485484984636163,-0.03888349523934209,PLTR,0.08081354899264344,0.015104317476472007,GILD,0.07839901341239901,-0.033873468548852426,AVGO,0.06535198713404244,-0.09788133464564586
2025-03,2025-03-03,2025-05-01,2025-03-03,101,98,3,2,3,0.07485484984636163,0.11523524014992066,PLTR,0.08081354899264344,0.39295132460815463,GILD,0.07839901341239901,-0.10358947080487657,AVGO,0.06535198713404244,0.05634386664648394
2025-03,2025-03-03,2025-06-02,2025-03-03,101,98,3,3,3,0.07485484984636163,0.28659151227639595,PLTR,0.08081354899264344,0.5828338070533214,GILD,0.07839901341239901,-0.0544496384758647,AVGO,0.06535198713404244,0.3313903682517312
2025-04,2025-04-01,2025-05-01,2025-04-01,101,98,3,1,1,0.08042811914673272,-0.13274409441542556,PDD,0.08042811914673272,-0.13274409441542556,,,,,,
2025-04,2025-04-01,2025-06-02,2025-04-01,101,98,3,2,1,0.08042811914673272,-0.21073737200674736,PDD,0.08042811914673272,-0.21073737200674736,,,,,,
2025-04,2025-04-01,2025-07-01,2025-04-01,101,98,3,3,1,0.08042811914673272,-0.13667243018220632,PDD,0.08042811914673272,-0.13667243018220632,,,,,,
2025-04,2025-04-01,2025-05-01,2025-04-01,101,98,3,1,2,0.07664047517836398,-0.10647774837825208,PDD,0.08042811914673272,-0.13274409441542556,TMUS,0.07285283120999524,-0.0802114023410786,,,
2025-04,2025-04-01,2025-06-02,2025-04-01,101,98,3,2,2,0.07664047517836398,-0.15114001386249426,PDD,0.08042811914673272,-0.21073737200674736,TMUS,0.07285283120999524,-0.09154265571824116,,,
2025-04,2025-04-01,2025-07-01,2025-04-01,101,98,3,3,2,0.07664047517836398,-0.11700420314902388,PDD,0.08042811914673272,-0.13667243018220632,TMUS,0.07285283120999524,-0.09733597611584144,,,
2025-04,2025-04-01,2025-05-01,2025-04-01,101,98,3,1,3,0.0751315910768162,-0.06604899989402264,PDD,0.08042811914673272,-0.13274409441542556,TMUS,0.07285283120999524,-0.0802114023410786,EXC,0.07211382287372066,0.014808497074436211
2025-04,2025-04-01,2025-06-02,2025-04-01,101,98,3,2,3,0.0751315910768162,-0.11338412274170977,PDD,0.08042811914673272,-0.21073737200674736,TMUS,0.07285283120999524,-0.09154265571824116,EXC,0.07211382287372066,-0.037872340500140766
2025-04,2025-04-01,2025-07-01,2025-04-01,101,98,3,3,3,0.0751315910768162,-0.093409964979229,PDD,0.08042811914673272,-0.13667243018220632,TMUS,0.07285283120999524,-0.09733597611584144,EXC,0.07211382287372066,-0.04622148863963926
2025-05,2025-05-01,2025-06-02,2025-05-01,101,98,3,1,1,0.1278359249056511,0.13631666741734993,PLTR,0.1278359249056511,0.13631666741734993,,,,,,
2025-05,2025-05-01,2025-07-01,2025-05-01,101,98,3,2,1,0.1278359249056511,0.12461270316546336,PLTR,0.1278359249056511,0.12461270316546336,,,,,,
2025-05,2025-05-01,2025-08-01,2025-05-01,101,98,3,3,1,0.1278359249056511,0.32762485648924655,PLTR,0.1278359249056511,0.32762485648924655,,,,,,
2025-05,2025-05-01,2025-06-02,2025-05-01,101,98,3,1,2,0.10513287183482445,0.052063610477883715,PLTR,0.1278359249056511,0.13631666741734993,TTWO,0.0824298187639978,-0.032189446461582505,,,
2025-05,2025-05-01,2025-07-01,2025-05-01,101,98,3,2,2,0.10513287183482445,0.07278814767270014,PLTR,0.1278359249056511,0.12461270316546336,TTWO,0.0824298187639978,0.02096359217993693,,,
2025-05,2025-05-01,2025-08-01,2025-05-01,101,98,3,3,2,0.10513287183482445,0.13279232267952218,PLTR,0.1278359249056511,0.32762485648924655,TTWO,0.0824298187639978,-0.062040211130202194,,,
2025-05,2025-05-01,2025-06-02,2025-05-01,101,98,3,1,3,0.09672753568085295,0.058846625960071695,PLTR,0.1278359249056511,0.13631666741734993,TTWO,0.0824298187639978,-0.032189446461582505,MNST,0.07991686337290993,0.07241265692444765
2025-05,2025-05-01,2025-07-01,2025-05-01,101,98,3,2,3,0.09672753568085295,0.07103887503250661,PLTR,0.1278359249056511,0.12461270316546336,TTWO,0.0824298187639978,0.02096359217993693,MNST,0.07991686337290993,0.06754032975211954
2025-05,2025-05-01,2025-08-01,2025-05-01,101,98,3,3,3,0.09672753568085295,0.08572803592974787,PLTR,0.1278359249056511,0.32762485648924655,TTWO,0.0824298187639978,-0.062040211130202194,MNST,0.07991686337290993,-0.008400537569800748
2025-06,2025-06-02,2025-07-01,2025-06-02,101,98,3,1,1,0.1745485967968874,-0.010299914264645715,PLTR,0.1745485967968874,-0.010299914264645715,,,,,,
2025-06,2025-06-02,2025-08-01,2025-06-02,101,98,3,2,1,0.1745485967968874,0.16835816507620782,PLTR,0.1745485967968874,0.16835816507620782,,,,,,
2025-06,2025-06-02,2025-09-02,2025-06-02,101,98,3,3,1,0.1745485967968874,0.18971527056559334,PLTR,0.1745485967968874,0.18971527056559334,,,,,,
2025-06,2025-06-02,2025-07-01,2025-06-02,101,98,3,1,2,0.16819177407414165,0.018964946683904638,PLTR,0.1745485967968874,-0.010299914264645715,ZS,0.16183495135139592,0.04822980763245499,,,
2025-06,2025-06-02,2025-08-01,2025-06-02,101,98,3,2,2,0.16819177407414165,0.062161884938289946,PLTR,0.1745485967968874,0.16835816507620782,ZS,0.16183495135139592,-0.04403439519962793,,,
2025-06,2025-06-02,2025-09-02,2025-06-02,101,98,3,3,2,0.16819177407414165,0.06311947814984609,PLTR,0.1745485967968874,0.18971527056559334,ZS,0.16183495135139592,-0.06347631426590117,,,
2025-06,2025-06-02,2025-07-01,2025-06-02,101,98,3,1,3,0.16125224087660583,0.013565566402278203,PLTR,0.1745485967968874,-0.010299914264645715,ZS,0.16183495135139592,0.04822980763245499,MSTR,0.14737317448153417,0.0027668058390253325
2025-06,2025-06-02,2025-08-01,2025-06-02,101,98,3,2,3,0.16125224087660583,0.03639117263872046,PLTR,0.1745485967968874,0.16835816507620782,ZS,0.16183495135139592,-0.04403439519962793,MSTR,0.14737317448153417,-0.015150251960418526
2025-06,2025-06-02,2025-09-02,2025-06-02,101,98,3,3,3,0.16125224087660583,0.014635418254374458,PLTR,0.1745485967968874,0.18971527056559334,ZS,0.16183495135139592,-0.06347631426590117,MSTR,0.14737317448153417,-0.0823327015365688
2025-07,2025-07-01,2025-08-01,2025-07-01,101,98,3,1,1,0.16609760268157628,0.09027730357212871,AVGO,0.16609760268157628,0.09027730357212871,,,,,,
2025-07,2025-07-01,2025-09-02,2025-07-01,101,98,3,2,1,0.16609760268157628,0.1265392909254468,AVGO,0.16609760268157628,0.1265392909254468,,,,,,
2025-07,2025-07-01,2025-10-01,2025-07-01,101,98,3,3,1,0.16609760268157628,0.26146875491130017,AVGO,0.16609760268157628,0.26146875491130017,,,,,,
2025-07,2025-07-01,2025-08-01,2025-07-01,101,98,3,1,2,0.1660890611157122,0.13539734829214245,AVGO,0.16609760268157628,0.09027730357212871,PLTR,0.16608051954984815,0.1805173930121562,,,
2025-07,2025-07-01,2025-09-02,2025-07-01,101,98,3,2,2,0.1660890611157122,0.1643180275499222,AVGO,0.16609760268157628,0.1265392909254468,PLTR,0.16608051954984815,0.2020967641743976,,,
2025-07,2025-07-01,2025-10-01,2025-07-01,101,98,3,3,2,0.1660890611157122,0.3383790335397131,AVGO,0.16609760268157628,0.26146875491130017,PLTR,0.16608051954984815,0.41528931216812603,,,
2025-07,2025-07-01,2025-08-01,2025-07-01,101,98,3,1,3,0.16280257040052595,0.060925212035670105,AVGO,0.16609760268157628,0.09027730357212871,PLTR,0.16608051954984815,0.1805173930121562,ZS,0.1562295889701535,-0.08801906047727459
2025-07,2025-07-01,2025-09-02,2025-07-01,101,98,3,2,3,0.16280257040052595,0.07402320408022052,AVGO,0.16609760268157628,0.1265392909254468,PLTR,0.16608051954984815,0.2020967641743976,ZS,0.1562295889701535,-0.10656644285918282
2025-07,2025-07-01,2025-10-01,2025-07-01,101,98,3,3,3,0.16280257040052595,0.2225598515081136,AVGO,0.16609760268157628,0.26146875491130017,PLTR,0.16608051954984815,0.41528931216812603,ZS,0.1562295889701535,-0.009078512555085405
2025-08,2025-08-01,2025-09-02,2025-08-01,101,99,3,1,1,0.21163240659199345,-0.05463010943937863,AMD,0.21163240659199345,-0.05463010943937863,,,,,,
2025-08,2025-08-01,2025-10-01,2025-08-01,101,99,3,2,1,0.21163240659199345,-0.04478743493352744,AMD,0.21163240659199345,-0.04478743493352744,,,,,,
2025-08,2025-08-01,2025-11-03,2025-08-01,101,99,3,3,1,0.21163240659199345,0.5122306261586838,AMD,0.21163240659199345,0.5122306261586838,,,,,,
2025-08,2025-08-01,2025-09-02,2025-08-01,101,99,3,1,2,0.1997088827569352,-0.21260781057073813,AMD,0.21163240659199345,-0.05463010943937863,TTD,0.187785358921877,-0.37058551170209764,,,
2025-08,2025-08-01,2025-10-01,2025-08-01,101,99,3,2,2,0.1997088827569352,-0.23591603016592966,AMD,0.21163240659199345,-0.04478743493352744,TTD,0.187785358921877,-0.4270446253983319,,,
2025-08,2025-08-01,2025-11-03,2025-08-01,101,99,3,3,2,0.1997088827569352,0.041431285936140594,AMD,0.21163240659199345,0.5122306261586838,TTD,0.187785358921877,-0.42936805428640257,,,
2025-08,2025-08-01,2025-09-02,2025-08-01,101,99,3,1,3,0.186478886226929,-0.1473798169441013,AMD,0.21163240659199345,-0.05463010943937863,TTD,0.187785358921877,-0.37058551170209764,NVDA,0.16001889316691664,-0.01692382969082762
2025-08,2025-08-01,2025-10-01,2025-08-01,101,99,3,2,3,0.186478886226929,-0.1313149486684697,AMD,0.21163240659199345,-0.04478743493352744,TTD,0.187785358921877,-0.4270446253983319,NVDA,0.16001889316691664,0.07788721432645018
2025-08,2025-08-01,2025-11-03,2025-08-01,101,99,3,3,3,0.186478886226929,0.09127052915868376,AMD,0.21163240659199345,0.5122306261586838,TTD,0.187785358921877,-0.42936805428640257,NVDA,0.16001889316691664,0.1909490156037701
2025-09,2025-09-02,2025-10-01,2025-09-02,101,99,3,1,1,0.1314116943278353,0.010411453341309995,AMD,0.1314116943278353,0.010411453341309995,,,,,,
2025-09,2025-09-02,2025-11-03,2025-09-02,101,99,3,2,1,0.1314116943278353,0.5996179286627203,AMD,0.1314116943278353,0.5996179286627203,,,,,,
2025-09,2025-09-02,2025-12-01,2025-09-02,101,99,3,3,1,0.1314116943278353,0.35386880600545023,AMD,0.1314116943278353,0.35386880600545023,,,,,,
2025-09,2025-09-02,2025-10-01,2025-09-02,101,99,3,1,2,0.11279128107698655,0.04307257990192648,AMD,0.1314116943278353,0.010411453341309995,SHOP,0.09417086782613777,0.07573370646254296,,,
2025-09,2025-09-02,2025-11-03,2025-09-02,101,99,3,2,2,0.11279128107698655,0.421716367928216,AMD,0.1314116943278353,0.5996179286627203,SHOP,0.09417086782613777,0.24381480719371162,,,
2025-09,2025-09-02,2025-12-01,2025-09-02,101,99,3,3,2,0.11279128107698655,0.21375836009286597,AMD,0.1314116943278353,0.35386880600545023,SHOP,0.09417086782613777,0.07364791418028171,,,
2025-09,2025-09-02,2025-10-01,2025-09-02,101,99,3,1,3,0.10429760477521798,-0.029408970134511752,AMD,0.1314116943278353,0.010411453341309995,SHOP,0.09417086782613777,0.07573370646254296,SNPS,0.08731025217168083,-0.1743720702073882
2025-09,2025-09-02,2025-11-03,2025-09-02,101,99,3,2,3,0.10429760477521798,0.1987751377074722,AMD,0.1314116943278353,0.5996179286627203,SHOP,0.09417086782613777,0.24381480719371162,SNPS,0.08731025217168083,-0.24710732273401537
2025-09,2025-09-02,2025-12-01,2025-09-02,101,99,3,3,3,0.10429760477521798,0.055952982118642414,AMD,0.1314116943278353,0.35386880600545023,SHOP,0.09417086782613777,0.07364791418028171,SNPS,0.08731025217168083,-0.2596577738298047
2025-10,2025-10-01,2025-11-03,2025-10-01,101,99,3,1,1,0.2860804705051405,-0.10218865409636135,APP,0.2860804705051405,-0.10218865409636135,,,,,,
2025-10,2025-10-01,2025-12-01,2025-10-01,101,99,3,2,1,0.2860804705051405,-0.11433197024465813,APP,0.2860804705051405,-0.11433197024465813,,,,,,
2025-10,2025-10-01,2026-01-02,2025-10-01,101,99,3,3,1,0.2860804705051405,-0.1218168362848524,APP,0.2860804705051405,-0.1218168362848524,,,,,,
2025-10,2025-10-01,2025-11-03,2025-10-01,101,99,3,1,2,0.26712759573899386,0.024874677502151832,APP,0.2860804705051405,-0.10218865409636135,WBD,0.24817472097284718,0.15193800910066502,,,
2025-10,2025-10-01,2025-12-01,2025-10-01,101,99,3,2,2,0.26712759573899386,0.059629890036727584,APP,0.2860804705051405,-0.11433197024465813,WBD,0.24817472097284718,0.2335917503181133,,,
2025-10,2025-10-01,2026-01-02,2025-10-01,101,99,3,3,2,0.26712759573899386,0.17578407970847998,APP,0.2860804705051405,-0.1218168362848524,WBD,0.24817472097284718,0.47338499570181236,,,
2025-10,2025-10-01,2025-11-03,2025-10-01,101,99,3,1,3,0.24290079713696175,0.049601125284508295,APP,0.2860804705051405,-0.10218865409636135,WBD,0.24817472097284718,0.15193800910066502,INTC,0.19444719993289752,0.09905402084922121
2025-10,2025-10-01,2025-12-01,2025-10-01,101,99,3,2,3,0.24290079713696175,0.07750135731943579,APP,0.2860804705051405,-0.11433197024465813,WBD,0.24817472097284718,0.2335917503181133,INTC,0.19444719993289752,0.11324429188485219
2025-10,2025-10-01,2026-01-02,2025-10-01,101,99,3,3,3,0.24290079713696175,0.14909443723146495,APP,0.2860804705051405,-0.1218168362848524,WBD,0.24817472097284718,0.47338499570181236,INTC,0.19444719993289752,0.09571515227743488
2025-11,2025-11-03,2025-12-01,2025-11-03,102,100,3,1,1,0.3187892511591164,0.024541936627557437,MU,0.3187892511591164,0.024541936627557437,,,,,,
2025-11,2025-11-03,2026-01-02,2025-11-03,102,100,3,2,1,0.3187892511591164,0.34447145237402776,MU,0.3187892511591164,0.34447145237402776,,,,,,
2025-11,2025-11-03,2026-02-02,2025-11-03,102,100,3,3,1,0.3187892511591164,0.8661134983384711,MU,0.3187892511591164,0.8661134983384711,,,,,,
2025-11,2025-11-03,2025-12-01,2025-11-03,102,100,3,1,2,0.2989478041954121,0.01872664326989526,MU,0.3187892511591164,0.024541936627557437,INTC,0.2791063572317078,0.012911349912233083,,,
2025-11,2025-11-03,2026-01-02,2025-11-03,102,100,3,2,2,0.2989478041954121,0.17071675236568773,MU,0.3187892511591164,0.34447145237402776,INTC,0.2791063572317078,-0.0030379476426523055,,,
2025-11,2025-11-03,2026-02-02,2025-11-03,102,100,3,3,2,0.2989478041954121,0.5509048678184889,MU,0.3187892511591164,0.8661134983384711,INTC,0.2791063572317078,0.23569623729850675,,,
2025-11,2025-11-03,2025-12-01,2025-11-03,102,100,3,1,3,0.2793035715018661,0.0361123615340501,MU,0.3187892511591164,0.024541936627557437,INTC,0.2791063572317078,0.012911349912233083,WBD,0.24001510611477395,0.07088379806235978
2025-11,2025-11-03,2026-01-02,2025-11-03,102,100,3,2,3,0.2793035715018661,0.20682745443906078,MU,0.3187892511591164,0.34447145237402776,INTC,0.2791063572317078,-0.0030379476426523055,WBD,0.24001510611477395,0.27904885858580686
2025-11,2025-11-03,2026-02-02,2025-11-03,102,100,3,3,3,0.2793035715018661,0.4454813568830629,MU,0.3187892511591164,0.8661134983384711,INTC,0.2791063572317078,0.23569623729850675,WBD,0.24001510611477395,0.23463433501221087
2025-12,2025-12-01,2026-01-02,2025-12-01,101,99,3,1,1,0.2960180714651406,0.19438622649824167,WBD,0.2960180714651406,0.19438622649824167,,,,,,
2025-12,2025-12-01,2026-02-02,2025-12-01,101,99,3,2,1,0.2960180714651406,0.15291158316722941,WBD,0.2960180714651406,0.15291158316722941,,,,,,
2025-12,2025-12-01,2026-03-02,2025-12-01,101,99,3,3,1,0.2960180714651406,0.1939672810214823,WBD,0.2960180714651406,0.1939672810214823,,,,,,
2025-12,2025-12-01,2026-01-02,2025-12-01,101,99,3,1,2,0.28988196617109563,0.25332606608830344,WBD,0.2960180714651406,0.19438622649824167,MU,0.2837458608770507,0.3122659056783652,,,
2025-12,2025-12-01,2026-02-02,2025-12-01,101,99,3,2,2,0.28988196617109563,0.487162045580928,WBD,0.2960180714651406,0.15291158316722941,MU,0.2837458608770507,0.8214125079946266,,,
2025-12,2025-12-01,2026-03-02,2025-12-01,101,99,3,3,2,0.28988196617109563,0.45541486626921357,WBD,0.2960180714651406,0.1939672810214823,MU,0.2837458608770507,0.7168624515169448,,,
2025-12,2025-12-01,2026-01-02,2025-12-01,101,99,3,1,3,0.25952974444888305,0.16363537889310123,WBD,0.2960180714651406,0.19438622649824167,MU,0.2837458608770507,0.3122659056783652,INTC,0.19882530100445792,-0.015745995497303156
2025-12,2025-12-01,2026-02-02,2025-12-01,101,99,3,2,3,0.25952974444888305,0.398089730136751,WBD,0.2960180714651406,0.15291158316722941,MU,0.2837458608770507,0.8214125079946266,INTC,0.19882530100445792,0.2199450992483969
2025-12,2025-12-01,2026-03-02,2025-12-01,101,99,3,3,3,0.25952974444888305,0.3493484921073176,WBD,0.2960180714651406,0.1939672810214823,MU,0.2837458608770507,0.7168624515169448,INTC,0.19882530100445792,0.13721574378352575
2026-01,2026-01-02,2026-02-02,2026-01-02,101,99,3,1,1,0.20870447948737914,0.38799042184446786,MU,0.20870447948737914,0.38799042184446786,,,,,,
2026-01,2026-01-02,2026-03-02,2026-01-02,101,99,3,2,1,0.20870447948737914,0.30831902595947347,MU,0.20870447948737914,0.30831902595947347,,,,,,
2026-01,2026-01-02,2026-04-01,2026-01-02,101,99,3,3,1,0.20870447948737914,0.1667125696592029,MU,0.20870447948737914,0.1667125696592029,,,,,,
2026-01,2026-01-02,2026-02-02,2026-01-02,101,99,3,1,2,0.17875013757194125,0.24500877633864993,MU,0.20870447948737914,0.38799042184446786,AMD,0.1487957956565034,0.10202713083283199,,,
2026-01,2026-01-02,2026-03-02,2026-01-02,101,99,3,2,2,0.17875013757194125,0.09855919533581886,MU,0.20870447948737914,0.30831902595947347,AMD,0.1487957956565034,-0.11120063528783575,,,
2026-01,2026-01-02,2026-04-01,2026-01-02,101,99,3,3,2,0.17875013757194125,0.05368788541490749,MU,0.20870447948737914,0.1667125696592029,AMD,0.1487957956565034,-0.059336798829387916,,,
2026-01,2026-01-02,2026-02-02,2026-01-02,101,99,3,1,3,0.16552320656587935,0.1517643009898222,MU,0.20870447948737914,0.38799042184446786,AMD,0.1487957956565034,0.10202713083283199,WBD,0.1390693445537555,-0.03472464970783329
2026-01,2026-01-02,2026-03-02,2026-01-02,101,99,3,2,3,0.16552320656587935,0.06558920950832263,MU,0.20870447948737914,0.30831902595947347,AMD,0.1487957956565034,-0.11120063528783575,WBD,0.1390693445537555,-0.0003507621466698474
2026-01,2026-01-02,2026-04-01,2026-01-02,101,99,3,3,3,0.16552320656587935,0.023866278227324234,MU,0.20870447948737914,0.1667125696592029,AMD,0.1487957956565034,-0.059336798829387916,WBD,0.1390693445537555,-0.035776936147842275
2026-02,2026-02-02,2026-03-02,2026-02-02,101,99,3,1,1,0.2415994213834635,-0.057400537230740345,MU,0.2415994213834635,-0.057400537230740345,,,,,,
2026-02,2026-02-02,2026-04-01,2026-02-02,101,99,3,2,1,0.2415994213834635,-0.1594231838366823,MU,0.2415994213834635,-0.1594231838366823,,,,,,
2026-02,2026-02-02,2026-05-01,2026-02-02,101,99,3,3,1,0.2415994213834635,0.2390082552862225,MU,0.2415994213834635,0.2390082552862225,,,,,,
2026-02,2026-02-02,2026-03-02,2026-02-02,101,99,3,1,2,0.22467929398579728,-0.028977866955048337,MU,0.2415994213834635,-0.057400537230740345,WDC,0.2077591665881311,-0.000555196679356329,,,
2026-02,2026-02-02,2026-04-01,2026-02-02,101,99,3,2,2,0.22467929398579728,-0.02856532726939026,MU,0.2415994213834635,-0.1594231838366823,WDC,0.2077591665881311,0.10229252929790178,,,
2026-02,2026-02-02,2026-05-01,2026-02-02,101,99,3,3,2,0.22467929398579728,0.4183171757034049,MU,0.2415994213834635,0.2390082552862225,WDC,0.2077591665881311,0.5976260961205873,,,
2026-02,2026-02-02,2026-03-02,2026-02-02,101,99,3,1,3,0.21536393297384004,-0.06045498142247826,MU,0.2415994213834635,-0.057400537230740345,WDC,0.2077591665881311,-0.000555196679356329,STX,0.19673321094992557,-0.1234092103573381
2026-02,2026-02-02,2026-04-01,2026-02-02,101,99,3,2,3,0.21536393297384004,-0.026043544535469126,MU,0.2415994213834635,-0.1594231838366823,WDC,0.2077591665881311,0.10229252929790178,STX,0.19673321094992557,-0.02099997906762685
2026-02,2026-02-02,2026-05-01,2026-02-02,101,99,3,3,3,0.21536393297384004,0.5061930348836344,MU,0.2415994213834635,0.2390082552862225,WDC,0.2077591665881311,0.5976260961205873,STX,0.19673321094992557,0.6819447532440934
2026-03,2026-03-02,2026-04-01,2026-03-02,101,99,3,1,1,0.21428526343069756,-0.10823541773110079,MU,0.21428526343069756,-0.10823541773110079,,,,,,
2026-03,2026-03-02,2026-05-01,2026-03-02,101,99,3,2,1,0.21428526343069756,0.31445890245486097,MU,0.21428526343069756,0.31445890245486097,,,,,,
2026-03,2026-03-02,2026-06-01,2026-03-02,101,99,3,3,1,0.21428526343069756,1.5103229355775212,MU,0.21428526343069756,1.5103229355775212,,,,,,
2026-03,2026-03-02,2026-04-01,2026-03-02,101,99,3,1,2,0.20510766817573373,-0.002665279659081088,MU,0.21428526343069756,-0.10823541773110079,WDC,0.19593007292076992,0.10290485841293862,,,
2026-03,2026-03-02,2026-05-01,2026-03-02,101,99,3,2,2,0.20510766817573373,0.45648624400502724,MU,0.21428526343069756,0.31445890245486097,WDC,0.19593007292076992,0.5985135855551935,,,
2026-03,2026-03-02,2026-06-01,2026-03-02,101,99,3,3,2,0.20510766817573373,1.2668274141048659,MU,0.21428526343069756,1.5103229355775212,WDC,0.19593007292076992,1.0233318926322106,,,
2026-03,2026-03-02,2026-04-01,2026-03-02,101,99,3,1,3,0.18712985061620266,-0.014365612589030796,MU,0.21428526343069756,-0.10823541773110079,WDC,0.19593007292076992,0.10290485841293862,LRCX,0.1511742154971405,-0.03776627844893021
2026-03,2026-03-02,2026-05-01,2026-03-02,101,99,3,2,3,0.18712985061620266,0.341881970051718,MU,0.21428526343069756,0.31445890245486097,WDC,0.19593007292076992,0.5985135855551935,LRCX,0.1511742154971405,0.11267342214509957
2026-03,2026-03-02,2026-06-01,2026-03-02,101,99,3,3,3,0.18712985061620266,0.9693711212704484,MU,0.21428526343069756,1.5103229355775212,WDC,0.19593007292076992,1.0233318926322106,LRCX,0.1511742154971405,0.37445853560161346
2026-04,2026-04-01,2026-05-01,2026-04-01,101,99,3,1,1,0.18068021771755324,0.4493667095232743,WDC,0.18068021771755324,0.4493667095232743,,,,,,
2026-04,2026-04-01,2026-06-01,2026-04-01,101,99,3,2,1,0.18068021771755324,0.8345479913324083,WDC,0.18068021771755324,0.8345479913324083,,,,,,
2026-04,2026-04-01,2026-07-01,2026-04-01,101,99,3,3,1,0.18068021771755324,1.0102978930794646,WDC,0.18068021771755324,1.0102978930794646,,,,,,
2026-04,2026-04-01,2026-05-01,2026-04-01,101,99,3,1,2,0.17352695758523623,0.5836949570506007,WDC,0.18068021771755324,0.4493667095232743,STX,0.16637369745291922,0.7180232045779271,,,
2026-04,2026-04-01,2026-06-01,2026-04-01,101,99,3,2,2,0.17352695758523623,1.0059249605010547,WDC,0.18068021771755324,0.8345479913324083,STX,0.16637369745291922,1.1773019296697012,,,
2026-04,2026-04-01,2026-07-01,2026-04-01,101,99,3,3,2,0.17352695758523623,1.0873981378756497,WDC,0.18068021771755324,1.0102978930794646,STX,0.16637369745291922,1.1644983826718347,,,
2026-04,2026-04-01,2026-05-01,2026-04-01,101,99,3,1,3,0.15367972407743644,0.5097421308249312,WDC,0.18068021771755324,0.4493667095232743,STX,0.16637369745291922,0.7180232045779271,ARM,0.11398525706183686,0.36183647837359234
2026-04,2026-04-01,2026-06-01,2026-04-01,101,99,3,2,3,0.15367972407743644,1.21613369025308,WDC,0.18068021771755324,0.8345479913324083,STX,0.16637369745291922,1.1773019296697012,ARM,0.11398525706183686,1.6365511497571306
2026-04,2026-04-01,2026-07-01,2026-04-01,101,99,3,3,3,0.15367972407743644,1.1170130559579075,WDC,0.18068021771755324,1.0102978930794646,STX,0.16637369745291922,1.1644983826718347,ARM,0.11398525706183686,1.1762428921224228
2026-05,2026-05-01,2026-06-01,2026-05-01,101,99,3,1,1,0.3539702737847734,0.09747037559488292,INTC,0.3539702737847734,0.09747037559488292,,,,,,
2026-05,2026-05-01,2026-07-01,2026-05-01,101,99,3,2,1,0.3539702737847734,0.27504510280114847,INTC,0.3539702737847734,0.27504510280114847,,,,,,
2026-05,2026-05-01,2026-08-03,2026-05-01,101,99,3,3,1,0.3539702737847734,-0.08652883466094663,INTC,0.3539702737847734,-0.08652883466094663,,,,,,
2026-05,2026-05-01,2026-06-01,2026-05-01,101,99,3,1,2,0.32601994512416843,0.21387610803086832,INTC,0.3539702737847734,0.09747037559488292,MRVL,0.2980696164635634,0.3302818404668537,,,
2026-05,2026-05-01,2026-07-01,2026-05-01,101,99,3,2,2,0.32601994512416843,0.46216631489178783,INTC,0.3539702737847734,0.27504510280114847,MRVL,0.2980696164635634,0.6492875269824272,,,
2026-05,2026-05-01,2026-08-03,2026-05-01,101,99,3,3,2,0.32601994512416843,0.04427060581133274,INTC,0.3539702737847734,-0.08652883466094663,MRVL,0.2980696164635634,0.1750700462836121,,,
2026-05,2026-05-01,2026-06-01,2026-05-01,101,99,3,1,3,0.3030997389426626,0.45459281698284687,INTC,0.3539702737847734,0.09747037559488292,MRVL,0.2980696164635634,0.3302818404668537,ARM,0.25725932657965106,0.936026234886804
2026-05,2026-05-01,2026-07-01,2026-05-01,101,99,3,2,3,0.3030997389426626,0.5074511122938596,INTC,0.3539702737847734,0.27504510280114847,MRVL,0.2980696164635634,0.6492875269824272,ARM,0.25725932657965106,0.5980207070980033
2026-05,2026-05-01,2026-08-03,2026-05-01,101,99,3,3,3,0.3030997389426626,0.07352043899395637,INTC,0.3539702737847734,-0.08652883466094663,MRVL,0.2980696164635634,0.1750700462836121,ARM,0.25725932657965106,0.1320201053592036
2026-06,2026-06-01,2026-07-01,2026-06-01,101,99,3,1,1,0.5149022796168813,-0.17458726627666965,ARM,0.5149022796168813,-0.17458726627666965,,,,,,
2026-06,2026-06-01,2026-08-03,2026-06-01,101,99,3,2,1,0.5149022796168813,-0.4152867946929496,ARM,0.5149022796168813,-0.4152867946929496,,,,,,
2026-06,2026-06-01,2026-09-01,2026-06-01,101,99,3,3,1,0.5149022796168813,-0.42565732219956165,ARM,0.5149022796168813,-0.42565732219956165,,,,,,
2026-06,2026-06-01,2026-07-01,2026-06-01,101,99,3,1,2,0.4768530544000329,-0.0104271358222211,ARM,0.5149022796168813,-0.17458726627666965,SNDK,0.43880382918318456,0.15373299463222745,,,
2026-06,2026-06-01,2026-08-03,2026-06-01,101,99,3,2,2,0.4768530544000329,-0.3420228532370777,ARM,0.5149022796168813,-0.4152867946929496,SNDK,0.43880382918318456,-0.2687589117812058,,,
2026-06,2026-06-01,2026-09-01,2026-06-01,101,99,3,3,2,0.4768530544000329,-0.2765723386079091,ARM,0.5149022796168813,-0.42565732219956165,SNDK,0.43880382918318456,-0.12748735501625652,,,
2026-06,2026-06-01,2026-07-01,2026-06-01,101,99,3,1,3,0.459628580595659,-0.007987952902878495,ARM,0.5149022796168813,-0.17458726627666965,SNDK,0.43880382918318456,0.15373299463222745,MU,0.425179632986911,-0.0031095870641932866
2026-06,2026-06-01,2026-08-03,2026-06-01,101,99,3,2,3,0.459628580595659,-0.29428675248819736,ARM,0.5149022796168813,-0.4152867946929496,SNDK,0.43880382918318456,-0.2687589117812058,MU,0.425179632986911,-0.19881455099043666
2026-06,2026-06-01,2026-09-01,2026-06-01,101,99,3,3,3,0.459628580595659,-0.2171890545593792,ARM,0.5149022796168813,-0.42565732219956165,SNDK,0.43880382918318456,-0.12748735501625652,MU,0.425179632986911,-0.09842248646231944
2026-07,2026-07-01,2026-08-03,2026-07-01,101,100,3,1,1,0.6104958776930256,-0.2548623712851721,ALAB,0.6104958776930256,-0.2548623712851721,,,,,,
2026-07,2026-07-01,2026-09-01,2026-07-01,101,100,3,2,1,0.6104958776930256,-0.3503457894013636,ALAB,0.6104958776930256,-0.3503457894013636,,,,,,
2026-07,2026-07-01,2026-08-03,2026-07-01,101,100,3,1,2,0.5353587271177862,-0.22558889755692735,ALAB,0.6104958776930256,-0.2548623712851721,MU,0.4602215765425468,-0.1963154238286826,,,
2026-07,2026-07-01,2026-09-01,2026-07-01,101,100,3,2,2,0.5353587271177862,-0.2229779985322219,ALAB,0.6104958776930256,-0.3503457894013636,MU,0.4602215765425468,-0.09561020766308015,,,
2026-07,2026-07-01,2026-08-03,2026-07-01,101,100,3,1,3,0.5070366725872423,-0.27245778687361827,ALAB,0.6104958776930256,-0.2548623712851721,MU,0.4602215765425468,-0.1963154238286826,SNDK,0.45039256352615425,-0.36619556550700005
2026-07,2026-07-01,2026-09-01,2026-07-01,101,100,3,2,3,0.5070366725872423,-0.22990140160043404,ALAB,0.6104958776930256,-0.3503457894013636,MU,0.4602215765425468,-0.09561020766308015,SNDK,0.45039256352615425,-0.24374820773685835
2026-08,2026-08-03,2026-09-01,2026-08-03,101,100,3,1,1,0.3207314529135314,-0.18187137666509567,DDOG,0.3207314529135314,-0.18187137666509567,,,,,,
2026-08,2026-08-03,2026-09-01,2026-08-03,101,100,3,1,2,0.2965360482724755,-0.06938757776208815,DDOG,0.3207314529135314,-0.18187137666509567,PANW,0.2723406436314195,0.04309622114091938,,,
2026-08,2026-08-03,2026-09-01,2026-08-03,101,100,3,1,3,0.2879412464781763,-0.049035993888256225,DDOG,0.3207314529135314,-0.18187137666509567,PANW,0.2723406436314195,0.04309622114091938,FTNT,0.27075164288957804,-0.008332826140592386
