decision_month,decision_date,sell_date,universe_asof_date,raw_universe_size,available_universe_size,momentum_window,holding_months,top_n,avg_momentum,holding_return,stock_1,mom_1,stock_1_return,stock_2,mom_2,stock_2_return,stock_3,mom_3,stock_3_return
2016-01,2016-01-04,2016-02-01,2016-01-04,104,73,7,1,1,0.06292135831405729,-0.09761538157961003,AMZN,0.06292135831405729,-0.09761538157961003,,,,,,
2016-01,2016-01-04,2016-03-01,2016-01-04,104,73,7,2,1,0.06292135831405729,-0.09097476984348896,AMZN,0.06292135831405729,-0.09097476984348896,,,,,,
2016-01,2016-01-04,2016-04-01,2016-01-04,104,73,7,3,1,0.06292135831405729,-0.060424853747184426,AMZN,0.06292135831405729,-0.060424853747184426,,,,,,
2016-01,2016-01-04,2016-02-01,2016-01-04,104,73,7,1,2,0.061140959165043786,-0.09622812871132502,AMZN,0.06292135831405729,-0.09761538157961003,NVDA,0.05936056001603028,-0.09484087584304002,,,
2016-01,2016-01-04,2016-03-01,2016-01-04,104,73,7,2,2,0.061140959165043786,-0.0377747047313291,AMZN,0.06292135831405729,-0.09097476984348896,NVDA,0.05936056001603028,0.015425360380830755,,,
2016-01,2016-01-04,2016-04-01,2016-01-04,104,73,7,3,2,0.061140959165043786,0.03020936893120979,AMZN,0.06292135831405729,-0.060424853747184426,NVDA,0.05936056001603028,0.120843591609604,,,
2016-01,2016-01-04,2016-02-01,2016-01-04,104,73,7,1,3,0.05823502382790008,-0.059586813919154435,AMZN,0.06292135831405729,-0.09761538157961003,NVDA,0.05936056001603028,-0.09484087584304002,GOOG,0.052423153153612664,0.013695815665186739
2016-01,2016-01-04,2016-03-01,2016-01-04,104,73,7,2,3,0.05823502382790008,-0.03553129604494898,AMZN,0.06292135831405729,-0.09097476984348896,NVDA,0.05936056001603028,0.015425360380830755,GOOG,0.052423153153612664,-0.031044478672188736
2016-01,2016-01-04,2016-04-01,2016-01-04,104,73,7,3,3,0.05823502382790008,0.023765745322855285,AMZN,0.06292135831405729,-0.060424853747184426,NVDA,0.05936056001603028,0.120843591609604,GOOG,0.052423153153612664,0.010878498106146273
2016-02,2016-02-01,2016-03-01,2016-02-01,105,74,7,1,1,0.05845073837134529,0.1218197257046596,NVDA,0.05845073837134529,0.1218197257046596,,,,,,
2016-02,2016-02-01,2016-04-01,2016-02-01,105,74,7,2,1,0.05845073837134529,0.23828348154091294,NVDA,0.05845073837134529,0.23828348154091294,,,,,,
2016-02,2016-02-01,2016-05-02,2016-02-01,105,74,7,3,1,0.05845073837134529,0.23314535499684608,NVDA,0.05845073837134529,0.23314535499684608,,,,,,
2016-02,2016-02-01,2016-03-01,2016-02-01,105,74,7,1,2,0.05804044684133568,0.0388419536995151,NVDA,0.05845073837134529,0.1218197257046596,GOOG,0.05763015531132606,-0.044135818305629404,,,
2016-02,2016-02-01,2016-04-01,2016-02-01,105,74,7,2,2,0.05804044684133568,0.11775211406217628,NVDA,0.05845073837134529,0.23828348154091294,GOOG,0.05763015531132606,-0.002779253416560379,,,
2016-02,2016-02-01,2016-05-02,2016-02-01,105,74,7,3,2,0.05804044684133568,0.08080795573562033,NVDA,0.05845073837134529,0.23314535499684608,GOOG,0.05763015531132606,-0.07152944352560542,,,
2016-02,2016-02-01,2016-03-01,2016-02-01,105,74,7,1,3,0.05712789568295182,0.013526000958094345,NVDA,0.05845073837134529,0.1218197257046596,GOOG,0.05763015531132606,-0.044135818305629404,GOOGL,0.05530279336618409,-0.03710590452474716
2016-02,2016-02-01,2016-04-01,2016-02-01,105,74,7,2,3,0.05712789568295182,0.0780256619036603,NVDA,0.05845073837134529,0.23828348154091294,GOOG,0.05763015531132606,-0.002779253416560379,GOOGL,0.05530279336618409,-0.0014272424133716655
2016-02,2016-02-01,2016-05-02,2016-02-01,105,74,7,3,3,0.05712789568295182,0.029498098196450034,NVDA,0.05845073837134529,0.23314535499684608,GOOG,0.05763015531132606,-0.07152944352560542,GOOGL,0.05530279336618409,-0.07312161688189056
2016-03,2016-03-01,2016-04-01,2016-03-01,105,74,7,1,1,0.07662384017950909,0.10381681937630205,NVDA,0.07662384017950909,0.10381681937630205,,,,,,
2016-03,2016-03-01,2016-05-02,2016-03-01,105,74,7,2,1,0.07662384017950909,0.09923664804722376,NVDA,0.07662384017950909,0.09923664804722376,,,,,,
2016-03,2016-03-01,2016-06-01,2016-03-01,105,74,7,3,1,0.07662384017950909,0.43302432738187724,NVDA,0.07662384017950909,0.43302432738187724,,,,,,
2016-03,2016-03-01,2016-04-01,2016-03-01,105,74,7,1,2,0.07182959206627952,0.08274194607623175,NVDA,0.07662384017950909,0.10381681937630205,MAT,0.06703534395304996,0.06166707277616146,,,
2016-03,2016-03-01,2016-05-02,2016-03-01,105,74,7,2,2,0.07182959206627952,0.035053763683875916,NVDA,0.07662384017950909,0.09923664804722376,MAT,0.06703534395304996,-0.02912912067947193,,,
2016-03,2016-03-01,2016-06-01,2016-03-01,105,74,7,3,2,0.07182959206627952,0.21582723275220295,NVDA,0.07662384017950909,0.43302432738187724,MAT,0.06703534395304996,-0.0013698618774713456,,,
2016-03,2016-03-01,2016-04-01,2016-03-01,105,74,7,1,3,0.062157438423684486,0.07855031967901205,NVDA,0.07662384017950909,0.10381681937630205,MAT,0.06703534395304996,0.06166707277616146,TCOM,0.0428131311384944,0.07016706688457264
2016-03,2016-03-01,2016-05-02,2016-03-01,105,74,7,2,3,0.062157438423684486,0.044371558799616295,NVDA,0.07662384017950909,0.09923664804722376,MAT,0.06703534395304996,-0.02912912067947193,TCOM,0.0428131311384944,0.06300714903109705
2016-03,2016-03-01,2016-06-01,2016-03-01,105,74,7,3,3,0.062157438423684486,0.16313699863719142,NVDA,0.07662384017950909,0.43302432738187724,MAT,0.06703534395304996,-0.0013698618774713456,TCOM,0.0428131311384944,0.05775653040716833
2016-04,2016-04-01,2016-05-02,2016-04-01,105,75,7,1,1,0.08187439858655295,-0.004149394400119966,NVDA,0.08187439858655295,-0.004149394400119966,,,,,,
2016-04,2016-04-01,2016-06-01,2016-04-01,105,75,7,2,1,0.08187439858655295,0.2982446926217248,NVDA,0.08187439858655295,0.2982446926217248,,,,,,
2016-04,2016-04-01,2016-07-01,2016-04-01,105,75,7,3,1,0.08187439858655295,0.2940847671064126,NVDA,0.08187439858655295,0.2940847671064126,,,,,,
2016-04,2016-04-01,2016-05-02,2016-04-01,105,75,7,1,2,0.0774433560772122,-0.04483583945636527,NVDA,0.08187439858655295,-0.004149394400119966,MAT,0.07301231356787144,-0.08552228451261057,,,
2016-04,2016-04-01,2016-06-01,2016-04-01,105,75,7,2,2,0.0774433560772122,0.11943463334035603,NVDA,0.08187439858655295,0.2982446926217248,MAT,0.07301231356787144,-0.05937542594101275,,,
2016-04,2016-04-01,2016-07-01,2016-04-01,105,75,7,3,2,0.0774433560772122,0.1132174086198724,NVDA,0.08187439858655295,0.2940847671064126,MAT,0.07301231356787144,-0.06764994986666784,,,
2016-04,2016-04-01,2016-05-02,2016-04-01,105,75,7,1,3,0.07399314172289742,-0.0321207154313257,NVDA,0.08187439858655295,-0.004149394400119966,MAT,0.07301231356787144,-0.08552228451261057,TCOM,0.06709271301426786,-0.006690467381246568
2016-04,2016-04-01,2016-06-01,2016-04-01,105,75,7,2,3,0.07399314172289742,0.07575748171831805,NVDA,0.08187439858655295,0.2982446926217248,MAT,0.07301231356787144,-0.05937542594101275,TCOM,0.06709271301426786,-0.011596821525757917
2016-04,2016-04-01,2016-07-01,2016-04-01,105,75,7,3,3,0.07399314172289742,0.047898719940999035,NVDA,0.08187439858655295,0.2940847671064126,MAT,0.07301231356787144,-0.06764994986666784,TCOM,0.06709271301426786,-0.08273865741674769
2016-05,2016-05-02,2016-06-01,2016-05-02,107,77,7,1,1,0.07813773724336995,0.028592122179447843,MAT,0.07813773724336995,0.028592122179447843,,,,,,
2016-05,2016-05-02,2016-07-01,2016-05-02,107,77,7,2,1,0.07813773724336995,0.01954376180333428,MAT,0.07813773724336995,0.01954376180333428,,,,,,
2016-05,2016-05-02,2016-08-01,2016-05-02,107,77,7,3,1,0.07813773724336995,0.05735267917491771,MAT,0.07813773724336995,0.05735267917491771,,,,,,
2016-05,2016-05-02,2016-06-01,2016-05-02,107,77,7,1,2,0.07404743111597459,0.011826360566677407,MAT,0.07813773724336995,0.028592122179447843,TCOM,0.06995712498857924,-0.004939401046093028,,,
2016-05,2016-05-02,2016-07-01,2016-05-02,107,77,7,2,2,0.07404743111597459,-0.028508326595691802,MAT,0.07813773724336995,0.01954376180333428,TCOM,0.06995712498857924,-0.07656041499471788,,,
2016-05,2016-05-02,2016-08-01,2016-05-02,107,77,7,3,2,0.07404743111597459,0.012398812945649984,MAT,0.07813773724336995,0.05735267917491771,TCOM,0.06995712498857924,-0.03255505328361774,,,
2016-05,2016-05-02,2016-06-01,2016-05-02,107,77,7,1,3,0.07069418862395861,0.10910226288083195,MAT,0.07813773724336995,0.028592122179447843,TCOM,0.06995712498857924,-0.004939401046093028,NVDA,0.06398770363992665,0.30365406750914103
2016-05,2016-05-02,2016-07-01,2016-05-02,107,77,7,2,3,0.07069418862395861,0.08082005190298869,MAT,0.07813773724336995,0.01954376180333428,TCOM,0.06995712498857924,-0.07656041499471788,NVDA,0.06398770363992665,0.29947680890034967
2016-05,2016-05-02,2016-08-01,2016-05-02,107,77,7,3,3,0.07069418862395861,0.20157434383445613,MAT,0.07813773724336995,0.05735267917491771,TCOM,0.06995712498857924,-0.03255505328361774,NVDA,0.06398770363992665,0.5799254056120684
2016-06,2016-06-01,2016-07-01,2016-06-01,107,77,7,1,1,0.08059221481802918,-0.0032042692251731397,NVDA,0.08059221481802918,-0.0032042692251731397,,,,,,
2016-06,2016-06-01,2016-08-01,2016-06-01,107,77,7,2,1,0.08059221481802918,0.21192074261755045,NVDA,0.08059221481802918,0.21192074261755045,,,,,,
2016-06,2016-06-01,2016-09-01,2016-06-01,107,77,7,3,1,0.08059221481802918,0.35155682806986066,NVDA,0.08059221481802918,0.35155682806986066,,,,,,
2016-06,2016-06-01,2016-07-01,2016-06-01,107,77,7,1,2,0.07055781376505214,-0.011651301780520651,NVDA,0.08059221481802918,-0.0032042692251731397,AMAT,0.0605234127120751,-0.020098334335868162,,,
2016-06,2016-06-01,2016-08-01,2016-06-01,107,77,7,2,2,0.07055781376505214,0.1447217566048461,NVDA,0.08059221481802918,0.21192074261755045,AMAT,0.0605234127120751,0.07752277059214174,,,
2016-06,2016-06-01,2016-09-01,2016-06-01,107,77,7,3,2,0.07055781376505214,0.29912286623627327,NVDA,0.08059221481802918,0.35155682806986066,AMAT,0.0605234127120751,0.24668890440268587,,,
2016-06,2016-06-01,2016-07-01,2016-06-01,107,77,7,1,3,0.06339484945680682,0.00217558563606605,NVDA,0.08059221481802918,-0.0032042692251731397,AMAT,0.0605234127120751,-0.020098334335868162,ULTA,0.04906892084031617,0.029829360469239452
2016-06,2016-06-01,2016-08-01,2016-06-01,107,77,7,2,3,0.06339484945680682,0.1301271845166466,NVDA,0.08059221481802918,0.21192074261755045,AMAT,0.0605234127120751,0.07752277059214174,ULTA,0.04906892084031617,0.10093804034024756
2016-06,2016-06-01,2016-09-01,2016-06-01,107,77,7,3,3,0.06339484945680682,0.2118652636919638,NVDA,0.08059221481802918,0.35155682806986066,AMAT,0.0605234127120751,0.24668890440268587,ULTA,0.04906892084031617,0.03735005860334484
2016-07,2016-07-01,2016-08-01,2016-07-01,104,76,7,1,1,0.05935613487474794,0.2158165461598669,NVDA,0.05935613487474794,0.2158165461598669,,,,,,
2016-07,2016-07-01,2016-09-01,2016-07-01,104,76,7,2,1,0.05935613487474794,0.3559015015235587,NVDA,0.05935613487474794,0.3559015015235587,,,,,,
2016-07,2016-07-01,2016-10-03,2016-07-01,104,76,7,3,1,0.05935613487474794,0.4696985789371879,NVDA,0.05935613487474794,0.4696985789371879,,,,,,
2016-07,2016-07-01,2016-08-01,2016-07-01,104,76,7,1,2,0.05920844011020157,0.14243276937056526,NVDA,0.05935613487474794,0.2158165461598669,ULTA,0.05906074534565521,0.06904899258126362,,,
2016-07,2016-07-01,2016-09-01,2016-07-01,104,76,7,2,2,0.05920844011020157,0.18160218002899242,NVDA,0.05935613487474794,0.3559015015235587,ULTA,0.05906074534565521,0.007302858534426138,,,
2016-07,2016-07-01,2016-10-03,2016-07-01,104,76,7,3,2,0.05920844011020157,0.22225390247575028,NVDA,0.05935613487474794,0.4696985789371879,ULTA,0.05906074534565521,-0.025190773985687365,,,
2016-07,2016-07-01,2016-08-01,2016-07-01,104,76,7,1,3,0.05364478453954672,0.10731656408328709,NVDA,0.05935613487474794,0.2158165461598669,ULTA,0.05906074534565521,0.06904899258126362,MAT,0.04251747339823702,0.03708415350873073
2016-07,2016-07-01,2016-09-01,2016-07-01,104,76,7,2,3,0.05364478453954672,0.14211243808868668,NVDA,0.05935613487474794,0.3559015015235587,ULTA,0.05906074534565521,0.007302858534426138,MAT,0.04251747339823702,0.06313295420807519
2016-07,2016-07-01,2016-10-03,2016-07-01,104,76,7,3,3,0.05364478453954672,0.1436719204020399,NVDA,0.05935613487474794,0.4696985789371879,ULTA,0.05906074534565521,-0.025190773985687365,MAT,0.04251747339823702,-0.013492043745380822
2016-08,2016-08-01,2016-09-01,2016-08-01,104,77,7,1,1,0.09184465989737664,0.1152188262334044,NVDA,0.09184465989737664,0.1152188262334044,,,,,,
2016-08,2016-08-01,2016-10-03,2016-08-01,104,77,7,2,1,0.09184465989737664,0.20881606980855993,NVDA,0.09184465989737664,0.20881606980855993,,,,,,
2016-08,2016-08-01,2016-11-01,2016-08-01,104,77,7,3,1,0.09184465989737664,0.21941207322594458,NVDA,0.09184465989737664,0.21941207322594458,,,,,,
2016-08,2016-08-01,2016-09-01,2016-08-01,104,77,7,1,2,0.07436422468953739,0.13610712027772154,NVDA,0.09184465989737664,0.1152188262334044,AMAT,0.056883789481698144,0.15699541432203867,,,
2016-08,2016-08-01,2016-10-03,2016-08-01,104,77,7,2,2,0.07436422468953739,0.17583929281703248,NVDA,0.09184465989737664,0.20881606980855993,AMAT,0.056883789481698144,0.14286251582550502,,,
2016-08,2016-08-01,2016-11-01,2016-08-01,104,77,7,3,2,0.07436422468953739,0.1616566945138418,NVDA,0.09184465989737664,0.21941207322594458,AMAT,0.056883789481698144,0.103901315801739,,,
2016-08,2016-08-01,2016-09-01,2016-08-01,104,77,7,1,3,0.06796236364178836,0.07148541279094063,NVDA,0.09184465989737664,0.1152188262334044,AMAT,0.056883789481698144,0.15699541432203867,ULTA,0.05515864154629026,-0.05775800218262117
2016-08,2016-08-01,2016-10-03,2016-08-01,104,77,7,2,3,0.06796236364178836,0.08784189595069303,NVDA,0.09184465989737664,0.20881606980855993,AMAT,0.056883789481698144,0.14286251582550502,ULTA,0.05515864154629026,-0.08815289778198587
2016-08,2016-08-01,2016-11-01,2016-08-01,104,77,7,3,3,0.06796236364178836,0.08168726983617673,NVDA,0.09184465989737664,0.21941207322594458,AMAT,0.056883789481698144,0.103901315801739,ULTA,0.05515864154629026,-0.0782515795191534
2016-09,2016-09-01,2016-10-03,2016-09-01,104,77,7,1,1,0.12185318876544013,0.08392724492580128,NVDA,0.12185318876544013,0.08392724492580128,,,,,,
2016-09,2016-09-01,2016-11-01,2016-09-01,104,77,7,2,1,0.12185318876544013,0.09342852231471688,NVDA,0.12185318876544013,0.09342852231471688,,,,,,
2016-09,2016-09-01,2016-12-01,2016-09-01,104,77,7,3,1,0.12185318876544013,0.3898847048970755,NVDA,0.12185318876544013,0.3898847048970755,,,,,,
2016-09,2016-09-01,2016-10-03,2016-09-01,104,77,7,1,2,0.10375356892554147,0.03585603624363509,NVDA,0.12185318876544013,0.08392724492580128,AMAT,0.0856539490856428,-0.012215172438531097,,,
2016-09,2016-09-01,2016-11-01,2016-09-01,104,77,7,2,2,0.10375356892554147,0.023769443112677202,NVDA,0.12185318876544013,0.09342852231471688,AMAT,0.0856539490856428,-0.04588963608936247,,,
2016-09,2016-09-01,2016-12-01,2016-09-01,104,77,7,3,2,0.10375356892554147,0.19339590948803215,NVDA,0.12185318876544013,0.3898847048970755,AMAT,0.0856539490856428,-0.0030928859210112014,,,
2016-09,2016-09-01,2016-10-03,2016-09-01,104,77,7,1,3,0.09560123738241538,0.028007430572175068,NVDA,0.12185318876544013,0.08392724492580128,AMAT,0.0856539490856428,-0.012215172438531097,NTAP,0.07929657429616321,0.012310219229255015
2016-09,2016-09-01,2016-11-01,2016-09-01,104,77,7,2,3,0.09560123738241538,1.8361677103858238e-05,NVDA,0.12185318876544013,0.09342852231471688,AMAT,0.0856539490856428,-0.04588963608936247,NTAP,0.07929657429616321,-0.04748380119404283
2016-09,2016-09-01,2016-12-01,2016-09-01,104,77,7,3,3,0.09560123738241538,0.13565127541606403,NVDA,0.12185318876544013,0.3898847048970755,AMAT,0.0856539490856428,-0.0030928859210112014,NTAP,0.07929657429616321,0.020162007272127802
2016-10,2016-10-03,2016-11-01,2016-10-03,104,77,7,1,1,0.11643997722560322,0.00876560436449414,NVDA,0.11643997722560322,0.00876560436449414,,,,,,
2016-10,2016-10-03,2016-12-01,2016-10-03,104,77,7,2,1,0.11643997722560322,0.2822675243228323,NVDA,0.11643997722560322,0.2822675243228323,,,,,,
2016-10,2016-10-03,2017-01-03,2016-10-03,104,77,7,3,1,0.11643997722560322,0.4925163792053304,NVDA,0.11643997722560322,0.4925163792053304,,,,,,
2016-10,2016-10-03,2016-11-01,2016-10-03,104,77,7,1,2,0.10311146750919264,0.012897931662162687,NVDA,0.11643997722560322,0.00876560436449414,NTES,0.08978295779278207,0.017030258959831235,,,
2016-10,2016-10-03,2016-12-01,2016-10-03,104,77,7,2,2,0.10311146750919264,0.08740504648150493,NVDA,0.11643997722560322,0.2822675243228323,NTES,0.08978295779278207,-0.10745743135982244,,,
2016-10,2016-10-03,2017-01-03,2016-10-03,104,77,7,3,2,0.10311146750919264,0.19322613193565719,NVDA,0.11643997722560322,0.4925163792053304,NTES,0.08978295779278207,-0.10606411533401605,,,
2016-10,2016-10-03,2016-11-01,2016-10-03,104,77,7,1,3,0.09370127320400619,-0.005501863738785103,NVDA,0.11643997722560322,0.00876560436449414,NTES,0.08978295779278207,0.017030258959831235,MU,0.0748808845936333,-0.04230145454068068
2016-10,2016-10-03,2016-12-01,2016-10-03,104,77,7,2,3,0.09370127320400619,0.07237033196731842,NVDA,0.11643997722560322,0.2822675243228323,NTES,0.08978295779278207,-0.10745743135982244,MU,0.0748808845936333,0.042300902938945395
2016-10,2016-10-03,2017-01-03,2016-10-03,104,77,7,3,3,0.09370127320400619,0.21943595180649877,NVDA,0.11643997722560322,0.4925163792053304,NTES,0.08978295779278207,-0.10606411533401605,MU,0.0748808845936333,0.27185559154818195
2016-11,2016-11-01,2016-12-01,2016-11-01,104,77,7,1,1,0.10286123222391638,0.27112534247303155,NVDA,0.10286123222391638,0.27112534247303155,,,,,,
2016-11,2016-11-01,2017-01-03,2016-11-01,104,77,7,2,1,0.10286123222391638,0.47954725334394355,NVDA,0.10286123222391638,0.47954725334394355,,,,,,
2016-11,2016-11-01,2017-02-01,2016-11-01,104,77,7,3,1,0.10286123222391638,0.6527244467248026,NVDA,0.10286123222391638,0.6527244467248026,,,,,,
2016-11,2016-11-01,2016-12-01,2016-11-01,104,77,7,1,2,0.0950071614128353,0.0743611046051682,NVDA,0.10286123222391638,0.27112534247303155,NTES,0.08715309060175423,-0.12240313326269514,,,
2016-11,2016-11-01,2017-01-03,2016-11-01,104,77,7,2,2,0.0950071614128353,0.1792570524553196,NVDA,0.10286123222391638,0.47954725334394355,NTES,0.08715309060175423,-0.12103314843330437,,,
2016-11,2016-11-01,2017-02-01,2016-11-01,104,77,7,3,2,0.0950071614128353,0.33768271860369514,NVDA,0.10286123222391638,0.6527244467248026,NTES,0.08715309060175423,0.02264099048258772,,,
2016-11,2016-11-01,2016-12-01,2016-11-01,104,77,7,1,3,0.08645611178041197,0.07902048161685189,NVDA,0.10286123222391638,0.27112534247303155,NTES,0.08715309060175423,-0.12240313326269514,MU,0.0693540125155653,0.08833923564021928
2016-11,2016-11-01,2017-01-03,2016-11-01,104,77,7,2,3,0.08645611178041197,0.2288491460442064,NVDA,0.10286123222391638,0.47954725334394355,NTES,0.08715309060175423,-0.12103314843330437,MU,0.0693540125155653,0.32803333322198003
2016-11,2016-11-01,2017-02-01,2016-11-01,104,77,7,3,3,0.08645611178041197,0.37765433268692766,NVDA,0.10286123222391638,0.6527244467248026,NTES,0.08715309060175423,0.02264099048258772,MU,0.0693540125155653,0.45759756085339265
2016-12,2016-12-01,2017-01-03,2016-12-01,104,77,7,1,1,0.1421861946343666,0.1639664507556884,NVDA,0.1421861946343666,0.1639664507556884,,,,,,
2016-12,2016-12-01,2017-02-01,2016-12-01,104,77,7,2,1,0.1421861946343666,0.30020572440901283,NVDA,0.1421861946343666,0.30020572440901283,,,,,,
2016-12,2016-12-01,2017-03-01,2016-12-01,104,77,7,3,1,0.1421861946343666,0.1743467862481316,NVDA,0.1421861946343666,0.1743467862481316,,,,,,
2016-12,2016-12-01,2017-01-03,2016-12-01,104,77,7,1,2,0.1254555228351157,0.11030680324784325,NVDA,0.1421861946343666,0.1639664507556884,STX,0.10872485103586484,0.05664715573999812,,,
2016-12,2016-12-01,2017-02-01,2016-12-01,104,77,7,2,2,0.1254555228351157,0.24723400304785625,NVDA,0.1421861946343666,0.30020572440901283,STX,0.10872485103586484,0.19426228168669968,,,
2016-12,2016-12-01,2017-03-01,2016-12-01,104,77,7,3,2,0.1254555228351157,0.24697786696892976,NVDA,0.1421861946343666,0.1743467862481316,STX,0.10872485103586484,0.3196089476897279,,,
2016-12,2016-12-01,2017-01-03,2016-12-01,104,77,7,1,3,0.11273172552795717,0.14695067056760927,NVDA,0.1421861946343666,0.1639664507556884,STX,0.10872485103586484,0.05664715573999812,MU,0.08728413091364008,0.22023840520714133
2016-12,2016-12-01,2017-02-01,2016-12-01,104,77,7,2,3,0.11273172552795717,0.27791802019711837,NVDA,0.1421861946343666,0.30020572440901283,STX,0.10872485103586484,0.19426228168669968,MU,0.08728413091364008,0.33928605449564264
2016-12,2016-12-01,2017-03-01,2016-12-01,104,77,7,3,3,0.11273172552795717,0.2741397775314713,NVDA,0.1421861946343666,0.1743467862481316,STX,0.10872485103586484,0.3196089476897279,MU,0.08728413091364008,0.3284635986565543
2017-01,2017-01-03,2017-02-01,2017-01-03,104,79,7,1,1,0.12223082081244478,0.11704742311505045,NVDA,0.12223082081244478,0.11704742311505045,,,,,,
2017-01,2017-01-03,2017-03-01,2017-01-03,104,79,7,2,1,0.12223082081244478,0.008918071036930542,NVDA,0.12223082081244478,0.008918071036930542,,,,,,
2017-01,2017-01-03,2017-04-03,2017-01-03,104,79,7,3,1,0.12223082081244478,0.06378565884758736,NVDA,0.12223082081244478,0.06378565884758736,,,,,,
2017-01,2017-01-03,2017-02-01,2017-01-03,104,79,7,1,2,0.10809128572562668,0.12364248143218892,NVDA,0.12223082081244478,0.11704742311505045,STX,0.09395175063880856,0.1302375397493274,,,
2017-01,2017-01-03,2017-03-01,2017-01-03,104,79,7,2,2,0.10809128572562668,0.12889120311634739,NVDA,0.12223082081244478,0.008918071036930542,STX,0.09395175063880856,0.24886433519576423,,,
2017-01,2017-01-03,2017-04-03,2017-01-03,104,79,7,3,2,0.10809128572562668,0.1113626001608875,NVDA,0.12223082081244478,0.06378565884758736,STX,0.09395175063880856,0.15893954147418765,,,
2017-01,2017-01-03,2017-02-01,2017-01-03,104,79,7,1,3,0.10056787077862649,0.1149486461580446,NVDA,0.12223082081244478,0.11704742311505045,STX,0.09395175063880856,0.1302375397493274,MU,0.0855210408846261,0.09756097560975596
2017-01,2017-01-03,2017-03-01,2017-01-03,104,79,7,2,3,0.10056787077862649,0.1154914165180388,NVDA,0.12223082081244478,0.008918071036930542,STX,0.09395175063880856,0.24886433519576423,MU,0.0855210408846261,0.08869184332142166
2017-01,2017-01-03,2017-04-03,2017-01-03,104,79,7,3,3,0.10056787077862649,0.1642638454089702,NVDA,0.12223082081244478,0.06378565884758736,STX,0.09395175063880856,0.15893954147418765,MU,0.0855210408846261,0.2700663359051356
2017-02,2017-02-01,2017-03-01,2017-02-01,104,79,7,1,1,0.1394096340039053,-0.09679924937885387,NVDA,0.1394096340039053,-0.09679924937885387,,,,,,
2017-02,2017-02-01,2017-04-03,2017-02-01,104,79,7,2,1,0.1394096340039053,-0.047680844309129444,NVDA,0.1394096340039053,-0.047680844309129444,,,,,,
2017-02,2017-02-01,2017-05-01,2017-02-01,104,79,7,3,1,0.1394096340039053,-0.06296994722216354,NVDA,0.1394096340039053,-0.06296994722216354,,,,,,
2017-02,2017-02-01,2017-03-01,2017-02-01,104,79,7,1,2,0.122817070879192,0.004079076147543548,NVDA,0.1394096340039053,-0.09679924937885387,STX,0.10622450775447871,0.10495740167394096,,,
2017-02,2017-02-01,2017-04-03,2017-02-01,104,79,7,2,2,0.122817070879192,-0.0111430905249561,NVDA,0.1394096340039053,-0.047680844309129444,STX,0.10622450775447871,0.025394663259217243,,,
2017-02,2017-02-01,2017-05-01,2017-02-01,104,79,7,3,2,0.122817070879192,-0.05409913931185306,NVDA,0.1394096340039053,-0.06296994722216354,STX,0.10622450775447871,-0.04522833140154259,,,
2017-02,2017-02-01,2017-03-01,2017-02-01,104,79,7,1,3,0.11717712718812691,2.5795773757127567e-05,NVDA,0.1394096340039053,-0.09679924937885387,STX,0.10622450775447871,0.10495740167394096,MU,0.10589723980599673,-0.008080764973815713
2017-02,2017-02-01,2017-04-03,2017-02-01,104,79,7,2,3,0.11717712718812691,0.04496178981381127,NVDA,0.1394096340039053,-0.047680844309129444,STX,0.10622450775447871,0.025394663259217243,MU,0.10589723980599673,0.157171550491346
2017-02,2017-02-01,2017-05-01,2017-02-01,104,79,7,3,3,0.11717712718812691,0.011610683902564034,NVDA,0.1394096340039053,-0.06296994722216354,STX,0.10622450775447871,-0.04522833140154259,MU,0.10589723980599673,0.14303033033139823
2017-03,2017-03-01,2017-04-03,2017-03-01,104,79,7,1,1,0.0947502346412309,0.054382599921384944,NVDA,0.0947502346412309,0.054382599921384944,,,,,,
2017-03,2017-03-01,2017-05-01,2017-03-01,104,79,7,2,1,0.0947502346412309,0.03745490925846262,NVDA,0.0947502346412309,0.03745490925846262,,,,,,
2017-03,2017-03-01,2017-06-01,2017-03-01,104,79,7,3,1,0.0947502346412309,0.40589544916219533,NVDA,0.0947502346412309,0.40589544916219533,,,,,,
2017-03,2017-03-01,2017-04-03,2017-03-01,104,79,7,1,2,0.09368941791691948,0.11049057959448216,NVDA,0.0947502346412309,0.054382599921384944,MU,0.09262860119260806,0.16659855926757938,,,
2017-03,2017-03-01,2017-05-01,2017-03-01,104,79,7,2,2,0.09368941791691948,0.09489852278138033,NVDA,0.0947502346412309,0.03745490925846262,MU,0.09262860119260806,0.15234213630429805,,,
2017-03,2017-03-01,2017-06-01,2017-03-01,104,79,7,3,2,0.09368941791691948,0.3294242402761418,NVDA,0.0947502346412309,0.40589544916219533,MU,0.09262860119260806,0.2529530313900883,,,
2017-03,2017-03-01,2017-04-03,2017-03-01,104,79,7,1,3,0.093002895660047,0.05598102339047306,NVDA,0.0947502346412309,0.054382599921384944,MU,0.09262860119260806,0.16659855926757938,CSX,0.09162985114630207,-0.05303808901754514
2017-03,2017-03-01,2017-05-01,2017-03-01,104,79,7,2,3,0.093002895660047,0.0789128516218059,NVDA,0.0947502346412309,0.03745490925846262,MU,0.09262860119260806,0.15234213630429805,CSX,0.09162985114630207,0.04694150930265706
2017-03,2017-03-01,2017-06-01,2017-03-01,104,79,7,3,3,0.093002895660047,0.2574385305720201,NVDA,0.0947502346412309,0.40589544916219533,MU,0.09262860119260806,0.2529530313900883,CSX,0.09162985114630207,0.11346711116377661
2017-04,2017-04-03,2017-05-01,2017-04-03,104,79,7,1,1,0.09290054381630976,0.0676891843684213,WDC,0.09290054381630976,0.0676891843684213,,,,,,
2017-04,2017-04-03,2017-06-01,2017-04-03,104,79,7,2,1,0.09290054381630976,0.11504731505380739,WDC,0.09290054381630976,0.11504731505380739,,,,,,
2017-04,2017-04-03,2017-07-03,2017-04-03,104,79,7,3,1,0.09290054381630976,0.04403237655409775,WDC,0.09290054381630976,0.04403237655409775,,,,,,
2017-04,2017-04-03,2017-05-01,2017-04-03,104,79,7,1,2,0.08947994449219751,0.025817292291275884,WDC,0.09290054381630976,0.0676891843684213,NVDA,0.08605934516808526,-0.01605459978586954,,,
2017-04,2017-04-03,2017-06-01,2017-04-03,104,79,7,2,2,0.08947994449219751,0.22421497492298903,WDC,0.09290054381630976,0.11504731505380739,NVDA,0.08605934516808526,0.3333826347921707,,,
2017-04,2017-04-03,2017-07-03,2017-04-03,104,79,7,3,2,0.08947994449219751,0.16547766575950174,WDC,0.09290054381630976,0.04403237655409775,NVDA,0.08605934516808526,0.2869229549649057,,,
2017-04,2017-04-03,2017-05-01,2017-04-03,104,79,7,1,3,0.08764662151011837,0.013138026688452617,WDC,0.09290054381630976,0.0676891843684213,NVDA,0.08605934516808526,-0.01605459978586954,MU,0.08397997554596008,-0.01222050451719392
2017-04,2017-04-03,2017-06-01,2017-04-03,104,79,7,2,3,0.08764662151011837,0.1741507966910556,WDC,0.09290054381630976,0.11504731505380739,NVDA,0.08605934516808526,0.3333826347921707,MU,0.08397997554596008,0.07402244022718873
2017-04,2017-04-03,2017-07-03,2017-04-03,104,79,7,3,3,0.08764662151011837,0.11613784878281552,WDC,0.09290054381630976,0.04403237655409775,NVDA,0.08605934516808526,0.2869229549649057,MU,0.08397997554596008,0.017458214829443097
2017-05,2017-05-01,2017-06-01,2017-05-01,104,79,7,1,1,0.08619658168467495,0.06354280661336165,CSX,0.08619658168467495,0.06354280661336165,,,,,,
2017-05,2017-05-01,2017-07-03,2017-05-01,104,79,7,2,1,0.08619658168467495,0.06159449199640643,CSX,0.08619658168467495,0.06159449199640643,,,,,,
2017-05,2017-05-01,2017-08-01,2017-05-01,104,79,7,3,1,0.08619658168467495,-0.05315627725456307,CSX,0.08619658168467495,-0.05315627725456307,,,,,,
2017-05,2017-05-01,2017-06-01,2017-05-01,104,79,7,1,2,0.07953646596326644,0.07542636129010649,CSX,0.08619658168467495,0.06354280661336165,MU,0.07287635024185794,0.08730991596685134,,,
2017-05,2017-05-01,2017-07-03,2017-05-01,104,79,7,2,2,0.07953646596326644,0.04582019367142387,CSX,0.08619658168467495,0.06159449199640643,MU,0.07287635024185794,0.03004589534644131,,,
2017-05,2017-05-01,2017-08-01,2017-05-01,104,79,7,3,2,0.07953646596326644,-0.02569442158820201,CSX,0.08619658168467495,-0.05315627725456307,MU,0.07287635024185794,0.001767434078159047,,,
2017-05,2017-05-01,2017-06-01,2017-05-01,104,79,7,1,3,0.0769497188071741,0.16866385640309947,CSX,0.08619658168467495,0.06354280661336165,MU,0.07287635024185794,0.08730991596685134,NVDA,0.07177622449498944,0.35513884662908546
2017-05,2017-05-01,2017-07-03,2017-05-01,104,79,7,2,3,0.0769497188071741,0.13318716406589673,CSX,0.08619658168467495,0.06159449199640643,MU,0.07287635024185794,0.03004589534644131,NVDA,0.07177622449498944,0.3079211048548425
2017-05,2017-05-01,2017-08-01,2017-05-01,104,79,7,3,3,0.0769497188071741,0.16423837452470927,CSX,0.08619658168467495,-0.05315627725456307,MU,0.07287635024185794,0.001767434078159047,NVDA,0.07177622449498944,0.5441039667505319
2017-06,2017-06-01,2017-07-03,2017-06-01,104,79,7,1,1,0.12125811624707392,-0.034843471494966916,NVDA,0.12125811624707392,-0.034843471494966916,,,,,,
2017-06,2017-06-01,2017-08-01,2017-06-01,104,79,7,2,1,0.12125811624707392,0.1394433644873352,NVDA,0.12125811624707392,0.1394433644873352,,,,,,
2017-06,2017-06-01,2017-09-01,2017-06-01,104,79,7,3,1,0.12125811624707392,0.1818378621114518,NVDA,0.12125811624707392,0.1818378621114518,,,,,,
2017-06,2017-06-01,2017-07-03,2017-06-01,104,79,7,1,2,0.10831305035722971,-0.018337690707095844,NVDA,0.12125811624707392,-0.034843471494966916,CSX,0.09536798446738552,-0.0018319099192247723,,,
2017-06,2017-06-01,2017-08-01,2017-06-01,104,79,7,2,2,0.10831305035722971,0.014858312785352379,NVDA,0.12125811624707392,0.1394433644873352,CSX,0.09536798446738552,-0.10972673891663043,,,
2017-06,2017-06-01,2017-09-01,2017-06-01,104,79,7,3,2,0.10831305035722971,0.048712976517528817,NVDA,0.12125811624707392,0.1818378621114518,CSX,0.09536798446738552,-0.08441190907639418,,,
2017-06,2017-06-01,2017-07-03,2017-06-01,104,79,7,1,3,0.10267278700960732,-0.02978038584872933,NVDA,0.12125811624707392,-0.034843471494966916,CSX,0.09536798446738552,-0.0018319099192247723,MU,0.09139226031436253,-0.0526657761319963
2017-06,2017-06-01,2017-08-01,2017-06-01,104,79,7,2,3,0.10267278700960732,-0.01631895974180675,NVDA,0.12125811624707392,0.1394433644873352,CSX,0.09536798446738552,-0.10972673891663043,MU,0.09139226031436253,-0.078673504796125
2017-06,2017-06-01,2017-09-01,2017-06-01,104,79,7,3,3,0.10267278700960732,0.05241467594271413,NVDA,0.12125811624707392,0.1818378621114518,CSX,0.09536798446738552,-0.08441190907639418,MU,0.09139226031436253,0.05981807479308476
2017-07,2017-07-03,2017-08-01,2017-07-03,104,80,7,1,1,0.1015050100120991,-0.0937269421195781,TSLA,0.1015050100120991,-0.0937269421195781,,,,,,
2017-07,2017-07-03,2017-09-01,2017-07-03,104,80,7,2,1,0.1015050100120991,0.00788383769459089,TSLA,0.1015050100120991,0.00788383769459089,,,,,,
2017-07,2017-07-03,2017-10-02,2017-07-03,104,80,7,3,1,0.1015050100120991,-0.03145023895408361,TSLA,0.1015050100120991,-0.03145023895408361,,,,,,
2017-07,2017-07-03,2017-08-01,2017-07-03,104,80,7,1,2,0.09036811123422775,0.02932933565018514,TSLA,0.1015050100120991,-0.0937269421195781,MELI,0.07923121245635638,0.15238561341994838,,,
2017-07,2017-07-03,2017-09-01,2017-07-03,104,80,7,2,2,0.09036811123422775,0.006395270824320565,TSLA,0.1015050100120991,0.00788383769459089,MELI,0.07923121245635638,0.00490670395405024,,,
2017-07,2017-07-03,2017-10-02,2017-07-03,104,80,7,3,2,0.09036811123422775,0.010439682698586306,TSLA,0.1015050100120991,-0.03145023895408361,MELI,0.07923121245635638,0.05232960435125622,,,
2017-07,2017-07-03,2017-08-01,2017-07-03,104,80,7,1,3,0.08609483604955749,0.0797458335243429,TSLA,0.1015050100120991,-0.0937269421195781,MELI,0.07923121245635638,0.15238561341994838,NVDA,0.07754828568021699,0.18057882927265845
2017-07,2017-07-03,2017-09-01,2017-07-03,104,80,7,2,3,0.08609483604955749,0.07909812264216098,TSLA,0.1015050100120991,0.00788383769459089,MELI,0.07923121245635638,0.00490670395405024,NVDA,0.07754828568021699,0.22450382627784182
2017-07,2017-07-03,2017-10-02,2017-07-03,104,80,7,3,3,0.08609483604955749,0.10224341312315006,TSLA,0.1015050100120991,-0.03145023895408361,MELI,0.07923121245635638,0.05232960435125622,NVDA,0.07754828568021699,0.2858508739722776
2017-08,2017-08-01,2017-09-01,2017-08-01,104,80,7,1,1,0.10978164663624759,0.05900788984986716,VRTX,0.10978164663624759,0.05900788984986716,,,,,,
2017-08,2017-08-01,2017-10-02,2017-08-01,104,80,7,2,1,0.10978164663624759,-0.006331600783457181,VRTX,0.10978164663624759,-0.006331600783457181,,,,,,
2017-08,2017-08-01,2017-11-01,2017-08-01,104,80,7,3,1,0.10978164663624759,-0.0689947276500319,VRTX,0.10978164663624759,-0.0689947276500319,,,,,,
2017-08,2017-08-01,2017-09-01,2017-08-01,104,80,7,1,2,0.1007303153289395,-0.03448457929319826,VRTX,0.10978164663624759,0.05900788984986716,MELI,0.09167898402163142,-0.12797704843626367,,,
2017-08,2017-08-01,2017-10-02,2017-08-01,104,80,7,2,2,0.1007303153289395,-0.04657835600831367,VRTX,0.10978164663624759,-0.006331600783457181,MELI,0.09167898402163142,-0.08682511123317016,,,
2017-08,2017-08-01,2017-11-01,2017-08-01,104,80,7,3,2,0.1007303153289395,-0.12056400939807643,VRTX,0.10978164663624759,-0.0689947276500319,MELI,0.09167898402163142,-0.17213329114612097,,,
2017-08,2017-08-01,2017-09-01,2017-08-01,104,80,7,1,3,0.0959340987870404,-0.04904166443103616,VRTX,0.10978164663624759,0.05900788984986716,MELI,0.09167898402163142,-0.12797704843626367,JD,0.08634166570324223,-0.07815583470671195
2017-08,2017-08-01,2017-10-02,2017-08-01,104,80,7,2,3,0.0959340987870404,-0.07825312899467936,VRTX,0.10978164663624759,-0.006331600783457181,MELI,0.09167898402163142,-0.08682511123317016,JD,0.08634166570324223,-0.14160267496741075
2017-08,2017-08-01,2017-11-01,2017-08-01,104,80,7,3,3,0.0959340987870404,-0.13665120093594263,VRTX,0.10978164663624759,-0.0689947276500319,MELI,0.09167898402163142,-0.17213329114612097,JD,0.08634166570324223,-0.16882558401167502
2017-09,2017-09-01,2017-10-02,2017-09-01,104,80,7,1,1,0.09656054579164364,-0.06169877605216656,VRTX,0.09656054579164364,-0.06169877605216656,,,,,,
2017-09,2017-09-01,2017-11-01,2017-09-01,104,80,7,2,1,0.09656054579164364,-0.12087031525142433,VRTX,0.09656054579164364,-0.12087031525142433,,,,,,
2017-09,2017-09-01,2017-12-01,2017-09-01,104,80,7,3,1,0.09656054579164364,-0.13221160922566066,VRTX,0.09656054579164364,-0.13221160922566066,,,,,,
2017-09,2017-09-01,2017-10-02,2017-09-01,104,80,7,1,2,0.08253807846418017,-0.005799630574155112,VRTX,0.09656054579164364,-0.06169877605216656,NVDA,0.0685156111367167,0.050099514903856335,,,
2017-09,2017-09-01,2017-11-01,2017-09-01,104,80,7,2,2,0.08253807846418017,0.04733204389171275,VRTX,0.09656054579164364,-0.12087031525142433,NVDA,0.0685156111367167,0.21553440303484983,,,
2017-09,2017-09-01,2017-12-01,2017-09-01,104,80,7,3,2,0.08253807846418017,0.01413968402027177,VRTX,0.09656054579164364,-0.13221160922566066,NVDA,0.0685156111367167,0.1604909772662042,,,
2017-09,2017-09-01,2017-10-02,2017-09-01,104,80,7,1,3,0.07741218972771198,0.010885706349200644,VRTX,0.09656054579164364,-0.06169877605216656,NVDA,0.0685156111367167,0.050099514903856335,PYPL,0.0671604122547756,0.04425638019591216
2017-09,2017-09-01,2017-11-01,2017-09-01,104,80,7,2,3,0.07741218972771198,0.09078018558242691,VRTX,0.09656054579164364,-0.12087031525142433,NVDA,0.0685156111367167,0.21553440303484983,PYPL,0.0671604122547756,0.17767646896385525
2017-09,2017-09-01,2017-12-01,2017-09-01,104,80,7,3,3,0.07741218972771198,0.08448883959345332,VRTX,0.09656054579164364,-0.13221160922566066,NVDA,0.0685156111367167,0.1604909772662042,PYPL,0.0671604122547756,0.22518715073981643
2017-10,2017-10-02,2017-11-01,2017-10-02,104,80,7,1,1,0.08950114889138959,0.1575421050890975,NVDA,0.08950114889138959,0.1575421050890975,,,,,,
2017-10,2017-10-02,2017-12-01,2017-10-02,104,80,7,2,1,0.08950114889138959,0.10512476274446692,NVDA,0.08950114889138959,0.10512476274446692,,,,,,
2017-10,2017-10-02,2018-01-02,2017-10-02,104,80,7,3,1,0.08950114889138959,0.1144608665898168,NVDA,0.08950114889138959,0.1144608665898168,,,,,,
2017-10,2017-10-02,2017-11-01,2017-10-02,104,80,7,1,2,0.08525280082483554,0.04723984609983267,NVDA,0.08950114889138959,0.1575421050890975,VRTX,0.08100445275828148,-0.06306241288943215,,,
2017-10,2017-10-02,2017-12-01,2017-10-02,104,80,7,2,2,0.08525280082483554,0.014987649839423245,NVDA,0.08950114889138959,0.10512476274446692,VRTX,0.08100445275828148,-0.07514946306562043,,,
2017-10,2017-10-02,2018-01-02,2017-10-02,104,80,7,3,2,0.08525280082483554,0.05946392194253136,NVDA,0.08950114889138959,0.1144608665898168,VRTX,0.08100445275828148,0.004466977295245922,,,
2017-10,2017-10-02,2017-11-01,2017-10-02,104,80,7,1,3,0.08251076000319085,0.06790082060603438,NVDA,0.08950114889138959,0.1575421050890975,VRTX,0.08100445275828148,-0.06306241288943215,MU,0.07702667835990147,0.1092227696184378
2017-10,2017-10-02,2017-12-01,2017-10-02,104,80,7,2,3,0.08251076000319085,0.026487700947421217,NVDA,0.08950114889138959,0.10512476274446692,VRTX,0.08100445275828148,-0.07514946306562043,MU,0.07702667835990147,0.049487803163417166
2017-10,2017-10-02,2018-01-02,2017-10-02,104,80,7,3,3,0.08251076000319085,0.07013494237397018,NVDA,0.08950114889138959,0.1144608665898168,VRTX,0.08100445275828148,0.004466977295245922,MU,0.07702667835990147,0.09147698323684783
2017-11,2017-11-01,2017-12-01,2017-11-01,104,80,7,1,1,0.10800322262481522,0.08137906203160572,ALGN,0.10800322262481522,0.08137906203160572,,,,,,
2017-11,2017-11-01,2018-01-02,2017-11-01,104,80,7,2,1,0.10800322262481522,-0.043966809811580077,ALGN,0.10800322262481522,-0.043966809811580077,,,,,,
2017-11,2017-11-01,2018-02-01,2017-11-01,104,80,7,3,1,0.10800322262481522,0.08776339920753018,ALGN,0.10800322262481522,0.08776339920753018,,,,,,
2017-11,2017-11-01,2017-12-01,2017-11-01,104,80,7,1,2,0.10612072184151045,0.018047874131712327,ALGN,0.10800322262481522,0.08137906203160572,NVDA,0.10423822105820567,-0.045283313768181066,,,
2017-11,2017-11-01,2018-01-02,2017-11-01,104,80,7,2,2,0.10612072184151045,-0.04059233425266873,ALGN,0.10800322262481522,-0.043966809811580077,NVDA,0.10423822105820567,-0.03721785869375738,,,
2017-11,2017-11-01,2018-02-01,2017-11-01,104,80,7,3,2,0.10612072184151045,0.12464189563435935,ALGN,0.10800322262481522,0.08776339920753018,NVDA,0.10423822105820567,0.1615203920611885,,,
2017-11,2017-11-01,2017-12-01,2017-11-01,104,80,7,1,3,0.09732153292989633,0.025479492177406155,ALGN,0.10800322262481522,0.08137906203160572,NVDA,0.10423822105820567,-0.045283313768181066,PYPL,0.0797231551066681,0.040342728268793815
2017-11,2017-11-01,2018-01-02,2017-11-01,104,80,7,2,3,0.09732153292989633,-0.02033780365131081,ALGN,0.10800322262481522,-0.043966809811580077,NVDA,0.10423822105820567,-0.03721785869375738,PYPL,0.0797231551066681,0.02017125755140503
2017-11,2017-11-01,2018-02-01,2017-11-01,104,80,7,3,3,0.09732153292989633,0.11081868072453609,ALGN,0.10800322262481522,0.08776339920753018,NVDA,0.10423822105820567,0.1615203920611885,PYPL,0.0797231551066681,0.08317225090488956
2017-12,2017-12-01,2018-01-02,2017-12-01,104,80,7,1,1,0.10006269048930402,0.00844800891273545,NVDA,0.10006269048930402,0.00844800891273545,,,,,,
2017-12,2017-12-01,2018-02-01,2017-12-01,104,80,7,2,1,0.10006269048930402,0.21661264416107073,NVDA,0.10006269048930402,0.21661264416107073,,,,,,
2017-12,2017-12-01,2018-03-01,2017-12-01,104,80,7,3,1,0.10006269048930402,0.17540640102145955,NVDA,0.10006269048930402,0.17540640102145955,,,,,,
2017-12,2017-12-01,2018-01-02,2017-12-01,104,80,7,1,2,0.09921372294917877,-0.05373248658558766,NVDA,0.10006269048930402,0.00844800891273545,ALGN,0.09836475540905353,-0.11591298208391076,,,
2017-12,2017-12-01,2018-02-01,2017-12-01,104,80,7,2,2,0.09921372294917877,0.11125826437352282,NVDA,0.10006269048930402,0.21661264416107073,ALGN,0.09836475540905353,0.005903884585974906,,,
2017-12,2017-12-01,2018-03-01,2017-12-01,104,80,7,3,2,0.09921372294917877,0.07093615987852214,NVDA,0.10006269048930402,0.17540640102145955,ALGN,0.09836475540905353,-0.03353408126441526,,,
2017-12,2017-12-01,2018-01-02,2017-12-01,104,80,7,1,3,0.08915332736565423,-0.04228474281074435,NVDA,0.10006269048930402,0.00844800891273545,ALGN,0.09836475540905353,-0.11591298208391076,PYPL,0.06903253619860515,-0.019389255261057725
2017-12,2017-12-01,2018-02-01,2017-12-01,104,80,7,2,3,0.08915332736565423,0.08789506502156656,NVDA,0.10006269048930402,0.21661264416107073,ALGN,0.09836475540905353,0.005903884585974906,PYPL,0.06903253619860515,0.041168666317654035
2017-12,2017-12-01,2018-03-01,2017-12-01,104,80,7,3,3,0.08915332736565423,0.062076067322787844,NVDA,0.10006269048930402,0.17540640102145955,ALGN,0.09836475540905353,-0.03353408126441526,PYPL,0.06903253619860515,0.04435588221131925
2018-01,2018-01-02,2018-02-01,2018-01-02,103,82,7,1,1,0.06873615501859258,0.1377883219652114,ALGN,0.06873615501859258,0.1377883219652114,,,,,,
2018-01,2018-01-02,2018-03-01,2018-01-02,103,82,7,2,1,0.06873615501859258,0.0931796295501246,ALGN,0.06873615501859258,0.0931796295501246,,,,,,
2018-01,2018-01-02,2018-04-02,2018-01-02,103,82,7,3,1,0.06873615501859258,0.08044701147282707,ALGN,0.06873615501859258,0.08044701147282707,,,,,,
2018-01,2018-01-02,2018-02-01,2018-01-02,103,82,7,1,2,0.06297065642467409,0.12098488751686065,ALGN,0.06873615501859258,0.1377883219652114,TTWO,0.0572051578307556,0.1041814530685099,,,
2018-01,2018-01-02,2018-03-01,2018-01-02,103,82,7,2,2,0.06297065642467409,0.022936393142254263,ALGN,0.06873615501859258,0.0931796295501246,TTWO,0.0572051578307556,-0.04730684326561607,,,
2018-01,2018-01-02,2018-04-02,2018-01-02,103,82,7,3,2,0.06297065642467409,-0.034900517550002175,ALGN,0.06873615501859258,0.08044701147282707,TTWO,0.0572051578307556,-0.15024804657283142,,,
2018-01,2018-01-02,2018-02-01,2018-01-02,103,82,7,1,3,0.06068890266956726,0.07164967771182462,ALGN,0.06873615501859258,0.1377883219652114,TTWO,0.0572051578307556,0.1041814530685099,MU,0.0561253951593536,-0.027020741898247436
2018-01,2018-01-02,2018-03-01,2018-01-02,103,82,7,2,3,0.06068890266956726,0.04544132826157458,ALGN,0.06873615501859258,0.0931796295501246,TTWO,0.0572051578307556,-0.04730684326561607,MU,0.0561253951593536,0.09045119850021521
2018-01,2018-01-02,2018-04-02,2018-01-02,103,82,7,3,3,0.06068890266956726,0.02550797239506371,ALGN,0.06873615501859258,0.08044701147282707,TTWO,0.0572051578307556,-0.15024804657283142,MU,0.0561253951593536,0.1463249522851955
2018-02,2018-02-01,2018-03-01,2018-02-01,103,82,7,1,1,0.09642330524324663,0.09552192216877775,NFLX,0.09642330524324663,0.09552192216877775,,,,,,
2018-02,2018-02-01,2018-04-02,2018-02-01,103,82,7,2,1,0.09642330524324663,0.05741877092402525,NFLX,0.09642330524324663,0.05741877092402525,,,,,,
2018-02,2018-02-01,2018-05-01,2018-02-01,103,82,7,3,1,0.09642330524324663,0.18195193570665702,NFLX,0.09642330524324663,0.18195193570665702,,,,,,
2018-02,2018-02-01,2018-03-01,2018-02-01,103,82,7,1,2,0.09089439524692233,0.02815771347061574,NFLX,0.09642330524324663,0.09552192216877775,ALGN,0.08536548525059805,-0.03920649522754627,,,
2018-02,2018-02-01,2018-04-02,2018-02-01,103,82,7,2,2,0.09089439524692233,0.003510800898698041,NFLX,0.09642330524324663,0.05741877092402525,ALGN,0.08536548525059805,-0.05039716912662917,,,
2018-02,2018-02-01,2018-05-01,2018-02-01,103,82,7,3,2,0.09089439524692233,0.08270032739258804,NFLX,0.09642330524324663,0.18195193570665702,ALGN,0.08536548525059805,-0.01655128092148095,,,
2018-02,2018-02-01,2018-03-01,2018-02-01,103,82,7,1,3,0.088930180534785,0.007481926004270778,NFLX,0.09642330524324663,0.09552192216877775,ALGN,0.08536548525059805,-0.03920649522754627,NVDA,0.08500175111051035,-0.03386964892841915
2018-02,2018-02-01,2018-04-02,2018-02-01,103,82,7,2,3,0.088930180534785,-0.02442666719025033,NFLX,0.09642330524324663,0.05741877092402525,ALGN,0.08536548525059805,-0.05039716912662917,NVDA,0.08500175111051035,-0.08030160336814707
2018-02,2018-02-01,2018-05-01,2018-02-01,103,82,7,3,3,0.088930180534785,0.036812333713492164,NFLX,0.09642330524324663,0.18195193570665702,ALGN,0.08536548525059805,-0.01655128092148095,NVDA,0.08500175111051035,-0.05496365364469957
2018-03,2018-03-01,2018-04-02,2018-03-01,103,82,7,1,1,0.0809586662522975,0.05123911447098961,MU,0.0809586662522975,0.05123911447098961,,,,,,
2018-03,2018-03-01,2018-05-01,2018-03-01,103,82,7,2,1,0.0809586662522975,-0.01742974388986318,MU,0.0809586662522975,-0.01742974388986318,,,,,,
2018-03,2018-03-01,2018-06-01,2018-03-01,103,82,7,3,1,0.0809586662522975,0.23351532462159685,MU,0.0809586662522975,0.23351532462159685,,,,,,
2018-03,2018-03-01,2018-04-02,2018-03-01,103,82,7,1,2,0.08061674474145297,0.06597790278561844,MU,0.0809586662522975,0.05123911447098961,STX,0.08027482323060846,0.08071669110024726,,,
2018-03,2018-03-01,2018-05-01,2018-03-01,103,82,7,2,2,0.08061674474145297,-0.0014797766968077664,MU,0.0809586662522975,-0.01742974388986318,STX,0.08027482323060846,0.014470190496247648,,,
2018-03,2018-03-01,2018-06-01,2018-03-01,103,82,7,3,2,0.08061674474145297,0.1585196121523914,MU,0.0809586662522975,0.23351532462159685,STX,0.08027482323060846,0.08352389968318596,,,
2018-03,2018-03-01,2018-04-02,2018-03-01,103,82,7,1,3,0.07875184451040744,0.03239166171597537,MU,0.0809586662522975,0.05123911447098961,STX,0.08027482323060846,0.08071669110024726,NFLX,0.07502204404831635,-0.034780820423310765
2018-03,2018-03-01,2018-05-01,2018-03-01,103,82,7,2,3,0.07875184451040744,0.025311453908246035,MU,0.0809586662522975,-0.01742974388986318,STX,0.08027482323060846,0.014470190496247648,NFLX,0.07502204404831635,0.07889391511835364
2018-03,2018-03-01,2018-06-01,2018-03-01,103,82,7,3,3,0.07875184451040744,0.1855034334696576,MU,0.0809586662522975,0.23351532462159685,STX,0.08027482323060846,0.08352389968318596,NFLX,0.07502204404831635,0.23947107610419005
2018-04,2018-04-02,2018-05-01,2018-04-02,103,82,7,1,1,0.09852696932838614,-0.061298674434791756,STX,0.09852696932838614,-0.061298674434791756,,,,,,
2018-04,2018-04-02,2018-06-01,2018-04-02,103,82,7,2,1,0.09852696932838614,0.00259754346912211,STX,0.09852696932838614,0.00259754346912211,,,,,,
2018-04,2018-04-02,2018-07-02,2018-04-02,103,82,7,3,1,0.09852696932838614,0.008346428260609828,STX,0.09852696932838614,0.008346428260609828,,,,,,
2018-04,2018-04-02,2018-05-01,2018-04-02,103,82,7,1,2,0.08715075136341134,0.028236114888683328,STX,0.09852696932838614,-0.061298674434791756,NFLX,0.07577453339843654,0.11777090421215841,,,
2018-04,2018-04-02,2018-06-01,2018-04-02,103,82,7,2,2,0.08715075136341134,0.14336593240151863,STX,0.09852696932838614,0.00259754346912211,NFLX,0.07577453339843654,0.28413432133391514,,,
2018-04,2018-04-02,2018-07-02,2018-04-02,103,82,7,3,2,0.08715075136341134,0.2144732916790778,STX,0.09852696932838614,0.008346428260609828,NFLX,0.07577453339843654,0.4206001550975458,,,
2018-04,2018-04-02,2018-05-01,2018-04-02,103,82,7,1,3,0.08036870028538272,-0.0029498653571229014,STX,0.09852696932838614,-0.061298674434791756,NFLX,0.07577453339843654,0.11777090421215841,MU,0.06680459812932547,-0.06532182584873536
2018-04,2018-04-02,2018-06-01,2018-04-02,103,82,7,2,3,0.08036870028538272,0.15337454474385614,STX,0.09852696932838614,0.00259754346912211,NFLX,0.07577453339843654,0.28413432133391514,MU,0.06680459812932547,0.17339176942853118
2018-04,2018-04-02,2018-07-02,2018-04-02,103,82,7,3,3,0.08036870028538272,0.17241352692233672,STX,0.09852696932838614,0.008346428260609828,NFLX,0.07577453339843654,0.4206001550975458,MU,0.06680459812932547,0.08829399740885457
2018-05,2018-05-01,2018-06-01,2018-05-01,103,82,7,1,1,0.09074313580738612,0.14883498621662095,NFLX,0.09074313580738612,0.14883498621662095,,,,,,
2018-05,2018-05-01,2018-07-02,2018-05-01,103,82,7,2,1,0.09074313580738612,0.2709224669779995,NFLX,0.09074313580738612,0.2709224669779995,,,,,,
2018-05,2018-05-01,2018-08-01,2018-05-01,103,82,7,3,1,0.09074313580738612,0.08005111182962232,NFLX,0.09074313580738612,0.08005111182962232,,,,,,
2018-05,2018-05-01,2018-06-01,2018-05-01,103,82,7,1,2,0.0840949421355609,0.09315022069717471,NFLX,0.09074313580738612,0.14883498621662095,AMZN,0.0774467484637357,0.03746545517772848,,,
2018-05,2018-05-01,2018-07-02,2018-05-01,103,82,7,2,2,0.0840949421355609,0.1770220649235753,NFLX,0.09074313580738612,0.2709224669779995,AMZN,0.0774467484637357,0.08312166286915113,,,
2018-05,2018-05-01,2018-08-01,2018-05-01,103,82,7,3,2,0.0840949421355609,0.1079379015353662,NFLX,0.09074313580738612,0.08005111182962232,AMZN,0.0774467484637357,0.13582469124111007,,,
2018-05,2018-05-01,2018-06-01,2018-05-01,103,82,7,1,3,0.08141176289722236,0.08478972764150217,NFLX,0.09074313580738612,0.14883498621662095,AMZN,0.0774467484637357,0.03746545517772848,STX,0.07604540442054528,0.06806874153015707
2018-05,2018-05-01,2018-07-02,2018-05-01,103,82,7,2,3,0.08141176289722236,0.14274572246554196,NFLX,0.09074313580738612,0.2709224669779995,AMZN,0.0774467484637357,0.08312166286915113,STX,0.07604540442054528,0.07419303754947526
2018-05,2018-05-01,2018-08-01,2018-05-01,103,82,7,3,3,0.08141176289722236,0.06847209710585533,NFLX,0.09074313580738612,0.08005111182962232,AMZN,0.0774467484637357,0.13582469124111007,STX,0.07604540442054528,-0.010459511753166395
2018-06,2018-06-01,2018-07-02,2018-06-01,103,82,7,1,1,0.09506516033315547,0.10627068484695168,NFLX,0.09506516033315547,0.10627068484695168,,,,,,
2018-06,2018-06-01,2018-08-01,2018-06-01,103,82,7,2,1,0.09506516033315547,-0.059872719069533065,NFLX,0.09506516033315547,-0.059872719069533065,,,,,,
2018-06,2018-06-01,2018-09-04,2018-06-01,103,82,7,3,1,0.09506516033315547,0.010196443184030679,NFLX,0.09506516033315547,0.010196443184030679,,,,,,
2018-06,2018-06-01,2018-07-02,2018-06-01,103,82,7,1,2,0.08465291340608154,0.056002337674429525,NFLX,0.09506516033315547,0.10627068484695168,STX,0.07424066647900761,0.005733990501907371,,,
2018-06,2018-06-01,2018-08-01,2018-06-01,103,82,7,2,2,0.08465291340608154,-0.06669815689381142,NFLX,0.09506516033315547,-0.059872719069533065,STX,0.07424066647900761,-0.07352359471808978,,,
2018-06,2018-06-01,2018-09-04,2018-06-01,103,82,7,3,2,0.08465291340608154,-0.0636110442153,NFLX,0.09506516033315547,0.010196443184030679,STX,0.07424066647900761,-0.1374185316146307,,,
2018-06,2018-06-01,2018-07-02,2018-06-01,103,82,7,1,3,0.07686171376730994,0.05200404131577652,NFLX,0.09506516033315547,0.10627068484695168,STX,0.07424066647900761,0.005733990501907371,AMZN,0.06127931448976674,0.0440074485984705
2018-06,2018-06-01,2018-08-01,2018-06-01,103,82,7,2,3,0.07686171376730994,-0.012863024704267442,NFLX,0.09506516033315547,-0.059872719069533065,STX,0.07424066647900761,-0.07352359471808978,AMZN,0.06127931448976674,0.09480723967482052
2018-06,2018-06-01,2018-09-04,2018-06-01,103,82,7,3,3,0.07686171376730994,0.03840495445170914,NFLX,0.09506516033315547,0.010196443184030679,STX,0.07424066647900761,-0.1374185316146307,AMZN,0.06127931448976674,0.24243695178572744
2018-07,2018-07-02,2018-08-01,2018-07-02,103,82,7,1,1,0.11831306533724155,-0.15018331968135812,NFLX,0.11831306533724155,-0.15018331968135812,,,,,,
2018-07,2018-07-02,2018-09-04,2018-07-02,103,82,7,2,1,0.11831306533724155,-0.08684514827961165,NFLX,0.11831306533724155,-0.08684514827961165,,,,,,
2018-07,2018-07-02,2018-10-01,2018-07-02,103,82,7,3,1,0.11831306533724155,-0.04206638213076219,NFLX,0.11831306533724155,-0.04206638213076219,,,,,,
2018-07,2018-07-02,2018-08-01,2018-07-02,103,82,7,1,2,0.09253139073033494,-0.11449451684287903,NFLX,0.11831306533724155,-0.15018331968135812,STX,0.06674971612342832,-0.07880571400439995,,,
2018-07,2018-07-02,2018-09-04,2018-07-02,103,82,7,2,2,0.09253139073033494,-0.11459075751058878,NFLX,0.11831306533724155,-0.08684514827961165,STX,0.06674971612342832,-0.1423363667415659,,,
2018-07,2018-07-02,2018-10-01,2018-07-02,103,82,7,3,2,0.09253139073033494,-0.10786165379991941,NFLX,0.11831306533724155,-0.04206638213076219,STX,0.06674971612342832,-0.17365692546907663,,,
2018-07,2018-07-02,2018-08-01,2018-07-02,103,82,7,1,3,0.08167826449532806,-0.060110192378316274,NFLX,0.11831306533724155,-0.15018331968135812,STX,0.06674971612342832,-0.07880571400439995,AMZN,0.05997201202531429,0.04865845655080925
2018-07,2018-07-02,2018-09-04,2018-07-02,103,82,7,2,3,0.08167826449532806,-0.013038765713391983,NFLX,0.11831306533724155,-0.08684514827961165,STX,0.06674971612342832,-0.1423363667415659,AMZN,0.05997201202531429,0.1900652178810016
2018-07,2018-07-02,2018-10-01,2018-07-02,103,82,7,3,3,0.08167826449532806,-0.01538943420742959,NFLX,0.11831306533724155,-0.04206638213076219,STX,0.06674971612342832,-0.17365692546907663,AMZN,0.05997201202531429,0.16955500497755005
2018-08,2018-08-01,2018-09-04,2018-08-01,103,83,7,1,1,0.08596163475303834,0.07453157000636601,NFLX,0.08596163475303834,0.07453157000636601,,,,,,
2018-08,2018-08-01,2018-10-01,2018-08-01,103,83,7,2,1,0.08596163475303834,0.12722383551009742,NFLX,0.08596163475303834,0.12722383551009742,,,,,,
2018-08,2018-08-01,2018-11-01,2018-08-01,103,83,7,3,1,0.08596163475303834,-0.06206041443993293,NFLX,0.08596163475303834,-0.06206041443993293,,,,,,
2018-08,2018-08-01,2018-09-04,2018-08-01,103,83,7,1,2,0.07932776006297387,0.0819787808663559,NFLX,0.08596163475303834,0.07453157000636601,ALGN,0.0726938853729094,0.0894259917263458,,,
2018-08,2018-08-01,2018-10-01,2018-08-01,103,83,7,2,2,0.07932776006297387,0.11707527017430652,NFLX,0.08596163475303834,0.12722383551009742,ALGN,0.0726938853729094,0.10692670483851563,,,
2018-08,2018-08-01,2018-11-01,2018-08-01,103,83,7,3,2,0.07932776006297387,-0.20455298220214513,NFLX,0.08596163475303834,-0.06206041443993293,ALGN,0.0726938853729094,-0.3470455499643573,,,
2018-08,2018-08-01,2018-09-04,2018-08-01,103,83,7,1,3,0.07410070884402296,0.09960098479450918,NFLX,0.08596163475303834,0.07453157000636601,ALGN,0.0726938853729094,0.0894259917263458,AMZN,0.06364660640612115,0.13484539265081574
2018-08,2018-08-01,2018-10-01,2018-08-01,103,83,7,2,3,0.07410070884402296,0.11647913591572083,NFLX,0.08596163475303834,0.12722383551009742,ALGN,0.0726938853729094,0.10692670483851563,AMZN,0.06364660640612115,0.11528686739854943
2018-08,2018-08-01,2018-11-01,2018-08-01,103,83,7,3,3,0.07410070884402296,-0.1607848235807906,NFLX,0.08596163475303834,-0.06206041443993293,ALGN,0.0726938853729094,-0.3470455499643573,AMZN,0.06364660640612115,-0.07324850633808155
2018-09,2018-09-04,2018-10-01,2018-09-04,103,83,7,1,1,0.06578498105307144,0.01606415969976771,ALGN,0.06578498105307144,0.01606415969976771,,,,,,
2018-09,2018-09-04,2018-11-01,2018-09-04,103,83,7,2,1,0.06578498105307144,-0.4006435912172921,ALGN,0.06578498105307144,-0.4006435912172921,,,,,,
2018-09,2018-09-04,2018-12-03,2018-09-04,103,83,7,3,1,0.06578498105307144,-0.38831649453256734,ALGN,0.06578498105307144,-0.38831649453256734,,,,,,
2018-09,2018-09-04,2018-10-01,2018-09-04,103,83,7,1,2,0.06527443779491177,0.02719587341683627,ALGN,0.06578498105307144,0.01606415969976771,ILMN,0.06476389453675209,0.03832758713390483,,,
2018-09,2018-09-04,2018-11-01,2018-09-04,103,83,7,2,2,0.06527443779491177,-0.25735980495157085,ALGN,0.06578498105307144,-0.4006435912172921,ILMN,0.06476389453675209,-0.1140760186858496,,,
2018-09,2018-09-04,2018-12-03,2018-09-04,103,83,7,3,2,0.06527443779491177,-0.1980674699052578,ALGN,0.06578498105307144,-0.38831649453256734,ILMN,0.06476389453675209,-0.007818445277948283,,,
2018-09,2018-09-04,2018-10-01,2018-09-04,103,83,7,1,3,0.06310352318187631,0.012385739447632216,ALGN,0.06578498105307144,0.01606415969976771,ILMN,0.06476389453675209,0.03832758713390483,AMZN,0.058761693955805404,-0.01723452849077589
2018-09,2018-09-04,2018-11-01,2018-09-04,103,83,7,2,3,0.06310352318187631,-0.23269574338051524,ALGN,0.06578498105307144,-0.4006435912172921,ILMN,0.06476389453675209,-0.1140760186858496,AMZN,0.058761693955805404,-0.18336762023840403
2018-09,2018-09-04,2018-12-03,2018-09-04,103,83,7,3,3,0.06310352318187631,-0.17570744636099678,ALGN,0.06578498105307144,-0.38831649453256734,ILMN,0.06476389453675209,-0.007818445277948283,AMZN,0.058761693955805404,-0.1309873992724747
2018-10,2018-10-01,2018-11-01,2018-10-01,103,83,7,1,1,0.07380620396851646,-0.14677796074014937,ILMN,0.07380620396851646,-0.14677796074014937,,,,,,
2018-10,2018-10-01,2018-12-03,2018-10-01,103,83,7,2,1,0.07380620396851646,-0.04444265276552062,ILMN,0.07380620396851646,-0.04444265276552062,,,,,,
2018-10,2018-10-01,2019-01-02,2018-10-01,103,83,7,3,1,0.07380620396851646,-0.19648609538755946,ILMN,0.07380620396851646,-0.19648609538755946,,,,,,
2018-10,2018-10-01,2018-11-01,2018-10-01,103,83,7,1,2,0.07374349643417352,-0.2784487430528717,ILMN,0.07380620396851646,-0.14677796074014937,ALGN,0.07368078889983058,-0.41011952536559404,,,
2018-10,2018-10-01,2018-12-03,2018-10-01,103,83,7,2,2,0.07374349643417352,-0.22121498754674812,ILMN,0.07380620396851646,-0.04444265276552062,ALGN,0.07368078889983058,-0.3979873223279756,,,
2018-10,2018-10-01,2019-01-02,2018-10-01,103,83,7,3,2,0.07374349643417352,-0.3401208562491311,ILMN,0.07380620396851646,-0.19648609538755946,ALGN,0.07368078889983058,-0.4837556171107027,,,
2018-10,2018-10-01,2018-11-01,2018-10-01,103,83,7,1,3,0.06726650082353604,-0.19742447957168596,ILMN,0.07380620396851646,-0.14677796074014937,ALGN,0.07368078889983058,-0.41011952536559404,ULTA,0.05431250960226107,-0.035375952609314476
2018-10,2018-10-01,2018-12-03,2018-10-01,103,83,7,2,3,0.06726650082353604,-0.1197577823279992,ILMN,0.07380620396851646,-0.04444265276552062,ALGN,0.07368078889983058,-0.3979873223279756,ULTA,0.05431250960226107,0.08315662810949864
2018-10,2018-10-01,2019-01-02,2018-10-01,103,83,7,3,3,0.06726650082353604,-0.2679662452402258,ILMN,0.07380620396851646,-0.19648609538755946,ALGN,0.07368078889983058,-0.4837556171107027,ULTA,0.05431250960226107,-0.12365702322241523
2018-11,2018-11-01,2018-12-03,2018-11-01,103,83,7,1,1,0.050109607400802295,0.04127450313949654,TSLA,0.050109607400802295,0.04127450313949654,,,,,,
2018-11,2018-11-01,2019-01-02,2018-11-01,103,83,7,2,1,0.050109607400802295,-0.09922152053050737,TSLA,0.050109607400802295,-0.09922152053050737,,,,,,
2018-11,2018-11-01,2019-02-01,2018-11-01,103,83,7,3,1,0.050109607400802295,-0.09315094630321563,TSLA,0.050109607400802295,-0.09315094630321563,,,,,,
2018-11,2018-11-01,2018-12-03,2018-11-01,103,83,7,1,2,0.04975914775014807,0.08060716752703079,TSLA,0.050109607400802295,0.04127450313949654,ILMN,0.04940868809949385,0.11993983191456503,,,
2018-11,2018-11-01,2019-01-02,2018-11-01,103,83,7,2,2,0.04975914775014807,-0.07874041958027245,TSLA,0.050109607400802295,-0.09922152053050737,ILMN,0.04940868809949385,-0.05825931863003753,,,
2018-11,2018-11-01,2019-02-01,2018-11-01,103,83,7,3,2,0.04975914775014807,-0.0943468063391521,TSLA,0.050109607400802295,-0.09315094630321563,ILMN,0.04940868809949385,-0.09554266637508857,,,
2018-11,2018-11-01,2018-12-03,2018-11-01,103,83,7,1,3,0.04901821408018898,0.09469796578171241,TSLA,0.050109607400802295,0.04127450313949654,ILMN,0.04940868809949385,0.11993983191456503,ULTA,0.0475363467402708,0.12287956229107566
2018-11,2018-11-01,2019-01-02,2018-11-01,103,83,7,2,3,0.04901821408018898,-0.08299982282228502,TSLA,0.050109607400802295,-0.09922152053050737,ILMN,0.04940868809949385,-0.05825931863003753,ULTA,0.0475363467402708,-0.09151862930631016
2018-11,2018-11-01,2019-02-01,2018-11-01,103,83,7,3,3,0.04901821408018898,-0.040415154496371154,TSLA,0.050109607400802295,-0.09315094630321563,ILMN,0.04940868809949385,-0.09554266637508857,ULTA,0.0475363467402708,0.06744814918919073
2018-12,2018-12-03,2019-01-02,2018-12-03,103,84,7,1,1,0.0584286760240001,-0.15911493230843177,ILMN,0.0584286760240001,-0.15911493230843177,,,,,,
2018-12,2018-12-03,2019-02-01,2018-12-03,103,84,7,2,1,0.0584286760240001,-0.1924054240675419,ILMN,0.0584286760240001,-0.1924054240675419,,,,,,
2018-12,2018-12-03,2019-03-01,2018-12-03,103,84,7,3,1,0.0584286760240001,-0.08299782460105964,ILMN,0.0584286760240001,-0.08299782460105964,,,,,,
2018-12,2018-12-03,2019-01-02,2018-12-03,103,84,7,1,2,0.05345040482958892,-0.10357414497426232,ILMN,0.0584286760240001,-0.15911493230843177,WDAY,0.04847213363517774,-0.048033357640092866,,,
2018-12,2018-12-03,2019-02-01,2018-12-03,103,84,7,2,2,0.05345040482958892,-0.041792717472556196,ILMN,0.0584286760240001,-0.1924054240675419,WDAY,0.04847213363517774,0.10881998912242952,,,
2018-12,2018-12-03,2019-03-01,2018-12-03,103,84,7,3,2,0.05345040482958892,0.022088679921707266,ILMN,0.0584286760240001,-0.08299782460105964,WDAY,0.04847213363517774,0.12717518444447418,,,
2018-12,2018-12-03,2019-01-02,2018-12-03,103,84,7,1,3,0.050497966217342545,-0.07404450383106098,ILMN,0.0584286760240001,-0.15911493230843177,WDAY,0.04847213363517774,-0.048033357640092866,ORLY,0.04459308899284981,-0.014985221544658311
2018-12,2018-12-03,2019-02-01,2018-12-03,103,84,7,2,3,0.050497966217342545,-0.027467196326028676,ILMN,0.0584286760240001,-0.1924054240675419,WDAY,0.04847213363517774,0.10881998912242952,ORLY,0.04459308899284981,0.0011838459670263646
2018-12,2018-12-03,2019-03-01,2018-12-03,103,84,7,3,3,0.050497966217342545,0.0385463050692294,ILMN,0.0584286760240001,-0.08299782460105964,WDAY,0.04847213363517774,0.12717518444447418,ORLY,0.04459308899284981,0.07146155536427368
2019-01,2019-01-02,2019-02-01,2019-01-02,103,88,7,1,1,0.07431957830783074,0.3016463265103333,AMD,0.07431957830783074,0.3016463265103333,,,,,,
2019-01,2019-01-02,2019-03-01,2019-01-02,103,88,7,2,1,0.07431957830783074,0.2575677324015182,AMD,0.07431957830783074,0.2575677324015182,,,,,,
2019-01,2019-01-02,2019-04-01,2019-01-02,103,88,7,3,1,0.07431957830783074,0.3998938245966537,AMD,0.07431957830783074,0.3998938245966537,,,,,,
2019-01,2019-01-02,2019-02-01,2019-01-02,103,88,7,1,2,0.057583935359997444,0.23320700938116423,AMD,0.07431957830783074,0.3016463265103333,WDAY,0.040848292412164144,0.16476769225199517,,,
2019-01,2019-01-02,2019-03-01,2019-01-02,103,88,7,2,2,0.057583935359997444,0.22080838380897505,AMD,0.07431957830783074,0.2575677324015182,WDAY,0.040848292412164144,0.1840490352164319,,,
2019-01,2019-01-02,2019-04-01,2019-01-02,103,88,7,3,2,0.057583935359997444,0.3032710432977106,AMD,0.07431957830783074,0.3998938245966537,WDAY,0.040848292412164144,0.2066482619987675,,,
2019-01,2019-01-02,2019-02-01,2019-01-02,103,88,7,1,3,0.05001521321609115,0.1609430231483874,AMD,0.07431957830783074,0.3016463265103333,WDAY,0.040848292412164144,0.16476769225199517,ORLY,0.034877768928278555,0.016415050682833776
2019-01,2019-01-02,2019-03-01,2019-01-02,103,88,7,2,3,0.05001521321609115,0.17645955872323746,AMD,0.07431957830783074,0.2575677324015182,WDAY,0.040848292412164144,0.1840490352164319,ORLY,0.034877768928278555,0.08776190855176225
2019-01,2019-01-02,2019-04-01,2019-01-02,103,88,7,3,3,0.05001521321609115,0.25141611934771135,AMD,0.07431957830783074,0.3998938245966537,WDAY,0.040848292412164144,0.2066482619987675,ORLY,0.034877768928278555,0.14770627144771287
2019-02,2019-02-01,2019-03-01,2019-02-01,103,88,7,1,1,0.10987222565638065,-0.033863725661169575,AMD,0.10987222565638065,-0.033863725661169575,,,,,,
2019-02,2019-02-01,2019-04-01,2019-02-01,103,88,7,2,1,0.10987222565638065,0.07547941102382105,AMD,0.10987222565638065,0.07547941102382105,,,,,,
2019-02,2019-02-01,2019-05-01,2019-02-01,103,88,7,3,1,0.10987222565638065,0.09383921728202571,AMD,0.10987222565638065,0.09383921728202571,,,,,,
2019-02,2019-02-01,2019-03-01,2019-02-01,103,88,7,1,2,0.08827753029151765,-0.008654957876620184,AMD,0.10987222565638065,-0.033863725661169575,WDAY,0.06668283492665465,0.016553809907929207,,,
2019-02,2019-02-01,2019-04-01,2019-02-01,103,88,7,2,2,0.08827753029151765,0.0557177838984253,AMD,0.10987222565638065,0.07547941102382105,WDAY,0.06668283492665465,0.035956156773029546,,,
2019-02,2019-02-01,2019-05-01,2019-02-01,103,88,7,3,2,0.08827753029151765,0.08755165022863554,AMD,0.10987222565638065,0.09383921728202571,WDAY,0.06668283492665465,0.08126408317524536,,,
2019-02,2019-02-01,2019-03-01,2019-02-01,103,88,7,1,3,0.07594412448141812,0.009449286776116598,AMD,0.10987222565638065,-0.033863725661169575,WDAY,0.06668283492665465,0.016553809907929207,SBUX,0.05127731286121906,0.04565777608159016
2019-02,2019-02-01,2019-04-01,2019-02-01,103,88,7,2,3,0.07594412448141812,0.06766431317361032,AMD,0.10987222565638065,0.07547941102382105,WDAY,0.06668283492665465,0.035956156773029546,SBUX,0.05127731286121906,0.09155737172398037
2019-02,2019-02-01,2019-05-01,2019-02-01,103,88,7,3,3,0.07594412448141812,0.10640078080770603,AMD,0.10987222565638065,0.09383921728202571,WDAY,0.06668283492665465,0.08126408317524536,SBUX,0.05127731286121906,0.144099041965847
2019-03,2019-03-01,2019-04-01,2019-03-01,103,88,7,1,1,0.0737492157688581,0.11317568710461567,AMD,0.0737492157688581,0.11317568710461567,,,,,,
2019-03,2019-03-01,2019-05-01,2019-03-01,103,88,7,2,1,0.0737492157688581,0.13217901690999856,AMD,0.0737492157688581,0.13217901690999856,,,,,,
2019-03,2019-03-01,2019-06-03,2019-03-01,103,88,7,3,1,0.0737492157688581,0.16469592771406516,AMD,0.0737492157688581,0.16469592771406516,,,,,,
2019-03,2019-03-01,2019-04-01,2019-03-01,103,88,7,1,2,0.07017980023130582,0.06613104071314369,AMD,0.0737492157688581,0.11317568710461567,WDAY,0.06661038469375356,0.019086394321671696,,,
2019-03,2019-03-01,2019-05-01,2019-03-01,103,88,7,2,2,0.07017980023130582,0.09791776616089354,AMD,0.0737492157688581,0.13217901690999856,WDAY,0.06661038469375356,0.06365651541178852,,,
2019-03,2019-03-01,2019-06-03,2019-03-01,103,88,7,3,2,0.07017980023130582,0.0895912902343351,AMD,0.0737492157688581,0.16469592771406516,WDAY,0.06661038469375356,0.014486652754605034,,,
2019-03,2019-03-01,2019-04-01,2019-03-01,103,88,7,1,3,0.06339406235306738,0.03569447829023157,AMD,0.0737492157688581,0.11317568710461567,WDAY,0.06661038469375356,0.019086394321671696,INCY,0.049822586596590494,-0.025178646555592654
2019-03,2019-03-01,2019-05-01,2019-03-01,103,88,7,2,3,0.06339406235306738,0.03027040257710767,AMD,0.0737492157688581,0.13217901690999856,WDAY,0.06661038469375356,0.06365651541178852,INCY,0.049822586596590494,-0.10502432459046407
2019-03,2019-03-01,2019-06-03,2019-03-01,103,88,7,3,3,0.06339406235306738,0.027176769614624934,AMD,0.0737492157688581,0.16469592771406516,WDAY,0.06661038469375356,0.014486652754605034,INCY,0.049822586596590494,-0.0976522716247954
2019-04,2019-04-01,2019-05-01,2019-04-01,103,90,7,1,1,0.07091003111051368,-0.06442642548682875,MELI,0.07091003111051368,-0.06442642548682875,,,,,,
2019-04,2019-04-01,2019-06-03,2019-04-01,103,90,7,2,1,0.07091003111051368,0.09777853276715409,MELI,0.07091003111051368,0.09777853276715409,,,,,,
2019-04,2019-04-01,2019-07-01,2019-04-01,103,90,7,3,1,0.07091003111051368,0.19532534610071672,MELI,0.07091003111051368,0.19532534610071672,,,,,,
2019-04,2019-04-01,2019-05-01,2019-04-01,103,90,7,1,2,0.06289403117148823,-0.010776906749518478,MELI,0.07091003111051368,-0.06442642548682875,AVGO,0.05487803123246277,0.0428726119877918,,,
2019-04,2019-04-01,2019-06-03,2019-04-01,103,90,7,2,2,0.06289403117148823,-0.03713379526907612,MELI,0.07091003111051368,0.09777853276715409,AVGO,0.05487803123246277,-0.17204612330530633,,,
2019-04,2019-04-01,2019-07-01,2019-04-01,103,90,7,3,2,0.06289403117148823,0.09347612519587606,MELI,0.07091003111051368,0.19532534610071672,AVGO,0.05487803123246277,-0.008373095708964606,,,
2019-04,2019-04-01,2019-05-01,2019-04-01,103,90,7,1,3,0.05916822283597253,0.012054066733007426,MELI,0.07091003111051368,-0.06442642548682875,AVGO,0.05487803123246277,0.0428726119877918,CDNS,0.051716606164941115,0.05771601369805923
2019-04,2019-04-01,2019-06-03,2019-04-01,103,90,7,2,3,0.05916822283597253,-0.0407023765930861,MELI,0.07091003111051368,0.09777853276715409,AVGO,0.05487803123246277,-0.17204612330530633,CDNS,0.051716606164941115,-0.047839539241106066
2019-04,2019-04-01,2019-07-01,2019-04-01,103,90,7,3,3,0.05916822283597253,0.1062988726599103,MELI,0.07091003111051368,0.19532534610071672,AVGO,0.05487803123246277,-0.008373095708964606,CDNS,0.051716606164941115,0.13194436758797878
2019-05,2019-05-01,2019-06-03,2019-05-01,103,90,7,1,1,0.06578824607106804,0.17337488218218078,MELI,0.06578824607106804,0.17337488218218078,,,,,,
2019-05,2019-05-01,2019-07-01,2019-05-01,103,90,7,2,1,0.06578824607106804,0.27763906406047023,MELI,0.06578824607106804,0.27763906406047023,,,,,,
2019-05,2019-05-01,2019-08-01,2019-05-01,103,90,7,3,1,0.06578824607106804,0.2923689435534049,MELI,0.06578824607106804,0.2923689435534049,,,,,,
2019-05,2019-05-01,2019-06-03,2019-05-01,103,90,7,1,2,0.0652947455800106,0.036789570787456316,MELI,0.06578824607106804,0.17337488218218078,CDNS,0.06480124508895316,-0.09979574060726815,,,
2019-05,2019-05-01,2019-07-01,2019-05-01,103,90,7,2,2,0.0652947455800106,0.17390851287604714,MELI,0.06578824607106804,0.27763906406047023,CDNS,0.06480124508895316,0.07017796169162405,,,
2019-05,2019-05-01,2019-08-01,2019-05-01,103,90,7,3,2,0.0652947455800106,0.17901201729677085,MELI,0.06578824607106804,0.2923689435534049,CDNS,0.06480124508895316,0.06565509104013678,,,
2019-05,2019-05-01,2019-06-03,2019-05-01,103,90,7,1,3,0.06085651233853137,-0.0270033446229561,MELI,0.06578824607106804,0.17337488218218078,CDNS,0.06480124508895316,-0.09979574060726815,LRCX,0.05198004585557292,-0.15458917544378092
2019-05,2019-05-01,2019-07-01,2019-05-01,103,90,7,2,3,0.06085651233853137,0.09712377309664182,MELI,0.06578824607106804,0.27763906406047023,CDNS,0.06480124508895316,0.07017796169162405,LRCX,0.05198004585557292,-0.05644570646216884
2019-05,2019-05-01,2019-08-01,2019-05-01,103,90,7,3,3,0.06085651233853137,0.12422925004377376,MELI,0.06578824607106804,0.2923689435534049,CDNS,0.06480124508895316,0.06565509104013678,LRCX,0.05198004585557292,0.014663715537779565
2019-06,2019-06-03,2019-07-01,2019-06-03,103,90,7,1,1,0.08662041315905941,0.08885837208683411,MELI,0.08662041315905941,0.08885837208683411,,,,,,
2019-06,2019-06-03,2019-08-01,2019-06-03,103,90,7,2,1,0.08662041315905941,0.10141180212578371,MELI,0.08662041315905941,0.10141180212578371,,,,,,
2019-06,2019-06-03,2019-09-03,2019-06-03,103,90,7,3,1,0.08662041315905941,0.021502505492165813,MELI,0.08662041315905941,0.021502505492165813,,,,,,
2019-06,2019-06-03,2019-07-01,2019-06-03,103,90,7,1,2,0.07141958417858768,0.11005646757436938,MELI,0.08662041315905941,0.08885837208683411,AMD,0.056218755198115956,0.13125456306190464,,,
2019-06,2019-06-03,2019-08-01,2019-06-03,103,90,7,2,2,0.07141958417858768,0.09204021384303374,MELI,0.08662041315905941,0.10141180212578371,AMD,0.056218755198115956,0.08266862556028376,,,
2019-06,2019-06-03,2019-09-03,2019-06-03,103,90,7,3,2,0.07141958417858768,0.07093978980207039,MELI,0.08662041315905941,0.021502505492165813,AMD,0.056218755198115956,0.12037707411197496,,,
2019-06,2019-06-03,2019-07-01,2019-06-03,103,90,7,1,3,0.06507947364640265,0.11087705125568974,MELI,0.08662041315905941,0.08885837208683411,AMD,0.056218755198115956,0.13125456306190464,WDAY,0.05239925258203261,0.11251821861833045
2019-06,2019-06-03,2019-08-01,2019-06-03,103,90,7,2,3,0.06507947364640265,0.0821717529829132,MELI,0.08662041315905941,0.10141180212578371,AMD,0.056218755198115956,0.08266862556028376,WDAY,0.05239925258203261,0.06243483126267213
2019-06,2019-06-03,2019-09-03,2019-06-03,103,90,7,3,3,0.06507947364640265,0.017934551124361264,MELI,0.08662041315905941,0.021502505492165813,AMD,0.056218755198115956,0.12037707411197496,WDAY,0.05239925258203261,-0.08807592623105698
2019-07,2019-07-01,2019-08-01,2019-07-01,103,90,7,1,1,0.0876651107219839,0.011528983346925425,MELI,0.0876651107219839,0.011528983346925425,,,,,,
2019-07,2019-07-01,2019-09-03,2019-07-01,103,90,7,2,1,0.0876651107219839,-0.06185916214757892,MELI,0.0876651107219839,-0.06185916214757892,,,,,,
2019-07,2019-07-01,2019-10-01,2019-07-01,103,90,7,3,1,0.0876651107219839,-0.11122056022726434,MELI,0.0876651107219839,-0.11122056022726434,,,,,,
2019-07,2019-07-01,2019-08-01,2019-07-01,103,90,7,1,2,0.08076096755928969,0.0036513521707869367,MELI,0.0876651107219839,0.011528983346925425,CDNS,0.07385682439659548,-0.004226279005351552,,,
2019-07,2019-07-01,2019-09-03,2019-07-01,103,90,7,2,2,0.08076096755928969,-0.06644423133183153,MELI,0.0876651107219839,-0.06185916214757892,CDNS,0.07385682439659548,-0.07102930051608414,,,
2019-07,2019-07-01,2019-10-01,2019-07-01,103,90,7,3,2,0.08076096755928969,-0.11055232323744646,MELI,0.0876651107219839,-0.11122056022726434,CDNS,0.07385682439659548,-0.10988408624762858,,,
2019-07,2019-07-01,2019-08-01,2019-07-01,103,90,7,1,3,0.07556940626540477,-0.024741540552441304,MELI,0.0876651107219839,0.011528983346925425,CDNS,0.07385682439659548,-0.004226279005351552,QCOM,0.06518628367763495,-0.08152732599889778
2019-07,2019-07-01,2019-09-03,2019-07-01,103,90,7,2,3,0.07556940626540477,-0.054616138145830585,MELI,0.0876651107219839,-0.06185916214757892,CDNS,0.07385682439659548,-0.07102930051608414,QCOM,0.06518628367763495,-0.03095995177382871
2019-07,2019-07-01,2019-10-01,2019-07-01,103,90,7,3,3,0.07556940626540477,-0.07993992447448987,MELI,0.0876651107219839,-0.11122056022726434,CDNS,0.07385682439659548,-0.10988408624762858,QCOM,0.06518628367763495,-0.018715126948576688
2019-08,2019-08-01,2019-09-03,2019-08-01,103,90,7,1,1,0.11695489323197934,-0.07255169817445994,MELI,0.11695489323197934,-0.07255169817445994,,,,,,
2019-08,2019-08-01,2019-10-01,2019-08-01,103,90,7,2,1,0.11695489323197934,-0.12135049572978007,MELI,0.11695489323197934,-0.12135049572978007,,,,,,
2019-08,2019-08-01,2019-11-01,2019-08-01,103,90,7,3,1,0.11695489323197934,-0.2178146852073758,MELI,0.11695489323197934,-0.2178146852073758,,,,,,
2019-08,2019-08-01,2019-09-03,2019-08-01,103,90,7,1,2,0.09972474208045447,-0.06981912307723093,MELI,0.11695489323197934,-0.07255169817445994,CDNS,0.08249459092892959,-0.06708654798000191,,,
2019-08,2019-08-01,2019-10-01,2019-08-01,103,90,7,2,2,0.09972474208045447,-0.11372836877710824,MELI,0.11695489323197934,-0.12135049572978007,CDNS,0.08249459092892959,-0.1061062418244364,,,
2019-08,2019-08-01,2019-11-01,2019-08-01,103,90,7,3,2,0.09972474208045447,-0.16065978964525546,MELI,0.11695489323197934,-0.2178146852073758,CDNS,0.08249459092892959,-0.10350489408313512,,,
2019-08,2019-08-01,2019-09-03,2019-08-01,103,90,7,1,3,0.0914949260206623,-0.03477646108552709,MELI,0.11695489323197934,-0.07255169817445994,CDNS,0.08249459092892959,-0.06708654798000191,WDC,0.07503529390107795,0.0353088628978806
2019-08,2019-08-01,2019-10-01,2019-08-01,103,90,7,2,3,0.0914949260206623,-0.057323802821404625,MELI,0.11695489323197934,-0.12135049572978007,CDNS,0.08249459092892959,-0.1061062418244364,WDC,0.07503529390107795,0.05548532909000259
2019-08,2019-08-01,2019-11-01,2019-08-01,103,90,7,3,3,0.0914949260206623,-0.11432509593495029,MELI,0.11695489323197934,-0.2178146852073758,CDNS,0.08249459092892959,-0.10350489408313512,WDC,0.07503529390107795,-0.021655708514339955
2019-09,2019-09-03,2019-10-01,2019-09-03,103,90,7,1,1,0.08349023332665038,0.012636035886923525,QCOM,0.08349023332665038,0.012636035886923525,,,,,,
2019-09,2019-09-03,2019-11-01,2019-09-03,103,90,7,2,1,0.08349023332665038,0.12145361535963484,QCOM,0.08349023332665038,0.12145361535963484,,,,,,
2019-09,2019-09-03,2019-12-02,2019-09-03,103,90,7,3,1,0.08349023332665038,0.1062913536559964,QCOM,0.08349023332665038,0.1062913536559964,,,,,,
2019-09,2019-09-03,2019-10-01,2019-09-03,103,90,7,1,2,0.0790652858904038,-0.019990077860513045,QCOM,0.08349023332665038,0.012636035886923525,MELI,0.07464033845415723,-0.052616191607949614,,,
2019-09,2019-09-03,2019-11-01,2019-09-03,103,90,7,2,2,0.0790652858904038,-0.01758644533223075,QCOM,0.08349023332665038,0.12145361535963484,MELI,0.07464033845415723,-0.15662650602409633,,,
2019-09,2019-09-03,2019-12-02,2019-09-03,103,90,7,3,2,0.0790652858904038,0.05228509163006362,QCOM,0.08349023332665038,0.1062913536559964,MELI,0.07464033845415723,-0.0017211703958691649,,,
2019-09,2019-09-03,2019-10-01,2019-09-03,103,90,7,1,3,0.07232458267333025,-0.021177173753480976,QCOM,0.08349023332665038,0.012636035886923525,MELI,0.07464033845415723,-0.052616191607949614,SNPS,0.05884317623918315,-0.023551365539416835
2019-09,2019-09-03,2019-11-01,2019-09-03,103,90,7,2,3,0.07232458267333025,-0.019311473048843064,QCOM,0.08349023332665038,0.12145361535963484,MELI,0.07464033845415723,-0.15662650602409633,SNPS,0.05884317623918315,-0.022761528482067694
2019-09,2019-09-03,2019-12-02,2019-09-03,103,90,7,3,3,0.07232458267333025,0.025809556399564653,QCOM,0.08349023332665038,0.1062913536559964,MELI,0.07464033845415723,-0.0017211703958691649,SNPS,0.05884317623918315,-0.02714151406143328
2019-10,2019-10-01,2019-11-01,2019-10-01,103,90,7,1,1,0.07207802917574847,0.10745971466184567,QCOM,0.07207802917574847,0.10745971466184567,,,,,,
2019-10,2019-10-01,2019-12-02,2019-10-01,103,90,7,2,1,0.07207802917574847,0.09248665310142168,QCOM,0.07207802917574847,0.09248665310142168,,,,,,
2019-10,2019-10-01,2020-01-02,2019-10-01,103,90,7,3,1,0.07207802917574847,0.18428109815845706,QCOM,0.07207802917574847,0.18428109815845706,,,,,,
2019-10,2019-10-01,2019-11-01,2019-10-01,103,90,7,1,2,0.06300352681512095,0.09836329616240114,QCOM,0.07207802917574847,0.10745971466184567,KLAC,0.05392902445449342,0.0892668776629566,,,
2019-10,2019-10-01,2019-12-02,2019-10-01,103,90,7,2,2,0.06300352681512095,0.05745372043243224,QCOM,0.07207802917574847,0.09248665310142168,KLAC,0.05392902445449342,0.022420787763442807,,,
2019-10,2019-10-01,2020-01-02,2019-10-01,103,90,7,3,2,0.06300352681512095,0.17162425125128644,QCOM,0.07207802917574847,0.18428109815845706,KLAC,0.05392902445449342,0.15896740434411583,,,
2019-10,2019-10-01,2019-11-01,2019-10-01,103,90,7,1,3,0.058549351492393965,0.04927633635852594,QCOM,0.07207802917574847,0.10745971466184567,KLAC,0.05392902445449342,0.0892668776629566,TTWO,0.049641000846939995,-0.04889758324922444
2019-10,2019-10-01,2019-12-02,2019-10-01,103,90,7,2,3,0.058549351492393965,0.03239029456913711,QCOM,0.07207802917574847,0.09248665310142168,KLAC,0.05392902445449342,0.022420787763442807,TTWO,0.049641000846939995,-0.017736557157453148
2019-10,2019-10-01,2020-01-02,2019-10-01,103,90,7,3,3,0.058549351492393965,0.11216519305797323,QCOM,0.07207802917574847,0.18428109815845706,KLAC,0.05392902445449342,0.15896740434411583,TTWO,0.049641000846939995,-0.006752923328653182
2019-11,2019-11-01,2019-12-02,2019-11-01,103,90,7,1,1,0.0761425851566373,-0.01352018620830453,QCOM,0.0761425851566373,-0.01352018620830453,,,,,,
2019-11,2019-11-01,2020-01-02,2019-11-01,103,90,7,2,1,0.0761425851566373,0.06936720359175164,QCOM,0.0761425851566373,0.06936720359175164,,,,,,
2019-11,2019-11-01,2020-02-03,2019-11-01,103,90,7,3,1,0.0761425851566373,0.042720403355992476,QCOM,0.0761425851566373,0.042720403355992476,,,,,,
2019-11,2019-11-01,2019-12-02,2019-11-01,103,90,7,1,2,0.07172823663312886,-0.03428824457914126,QCOM,0.0761425851566373,-0.01352018620830453,LRCX,0.0673138881096204,-0.05505630294997799,,,
2019-11,2019-11-01,2020-01-02,2019-11-01,103,90,7,2,2,0.07172823663312886,0.07226301633947829,QCOM,0.0761425851566373,0.06936720359175164,LRCX,0.0673138881096204,0.07515882908720495,,,
2019-11,2019-11-01,2020-02-03,2019-11-01,103,90,7,3,2,0.07172823663312886,0.07797842682886835,QCOM,0.0761425851566373,0.042720403355992476,LRCX,0.0673138881096204,0.11323645030174423,,,
2019-11,2019-11-01,2019-12-02,2019-11-01,103,90,7,1,3,0.06742195260874674,-0.04331481752501579,QCOM,0.0761425851566373,-0.01352018620830453,LRCX,0.0673138881096204,-0.05505630294997799,KLAC,0.05880938455998249,-0.06136796341676487
2019-11,2019-11-01,2020-01-02,2019-11-01,103,90,7,2,3,0.06742195260874674,0.06950483598830808,QCOM,0.0761425851566373,0.06936720359175164,LRCX,0.0673138881096204,0.07515882908720495,KLAC,0.05880938455998249,0.06398847528596763
2019-11,2019-11-01,2020-02-03,2019-11-01,103,90,7,3,3,0.06742195260874674,0.04876067987840075,QCOM,0.0761425851566373,0.042720403355992476,LRCX,0.0673138881096204,0.11323645030174423,KLAC,0.05880938455998249,-0.00967481402253445
2019-12,2019-12-02,2020-01-02,2019-12-02,103,91,7,1,1,0.06606163370750803,0.28485679293232424,TSLA,0.06606163370750803,0.28485679293232424,,,,,,
2019-12,2019-12-02,2020-02-03,2019-12-02,103,91,7,2,1,0.06606163370750803,1.3292620693396717,TSLA,0.06606163370750803,1.3292620693396717,,,,,,
2019-12,2019-12-02,2020-03-02,2019-12-02,103,91,7,3,1,0.06606163370750803,1.2206229967734785,TSLA,0.06606163370750803,1.2206229967734785,,,,,,
2019-12,2019-12-02,2020-01-02,2019-12-02,103,91,7,1,2,0.062016776078444025,0.27630393292951705,TSLA,0.06606163370750803,0.28485679293232424,AMD,0.057971918449380024,0.26775107292670985,,,
2019-12,2019-12-02,2020-02-03,2019-12-02,103,91,7,2,2,0.062016776078444025,0.7845639164840519,TSLA,0.06606163370750803,1.3292620693396717,AMD,0.057971918449380024,0.23986576362843204,,,
2019-12,2019-12-02,2020-03-02,2019-12-02,103,91,7,3,2,0.062016776078444025,0.7230148245604974,TSLA,0.06606163370750803,1.2206229967734785,AMD,0.057971918449380024,0.22540665234751622,,,
2019-12,2019-12-02,2020-01-02,2019-12-02,103,91,7,1,3,0.056847872337388396,0.1936538216792365,TSLA,0.06606163370750803,0.28485679293232424,AMD,0.057971918449380024,0.26775107292670985,AMGN,0.04651006485527714,0.028353599178675415
2019-12,2019-12-02,2020-02-03,2019-12-02,103,91,7,2,3,0.056847872337388396,0.4993432158722471,TSLA,0.06606163370750803,1.3292620693396717,AMD,0.057971918449380024,0.23986576362843204,AMGN,0.04651006485527714,-0.07109818535136236
2019-12,2019-12-02,2020-03-02,2019-12-02,103,91,7,3,3,0.056847872337388396,0.4537795285243453,TSLA,0.06606163370750803,1.2206229967734785,AMD,0.057971918449380024,0.22540665234751622,AMGN,0.04651006485527714,-0.08469106354795897
2020-01,2020-01-02,2020-02-03,2020-01-02,103,90,7,1,1,0.14035598810813632,0.8128573411078648,TSLA,0.14035598810813632,0.8128573411078648,,,,,,
2020-01,2020-01-02,2020-03-02,2020-01-02,103,90,7,2,1,0.14035598810813632,0.7283038926894965,TSLA,0.14035598810813632,0.7283038926894965,,,,,,
2020-01,2020-01-02,2020-04-01,2020-01-02,103,90,7,3,1,0.14035598810813632,0.11923023547882572,TSLA,0.14035598810813632,0.11923023547882572,,,,,,
2020-01,2020-01-02,2020-02-03,2020-01-02,103,90,7,1,2,0.12152136826857507,0.41877254529480024,TSLA,0.14035598810813632,0.8128573411078648,WDC,0.10268674842901382,0.024687749481735688,,,
2020-01,2020-01-02,2020-03-02,2020-01-02,103,90,7,2,2,0.12152136826857507,0.3216344252688757,TSLA,0.14035598810813632,0.7283038926894965,WDC,0.10268674842901382,-0.08503504215174507,,,
2020-01,2020-01-02,2020-04-01,2020-01-02,103,90,7,3,2,0.12152136826857507,-0.14573385680354523,TSLA,0.14035598810813632,0.11923023547882572,WDC,0.10268674842901382,-0.41069794908591617,,,
2020-01,2020-01-02,2020-02-03,2020-01-02,103,90,7,1,3,0.11394901940023185,0.2609903630694453,TSLA,0.14035598810813632,0.8128573411078648,WDC,0.10268674842901382,0.024687749481735688,SWKS,0.0988043216635454,-0.05457400138126467
2020-01,2020-01-02,2020-03-02,2020-01-02,103,90,7,2,3,0.11394901940023185,0.16786039240785247,TSLA,0.14035598810813632,0.7283038926894965,WDC,0.10268674842901382,-0.08503504215174507,SWKS,0.0988043216635454,-0.13968767331419396
2020-01,2020-01-02,2020-04-01,2020-01-02,103,90,7,3,3,0.11394901940023185,-0.20372937600338445,TSLA,0.14035598810813632,0.11923023547882572,WDC,0.10268674842901382,-0.41069794908591617,SWKS,0.0988043216635454,-0.31972041440306287
2020-02,2020-02-03,2020-03-02,2020-02-03,103,90,7,1,1,0.21800432827250754,-0.04664098299466646,TSLA,0.21800432827250754,-0.04664098299466646,,,,,,
2020-02,2020-02-03,2020-04-01,2020-02-03,103,90,7,2,1,0.21800432827250754,-0.38261538285475516,TSLA,0.21800432827250754,-0.38261538285475516,,,,,,
2020-02,2020-02-03,2020-05-01,2020-02-03,103,90,7,3,1,0.21800432827250754,-0.10087181971623349,TSLA,0.21800432827250754,-0.10087181971623349,,,,,,
2020-02,2020-02-03,2020-03-02,2020-02-03,103,90,7,1,2,0.14640079190248884,-0.03646731261970898,TSLA,0.21800432827250754,-0.04664098299466646,LRCX,0.07479725553247014,-0.026293642244751503,,,
2020-02,2020-02-03,2020-04-01,2020-02-03,103,90,7,2,2,0.14640079190248884,-0.3271043227315311,TSLA,0.21800432827250754,-0.38261538285475516,LRCX,0.07479725553247014,-0.2715932626083071,,,
2020-02,2020-02-03,2020-05-01,2020-02-03,103,90,7,3,2,0.14640079190248884,-0.16716875667336656,TSLA,0.21800432827250754,-0.10087181971623349,LRCX,0.07479725553247014,-0.23346569363049963,,,
2020-02,2020-02-03,2020-03-02,2020-02-03,103,90,7,1,3,0.12100926163824845,-0.028198820435578937,TSLA,0.21800432827250754,-0.04664098299466646,LRCX,0.07479725553247014,-0.026293642244751503,AMD,0.07022620110976767,-0.011661836067318854
2020-02,2020-02-03,2020-04-01,2020-02-03,103,90,7,2,3,0.12100926163824845,-0.24833471972737,TSLA,0.21800432827250754,-0.38261538285475516,LRCX,0.07479725553247014,-0.2715932626083071,AMD,0.07022620110976767,-0.09079551371904782
2020-02,2020-02-03,2020-05-01,2020-02-03,103,90,7,3,3,0.12100926163824845,-0.0985345467047725,TSLA,0.21800432827250754,-0.10087181971623349,LRCX,0.07479725553247014,-0.23346569363049963,AMD,0.07022620110976767,0.038733873232415617
2020-03,2020-03-02,2020-04-01,2020-03-02,103,90,7,1,1,0.20714057342737627,-0.35241120487373445,TSLA,0.20714057342737627,-0.35241120487373445,,,,,,
2020-03,2020-03-02,2020-05-01,2020-03-02,103,90,7,2,1,0.20714057342737627,-0.05688396055865241,TSLA,0.20714057342737627,-0.05688396055865241,,,,,,
2020-03,2020-03-02,2020-06-01,2020-03-02,103,90,7,3,1,0.20714057342737627,0.20774045142001563,TSLA,0.20714057342737627,0.20774045142001563,,,,,,
2020-03,2020-03-02,2020-04-01,2020-03-02,103,90,7,1,2,0.14310125004908836,-0.23654631999269982,TSLA,0.20714057342737627,-0.35241120487373445,NVDA,0.07906192667080048,-0.12068143511166518,,,
2020-03,2020-03-02,2020-05-01,2020-03-02,103,90,7,2,2,0.14310125004908836,-0.016956332513772487,TSLA,0.20714057342737627,-0.05688396055865241,NVDA,0.07906192667080048,0.02297129553110744,,,
2020-03,2020-03-02,2020-06-01,2020-03-02,103,90,7,3,2,0.14310125004908836,0.241011596890788,TSLA,0.20714057342737627,0.20774045142001563,NVDA,0.07906192667080048,0.27428274236156036,,,
2020-03,2020-03-02,2020-04-01,2020-03-02,103,90,7,1,3,0.12029941877035306,-0.18438668355156285,TSLA,0.20714057342737627,-0.35241120487373445,NVDA,0.07906192667080048,-0.12068143511166518,AMD,0.07469575621288248,-0.08006741066928891
2020-03,2020-03-02,2020-05-01,2020-03-02,103,90,7,2,3,0.12029941877035306,0.005692561793217828,TSLA,0.20714057342737627,-0.05688396055865241,NVDA,0.07906192667080048,0.02297129553110744,AMD,0.07469575621288248,0.05099035040719846
2020-03,2020-03-02,2020-06-01,2020-03-02,103,90,7,3,3,0.12029941877035306,0.20400915072017578,TSLA,0.20714057342737627,0.20774045142001563,NVDA,0.07906192667080048,0.27428274236156036,AMD,0.07469575621288248,0.13000425837895135
2020-04,2020-04-01,2020-05-01,2020-04-01,103,90,7,1,1,0.16219640449574493,0.45635015080435526,TSLA,0.16219640449574493,0.45635015080435526,,,,,,
2020-04,2020-04-01,2020-06-01,2020-04-01,103,90,7,2,1,0.16219640449574493,0.864980463697697,TSLA,0.16219640449574493,0.864980463697697,,,,,,
2020-04,2020-04-01,2020-07-01,2020-04-01,103,90,7,3,1,0.16219640449574493,1.325006169890199,TSLA,0.16219640449574493,1.325006169890199,,,,,,
2020-04,2020-04-01,2020-05-01,2020-04-01,103,90,7,1,2,0.12655176474256802,0.25721970399428407,TSLA,0.16219640449574493,0.45635015080435526,REGN,0.09090712498939109,0.05808925718421287,,,
2020-04,2020-04-01,2020-06-01,2020-04-01,103,90,7,2,2,0.12655176474256802,0.5360038218396226,TSLA,0.16219640449574493,0.864980463697697,REGN,0.09090712498939109,0.20702717998154818,,,
2020-04,2020-04-01,2020-07-01,2020-04-01,103,90,7,3,2,0.12655176474256802,0.7757820365646355,TSLA,0.16219640449574493,1.325006169890199,REGN,0.09090712498939109,0.2265579032390721,,,
2020-04,2020-04-01,2020-05-01,2020-04-01,103,90,7,1,3,0.10514470996624425,0.2259358842920114,TSLA,0.16219640449574493,0.45635015080435526,REGN,0.09090712498939109,0.05808925718421287,NVDA,0.06233060041359671,0.16336824488746604
2020-04,2020-04-01,2020-06-01,2020-04-01,103,90,7,2,3,0.10514470996624425,0.5070594638749032,TSLA,0.16219640449574493,0.864980463697697,REGN,0.09090712498939109,0.20702717998154818,NVDA,0.06233060041359671,0.4491707479454643
2020-04,2020-04-01,2020-07-01,2020-04-01,103,90,7,3,3,0.10514470996624425,0.7068507639406724,TSLA,0.16219640449574493,1.325006169890199,REGN,0.09090712498939109,0.2265579032390721,NVDA,0.06233060041359671,0.5689882186927464
2020-05,2020-05-01,2020-06-01,2020-05-01,103,90,7,1,1,0.2148945886679454,0.28058520999750747,TSLA,0.2148945886679454,0.28058520999750747,,,,,,
2020-05,2020-05-01,2020-07-01,2020-05-01,103,90,7,2,1,0.2148945886679454,0.5964609668945873,TSLA,0.2148945886679454,0.5964609668945873,,,,,,
2020-05,2020-05-01,2020-08-03,2020-05-01,103,90,7,3,1,0.2148945886679454,1.1174357512021218,TSLA,0.2148945886679454,1.1174357512021218,,,,,,
2020-05,2020-05-01,2020-06-01,2020-05-01,103,90,7,1,2,0.17730270124319322,0.19472576321701385,TSLA,0.2148945886679454,0.28058520999750747,DXCM,0.13971081381844105,0.10886631643652023,,,
2020-05,2020-05-01,2020-07-01,2020-05-01,103,90,7,2,2,0.17730270124319322,0.38415517940858435,TSLA,0.2148945886679454,0.5964609668945873,DXCM,0.13971081381844105,0.17184939192258142,,,
2020-05,2020-05-01,2020-08-03,2020-05-01,103,90,7,3,2,0.17730270124319322,0.7082699189661905,TSLA,0.2148945886679454,1.1174357512021218,DXCM,0.13971081381844105,0.29910408673025923,,,
2020-05,2020-05-01,2020-06-01,2020-05-01,103,90,7,1,3,0.15271500542040464,0.17673757839174478,TSLA,0.2148945886679454,0.28058520999750747,DXCM,0.13971081381844105,0.10886631643652023,REGN,0.1035396137748275,0.14076120874120668
2020-05,2020-05-01,2020-07-01,2020-05-01,103,90,7,2,3,0.15271500542040464,0.309176683737243,TSLA,0.2148945886679454,0.5964609668945873,DXCM,0.13971081381844105,0.17184939192258142,REGN,0.1035396137748275,0.15921969239456035
2020-05,2020-05-01,2020-08-03,2020-05-01,103,90,7,3,3,0.15271500542040464,0.5480949806917076,TSLA,0.2148945886679454,1.1174357512021218,DXCM,0.13971081381844105,0.29910408673025923,REGN,0.1035396137748275,0.22774510414274185
2020-06,2020-06-01,2020-07-01,2020-06-01,103,90,7,1,1,0.21491585403249824,0.246665160920994,TSLA,0.21491585403249824,0.246665160920994,,,,,,
2020-06,2020-06-01,2020-08-03,2020-06-01,103,90,7,2,1,0.21491585403249824,0.6534907124268936,TSLA,0.21491585403249824,0.6534907124268936,,,,,,
2020-06,2020-06-01,2020-09-01,2020-06-01,103,90,7,3,1,0.21491585403249824,1.6447501455040907,TSLA,0.21491585403249824,1.6447501455040907,,,,,,
2020-06,2020-06-01,2020-07-01,2020-06-01,103,90,7,1,2,0.1958947396804311,0.25798850167058063,TSLA,0.21491585403249824,0.246665160920994,ZM,0.17687362532836398,0.26931184242016726,,,
2020-06,2020-06-01,2020-08-03,2020-06-01,103,90,7,2,2,0.1958947396804311,0.4831254884996402,TSLA,0.21491585403249824,0.6534907124268936,ZM,0.17687362532836398,0.3127602645723868,,,
2020-06,2020-06-01,2020-09-01,2020-06-01,103,90,7,3,2,0.1958947396804311,1.4433400889780097,TSLA,0.21491585403249824,1.6447501455040907,ZM,0.17687362532836398,1.2419300324519287,,,
2020-06,2020-06-01,2020-07-01,2020-06-01,103,90,7,1,3,0.17964761107474655,0.19092550807146477,TSLA,0.21491585403249824,0.246665160920994,ZM,0.17687362532836398,0.26931184242016726,DXCM,0.14715335386337744,0.056799520873233034
2020-06,2020-06-01,2020-08-03,2020-06-01,103,90,7,2,3,0.17964761107474655,0.3792705255840904,TSLA,0.21491585403249824,0.6534907124268936,ZM,0.17687362532836398,0.3127602645723868,DXCM,0.14715335386337744,0.17156059975299076
2020-06,2020-06-01,2020-09-01,2020-06-01,103,90,7,3,3,0.17964761107474655,1.0005067971344614,TSLA,0.21491585403249824,1.6447501455040907,ZM,0.17687362532836398,1.2419300324519287,DXCM,0.14715335386337744,0.11484021344736473
2020-07,2020-07-01,2020-08-03,2020-07-01,103,90,7,1,1,0.24032320969923499,0.3263310504364707,TSLA,0.24032320969923499,0.3263310504364707,,,,,,
2020-07,2020-07-01,2020-09-01,2020-07-01,103,90,7,2,1,0.24032320969923499,1.1214598983019939,TSLA,0.24032320969923499,1.1214598983019939,,,,,,
2020-07,2020-07-01,2020-10-01,2020-07-01,103,90,7,3,1,0.24032320969923499,1.0013755847103831,TSLA,0.24032320969923499,1.0013755847103831,,,,,,
2020-07,2020-07-01,2020-08-03,2020-07-01,103,90,7,1,2,0.2293165183855628,0.1802804770764712,TSLA,0.24032320969923499,0.3263310504364707,ZM,0.21830982707189062,0.03422990371647172,,,
2020-07,2020-07-01,2020-09-01,2020-07-01,103,90,7,2,2,0.2293165183855628,0.9438580968319061,TSLA,0.24032320969923499,1.1214598983019939,ZM,0.21830982707189062,0.7662562953618184,,,
2020-07,2020-07-01,2020-10-01,2020-07-01,103,90,7,3,2,0.2293165183855628,0.9326331115643656,TSLA,0.24032320969923499,1.0013755847103831,ZM,0.21830982707189062,0.863890638418348,,,
2020-07,2020-07-01,2020-08-03,2020-07-01,103,90,7,1,3,0.20276156294542177,0.20832584310345417,TSLA,0.24032320969923499,0.3263310504364707,ZM,0.21830982707189062,0.03422990371647172,DOCU,0.14965165206513967,0.2644165751574201
2020-07,2020-07-01,2020-09-01,2020-07-01,103,90,7,2,3,0.20276156294542177,0.7965758972707846,TSLA,0.24032320969923499,1.1214598983019939,ZM,0.21830982707189062,0.7662562953618184,DOCU,0.14965165206513967,0.5020114981485417
2020-07,2020-07-01,2020-10-01,2020-07-01,103,90,7,3,3,0.20276156294542177,0.7024065516682375,TSLA,0.24032320969923499,1.0013755847103831,ZM,0.21830982707189062,0.863890638418348,DOCU,0.14965165206513967,0.24195343187598106
2020-08,2020-08-03,2020-09-01,2020-08-03,103,90,7,1,1,0.24624810362839877,0.5994950111466224,TSLA,0.24624810362839877,0.5994950111466224,,,,,,
2020-08,2020-08-03,2020-10-01,2020-08-03,103,90,7,2,1,0.24624810362839877,0.5089562926629576,TSLA,0.24624810362839877,0.5089562926629576,,,,,,
2020-08,2020-08-03,2020-11-02,2020-08-03,103,90,7,3,1,0.24624810362839877,0.3485184486466224,TSLA,0.24624810362839877,0.3485184486466224,,,,,,
2020-08,2020-08-03,2020-09-01,2020-08-03,103,90,7,1,2,0.24371610410500671,0.2057490249948548,TSLA,0.24624810362839877,0.5994950111466224,MRNA,0.24118410458161468,-0.18799696115691278,,,
2020-08,2020-08-03,2020-10-01,2020-08-03,103,90,7,2,2,0.24371610410500671,0.2035035103004466,TSLA,0.24624810362839877,0.5089562926629576,MRNA,0.24118410458161468,-0.10194927206206439,,,
2020-08,2020-08-03,2020-11-02,2020-08-03,103,90,7,3,2,0.24371610410500671,0.10456185141587898,TSLA,0.24624810362839877,0.3485184486466224,MRNA,0.24118410458161468,-0.13939474581486444,,,
2020-08,2020-08-03,2020-09-01,2020-08-03,103,90,7,1,3,0.23702241458939768,0.3730988555207071,TSLA,0.24624810362839877,0.5994950111466224,MRNA,0.24118410458161468,-0.18799696115691278,ZM,0.22363503555817962,0.7077985165724117
2020-08,2020-08-03,2020-10-01,2020-08-03,103,90,7,2,3,0.23702241458939768,0.40306949223310246,TSLA,0.24624810362839877,0.5089562926629576,MRNA,0.24118410458161468,-0.10194927206206439,ZM,0.22363503555817962,0.8022014560984141
2020-08,2020-08-03,2020-11-02,2020-08-03,103,90,7,3,3,0.23702241458939768,0.29980740343148155,TSLA,0.24624810362839877,0.3485184486466224,MRNA,0.24118410458161468,-0.13939474581486444,ZM,0.22363503555817962,0.6902985074626866
2020-09,2020-09-01,2020-10-01,2020-09-01,103,90,7,1,1,0.28537607986611524,0.055277562669085345,ZM,0.28537607986611524,0.055277562669085345,,,,,,
2020-09,2020-09-01,2020-11-02,2020-09-01,103,90,7,2,1,0.28537607986611524,-0.010247115769164594,ZM,0.28537607986611524,-0.010247115769164594,,,,,,
2020-09,2020-09-01,2020-12-01,2020-09-01,103,90,7,3,1,0.28537607986611524,-0.11225939961271114,ZM,0.28537607986611524,-0.11225939961271114,,,,,,
2020-09,2020-09-01,2020-10-01,2020-09-01,103,90,7,1,2,0.250571925321454,-0.0006635009022617488,ZM,0.28537607986611524,0.055277562669085345,TSLA,0.2157677707767927,-0.05660456447360884,,,
2020-09,2020-09-01,2020-11-02,2020-09-01,103,90,7,2,2,0.250571925321454,-0.08357849545893697,ZM,0.28537607986611524,-0.010247115769164594,TSLA,0.2157677707767927,-0.15690987514870935,,,
2020-09,2020-09-01,2020-12-01,2020-09-01,103,90,7,3,2,0.250571925321454,0.05934232626203423,ZM,0.28537607986611524,-0.11225939961271114,TSLA,0.2157677707767927,0.2309440521367796,,,
2020-09,2020-09-01,2020-10-01,2020-09-01,103,90,7,1,3,0.23564268341584316,0.034880887358125966,ZM,0.28537607986611524,0.055277562669085345,TSLA,0.2157677707767927,-0.05660456447360884,MRNA,0.20578419960462144,0.10596966387890139
2020-09,2020-09-01,2020-11-02,2020-09-01,103,90,7,2,3,0.23564268341584316,-0.035767423305570735,ZM,0.28537607986611524,-0.010247115769164594,TSLA,0.2157677707767927,-0.15690987514870935,MRNA,0.20578419960462144,0.05985472100116174
2020-09,2020-09-01,2020-12-01,2020-09-01,103,90,7,3,3,0.23564268341584316,0.4485423635726935,ZM,0.28537607986611524,-0.11225939961271114,TSLA,0.2157677707767927,0.2309440521367796,MRNA,0.20578419960462144,1.226942438194012
2020-10,2020-10-01,2020-11-02,2020-10-01,103,90,7,1,1,0.2517977011602976,-0.0620923639014177,ZM,0.2517977011602976,-0.0620923639014177,,,,,,
2020-10,2020-10-01,2020-12-01,2020-10-01,103,90,7,2,1,0.2517977011602976,-0.15876103899911387,ZM,0.2517977011602976,-0.15876103899911387,,,,,,
2020-10,2020-10-01,2021-01-04,2020-10-01,103,90,7,3,1,0.2517977011602976,-0.25468432417896536,ZM,0.2517977011602976,-0.25468432417896536,,,,,,
2020-10,2020-10-01,2020-11-02,2020-10-01,103,90,7,1,2,0.23307105157719216,-0.08420804117633285,ZM,0.2517977011602976,-0.0620923639014177,TSLA,0.2143444019940867,-0.106323718451248,,,
2020-10,2020-10-01,2020-12-01,2020-10-01,103,90,7,2,2,0.23307105157719216,0.07302037506802361,ZM,0.2517977011602976,-0.15876103899911387,TSLA,0.2143444019940867,0.3048017891351611,,,
2020-10,2020-10-01,2021-01-04,2020-10-01,103,90,7,3,2,0.23307105157719216,0.1868424744937145,ZM,0.2517977011602976,-0.25468432417896536,TSLA,0.2143444019940867,0.6283692731663943,,,
2020-10,2020-10-01,2020-11-02,2020-10-01,103,90,7,1,3,0.20718987952864729,-0.0871834127051605,ZM,0.2517977011602976,-0.0620923639014177,TSLA,0.2143444019940867,-0.106323718451248,DOCU,0.1554275354315575,-0.0931341557628158
2020-10,2020-10-01,2020-12-01,2020-10-01,103,90,7,2,3,0.20718987952864729,0.03885693807610591,ZM,0.2517977011602976,-0.15876103899911387,TSLA,0.2143444019940867,0.3048017891351611,DOCU,0.1554275354315575,-0.029469935907729505
2020-10,2020-10-01,2021-01-04,2020-10-01,103,90,7,3,3,0.20718987952864729,0.12478662515511389,ZM,0.2517977011602976,-0.25468432417896536,TSLA,0.2143444019940867,0.6283692731663943,DOCU,0.1554275354315575,0.000674926477912674
2020-11,2020-11-02,2020-12-01,2020-11-02,103,90,7,1,1,0.24949975719729903,0.46003851290975684,TSLA,0.24949975719729903,0.46003851290975684,,,,,,
2020-11,2020-11-02,2021-01-04,2020-11-02,103,90,7,2,1,0.24949975719729903,0.8221019252568842,TSLA,0.24949975719729903,0.8221019252568842,,,,,,
2020-11,2020-11-02,2021-02-01,2020-11-02,103,90,7,3,1,0.24949975719729903,1.0968516930661902,TSLA,0.24949975719729903,1.0968516930661902,,,,,,
2020-11,2020-11-02,2020-12-01,2020-11-02,103,90,7,1,2,0.2311271089218896,0.17848503742462868,TSLA,0.24949975719729903,0.46003851290975684,ZM,0.21275446064648013,-0.10306843806049948,,,
2020-11,2020-11-02,2021-01-04,2020-11-02,103,90,7,2,2,0.2311271089218896,0.30837989307692787,TSLA,0.24949975719729903,0.8221019252568842,ZM,0.21275446064648013,-0.20534213910302845,,,
2020-11,2020-11-02,2021-02-01,2020-11-02,103,90,7,3,2,0.2311271089218896,0.469982129839697,TSLA,0.24949975719729903,1.0968516930661902,ZM,0.21275446064648013,-0.15688743338679623,,,
2020-11,2020-11-02,2020-12-01,2020-11-02,103,90,7,1,3,0.21190160133893365,0.14928115969675712,TSLA,0.24949975719729903,0.46003851290975684,ZM,0.21275446064648013,-0.10306843806049948,ALGN,0.17345058617302173,0.09087340424101398
2020-11,2020-11-02,2021-01-04,2020-11-02,103,90,7,2,3,0.21190160133893365,0.2550441901036743,TSLA,0.24949975719729903,0.8221019252568842,ZM,0.21275446064648013,-0.20534213910302845,ALGN,0.17345058617302173,0.14837278415716715
2020-11,2020-11-02,2021-02-01,2020-11-02,103,90,7,3,3,0.21190160133893365,0.37484163693423805,TSLA,0.24949975719729903,1.0968516930661902,ZM,0.21275446064648013,-0.15688743338679623,ALGN,0.17345058617302173,0.1845606511233202
2020-12,2020-12-01,2021-01-04,2020-12-01,103,90,7,1,1,0.25002666606949925,0.24798209714725927,TSLA,0.25002666606949925,0.24798209714725927,,,,,,
2020-12,2020-12-01,2021-02-01,2020-12-01,103,90,7,2,1,0.25002666606949925,0.4361619056796717,TSLA,0.25002666606949925,0.4361619056796717,,,,,,
2020-12,2020-12-01,2021-03-01,2020-12-01,103,90,7,3,1,0.25002666606949925,0.228589531916366,TSLA,0.25002666606949925,0.228589531916366,,,,,,
2020-12,2020-12-01,2021-01-04,2020-12-01,103,90,7,1,2,0.23439819394174843,0.020168651968675178,TSLA,0.25002666606949925,0.24798209714725927,MRNA,0.21876972181399765,-0.20764479320990892,,,
2020-12,2020-12-01,2021-02-01,2020-12-01,103,90,7,2,2,0.23439819394174843,0.27648107291041957,TSLA,0.25002666606949925,0.4361619056796717,MRNA,0.21876972181399765,0.11680024014116741,,,
2020-12,2020-12-01,2021-03-01,2020-12-01,103,90,7,3,2,0.23439819394174843,0.17241121170009766,TSLA,0.25002666606949925,0.228589531916366,MRNA,0.21876972181399765,0.11623289148382931,,,
2020-12,2020-12-01,2021-01-04,2020-12-01,103,90,7,1,3,0.22173336467409308,-0.024562966608308184,TSLA,0.25002666606949925,0.24798209714725927,MRNA,0.21876972181399765,-0.20764479320990892,ZM,0.19640370613878236,-0.1140262037622749
2020-12,2020-12-01,2021-02-01,2020-12-01,103,90,7,2,3,0.22173336467409308,0.164319562599296,TSLA,0.25002666606949925,0.4361619056796717,MRNA,0.21876972181399765,0.11680024014116741,ZM,0.19640370613878236,-0.06000345802295115
2020-12,2020-12-01,2021-03-01,2020-12-01,103,90,7,3,3,0.22173336467409308,0.11768912486802215,TSLA,0.25002666606949925,0.228589531916366,MRNA,0.21876972181399765,0.11623289148382931,ZM,0.19640370613878236,0.008244951203871143
2021-01,2021-01-04,2021-02-01,2021-01-04,102,90,7,1,1,0.24536907851946374,0.15078726606941673,TSLA,0.24536907851946374,0.15078726606941673,,,,,,
2021-01,2021-01-04,2021-03-01,2021-01-04,102,90,7,2,1,0.24536907851946374,-0.015539137360401578,TSLA,0.24536907851946374,-0.015539137360401578,,,,,,
2021-01,2021-01-04,2021-04-01,2021-01-04,102,90,7,3,1,0.24536907851946374,-0.09320747514014649,TSLA,0.24536907851946374,-0.09320747514014649,,,,,,
2021-01,2021-01-04,2021-02-01,2021-01-04,102,90,7,1,2,0.21537516830393752,0.07823683163051509,TSLA,0.24536907851946374,0.15078726606941673,PTON,0.1853812580884113,0.005686397191613457,,,
2021-01,2021-01-04,2021-03-01,2021-01-04,102,90,7,2,2,0.21537516830393752,-0.08364654914203101,TSLA,0.24536907851946374,-0.015539137360401578,PTON,0.1853812580884113,-0.15175396092366045,,,
2021-01,2021-01-04,2021-04-01,2021-01-04,102,90,7,3,2,0.21537516830393752,-0.16262870611633284,TSLA,0.24536907851946374,-0.09320747514014649,PTON,0.1853812580884113,-0.2320499370925192,,,
2021-01,2021-01-04,2021-02-01,2021-01-04,102,90,7,1,3,0.19748870489131662,0.06650814555261848,TSLA,0.24536907851946374,0.15078726606941673,PTON,0.1853812580884113,0.005686397191613457,PDD,0.1617157780660748,0.04305077339682528
2021-01,2021-01-04,2021-03-01,2021-01-04,102,90,7,2,3,0.19748870489131662,-0.017050700869118345,TSLA,0.24536907851946374,-0.015539137360401578,PTON,0.1853812580884113,-0.15175396092366045,PDD,0.1617157780660748,0.11614099567670699
2021-01,2021-01-04,2021-04-01,2021-01-04,102,90,7,3,3,0.19748870489131662,-0.15408809506120702,TSLA,0.24536907851946374,-0.09320747514014649,PTON,0.1853812580884113,-0.2320499370925192,PDD,0.1617157780660748,-0.13700687295095537
2021-02,2021-02-01,2021-03-01,2021-02-01,102,90,7,1,1,0.23167223639780987,-0.14453271106997578,TSLA,0.23167223639780987,-0.14453271106997578,,,,,,
2021-02,2021-02-01,2021-04-01,2021-02-01,102,90,7,2,1,0.23167223639780987,-0.21202419283187057,TSLA,0.23167223639780987,-0.21202419283187057,,,,,,
2021-02,2021-02-01,2021-05-03,2021-02-01,102,90,7,3,1,0.23167223639780987,-0.18445840576084183,TSLA,0.23167223639780987,-0.18445840576084183,,,,,,
2021-02,2021-02-01,2021-03-01,2021-02-01,102,90,7,1,2,0.21907843576867114,-0.07252036186349042,TSLA,0.23167223639780987,-0.14453271106997578,MRNA,0.20648463513953244,-0.0005080126570050636,,,
2021-02,2021-02-01,2021-04-01,2021-02-01,102,90,7,2,2,0.21907843576867114,-0.18516498361474304,TSLA,0.23167223639780987,-0.21202419283187057,MRNA,0.20648463513953244,-0.1583057743976155,,,
2021-02,2021-02-01,2021-05-03,2021-02-01,102,90,7,3,2,0.21907843576867114,-0.0016144920624837633,TSLA,0.23167223639780987,-0.18445840576084183,MRNA,0.20648463513953244,0.1812294216358743,,,
2021-02,2021-02-01,2021-03-01,2021-02-01,102,90,7,1,3,0.1931612213839258,-0.10053029183295752,TSLA,0.23167223639780987,-0.14453271106997578,MRNA,0.20648463513953244,-0.0005080126570050636,PTON,0.14132679261443512,-0.1565501517718917
2021-02,2021-02-01,2021-04-01,2021-02-01,102,90,7,2,3,0.1931612213839258,-0.20224069401858372,TSLA,0.23167223639780987,-0.21202419283187057,MRNA,0.20648463513953244,-0.1583057743976155,PTON,0.14132679261443512,-0.2363921148262651
2021-02,2021-02-01,2021-05-03,2021-02-01,102,90,7,3,3,0.1931612213839258,-0.11677448931192506,TSLA,0.23167223639780987,-0.18445840576084183,MRNA,0.20648463513953244,0.1812294216358743,PTON,0.14132679261443512,-0.34709448381080765
2021-03,2021-03-01,2021-04-01,2021-03-01,102,90,7,1,1,0.16839567899339378,-0.15787796574547142,MRNA,0.16839567899339378,-0.15787796574547142,,,,,,
2021-03,2021-03-01,2021-05-03,2021-03-01,102,90,7,2,1,0.16839567899339378,0.181829806135817,MRNA,0.16839567899339378,0.181829806135817,,,,,,
2021-03,2021-03-01,2021-06-01,2021-03-01,102,90,7,3,1,0.16839567899339378,0.1731893953156871,MRNA,0.16839567899339378,0.1731893953156871,,,,,,
2021-03,2021-03-01,2021-04-01,2021-03-01,102,90,7,1,2,0.1664008318737128,-0.11838612634347545,MRNA,0.16839567899339378,-0.15787796574547142,TSLA,0.1644059847540318,-0.07889428694147949,,,
2021-03,2021-03-01,2021-05-03,2021-03-01,102,90,7,2,2,0.1664008318737128,0.0675792973659049,MRNA,0.16839567899339378,0.181829806135817,TSLA,0.1644059847540318,-0.04667121140400721,,,
2021-03,2021-03-01,2021-06-01,2021-03-01,102,90,7,3,2,0.1664008318737128,0.020805387458620817,MRNA,0.16839567899339378,0.1731893953156871,TSLA,0.1644059847540318,-0.13157862039844548,,,
2021-03,2021-03-01,2021-04-01,2021-03-01,102,90,7,1,3,0.16040823342414176,-0.1644959464108319,MRNA,0.16839567899339378,-0.15787796574547142,TSLA,0.1644059847540318,-0.07889428694147949,BIDU,0.14842303652499972,-0.2567155865455448
2021-03,2021-03-01,2021-05-03,2021-03-01,102,90,7,2,3,0.16040823342414176,-0.057164231700005765,MRNA,0.16839567899339378,0.181829806135817,TSLA,0.1644059847540318,-0.04667121140400721,BIDU,0.14842303652499972,-0.3066512898318271
2021-03,2021-03-01,2021-06-01,2021-03-01,102,90,7,3,3,0.16040823342414176,-0.09186533894645232,MRNA,0.16839567899339378,0.1731893953156871,TSLA,0.1644059847540318,-0.13157862039844548,BIDU,0.14842303652499972,-0.3172067917565986
2021-04,2021-04-01,2021-05-03,2021-04-01,102,90,7,1,1,0.17269839262359968,0.40339494522549546,MRNA,0.17269839262359968,0.40339494522549546,,,,,,
2021-04,2021-04-01,2021-06-01,2021-04-01,102,90,7,2,1,0.17269839262359968,0.3931346617170861,MRNA,0.17269839262359968,0.3931346617170861,,,,,,
2021-04,2021-04-01,2021-07-01,2021-04-01,102,90,7,3,1,0.17269839262359968,0.7737457200853206,MRNA,0.17269839262359968,0.7737457200853206,,,,,,
2021-04,2021-04-01,2021-05-03,2021-04-01,102,90,7,1,2,0.15344796196138366,0.1710656506139535,MRNA,0.17269839262359968,0.40339494522549546,AMAT,0.13419753129916764,-0.061263643997588435,,,
2021-04,2021-04-01,2021-06-01,2021-04-01,102,90,7,2,2,0.15344796196138366,0.18572662174621463,MRNA,0.17269839262359968,0.3931346617170861,AMAT,0.13419753129916764,-0.021681418224656857,,,
2021-04,2021-04-01,2021-07-01,2021-04-01,102,90,7,3,2,0.15344796196138366,0.3751118373120812,MRNA,0.17269839262359968,0.7737457200853206,AMAT,0.13419753129916764,-0.023522045461158214,,,
2021-04,2021-04-01,2021-05-03,2021-04-01,102,90,7,1,3,0.13931841932714692,0.08738716202952967,MRNA,0.17269839262359968,0.40339494522549546,AMAT,0.13419753129916764,-0.061263643997588435,MU,0.1110593340586734,-0.079969815139318
2021-04,2021-04-01,2021-06-01,2021-04-01,102,90,7,2,3,0.13931841932714692,0.09402294002985372,MRNA,0.17269839262359968,0.3931346617170861,AMAT,0.13419753129916764,-0.021681418224656857,MU,0.1110593340586734,-0.08938442340286812
2021-04,2021-04-01,2021-07-01,2021-04-01,102,90,7,3,3,0.13931841932714692,0.20570699546961027,MRNA,0.17269839262359968,0.7737457200853206,AMAT,0.13419753129916764,-0.023522045461158214,MU,0.1110593340586734,-0.13310268821533155
2021-05,2021-05-03,2021-06-01,2021-05-03,102,90,7,1,1,0.21518771853025598,-0.007311044936648803,MRNA,0.21518771853025598,-0.007311044936648803,,,,,,
2021-05,2021-05-03,2021-07-01,2021-05-03,102,90,7,2,1,0.21518771853025598,0.26389632948287245,MRNA,0.21518771853025598,0.26389632948287245,,,,,,
2021-05,2021-05-03,2021-08-02,2021-05-03,102,90,7,3,1,0.21518771853025598,0.8632941478911467,MRNA,0.21518771853025598,0.8632941478911467,,,,,,
2021-05,2021-05-03,2021-06-01,2021-05-03,102,90,7,1,2,0.17174775296891287,0.017427194484011144,MRNA,0.21518771853025598,-0.007311044936648803,AMAT,0.12830778740756973,0.04216543390467109,,,
2021-05,2021-05-03,2021-07-01,2021-05-03,102,90,7,2,2,0.17174775296891287,0.1520505067329363,MRNA,0.21518771853025598,0.26389632948287245,AMAT,0.12830778740756973,0.040204683983000145,,,
2021-05,2021-05-03,2021-08-02,2021-05-03,102,90,7,3,2,0.17174775296891287,0.4670566845875642,MRNA,0.21518771853025598,0.8632941478911467,AMAT,0.12830778740756973,0.07081922128398177,,,
2021-05,2021-05-03,2021-06-01,2021-05-03,102,90,7,1,3,0.15050233724493248,0.026382435500571105,MRNA,0.21518771853025598,-0.007311044936648803,AMAT,0.12830778740756973,0.04216543390467109,PDD,0.10801150579697173,0.04429291753369102
2021-05,2021-05-03,2021-07-01,2021-05-03,102,90,7,2,3,0.15050233724493248,0.07241300370397574,MRNA,0.21518771853025598,0.26389632948287245,AMAT,0.12830778740756973,0.040204683983000145,PDD,0.10801150579697173,-0.08686200235394537
2021-05,2021-05-03,2021-08-02,2021-05-03,102,90,7,3,3,0.15050233724493248,0.20657212327931584,MRNA,0.21518771853025598,0.8632941478911467,AMAT,0.12830778740756973,0.07081922128398177,PDD,0.10801150579697173,-0.3143969993371809
2021-06,2021-06-01,2021-07-01,2021-06-01,102,90,7,1,1,0.22009991073957588,0.27320478689340644,MRNA,0.22009991073957588,0.27320478689340644,,,,,,
2021-06,2021-06-01,2021-08-02,2021-06-01,102,90,7,2,1,0.22009991073957588,0.8770171042874506,MRNA,0.22009991073957588,0.8770171042874506,,,,,,
2021-06,2021-06-01,2021-09-01,2021-06-01,102,90,7,3,1,0.22009991073957588,1.1116646523787472,MRNA,0.22009991073957588,1.1116646523787472,,,,,,
2021-06,2021-06-01,2021-07-01,2021-06-01,102,90,7,1,2,0.1775925352730203,0.1356616839115939,MRNA,0.22009991073957588,0.27320478689340644,AMAT,0.1350851598064647,-0.0018814190702186595,,,
2021-06,2021-06-01,2021-08-02,2021-06-01,102,90,7,2,2,0.1775925352730203,0.45225578768192287,MRNA,0.22009991073957588,0.8770171042874506,AMAT,0.1350851598064647,0.027494471076395133,,,
2021-06,2021-06-01,2021-09-01,2021-06-01,102,90,7,3,2,0.1775925352730203,0.5395315550507871,MRNA,0.22009991073957588,1.1116646523787472,AMAT,0.1350851598064647,-0.032601542277173046,,,
2021-06,2021-06-01,2021-07-01,2021-06-01,102,90,7,1,3,0.15114331566614997,0.08289052821599403,MRNA,0.22009991073957588,0.27320478689340644,AMAT,0.1350851598064647,-0.0018814190702186595,LRCX,0.09824487645240933,-0.022651783175205664
2021-06,2021-06-01,2021-08-02,2021-06-01,102,90,7,2,3,0.15114331566614997,0.29844578657595255,MRNA,0.22009991073957588,0.8770171042874506,AMAT,0.1350851598064647,0.027494471076395133,LRCX,0.09824487645240933,-0.009174215635988081
2021-06,2021-06-01,2021-09-01,2021-06-01,102,90,7,3,3,0.15114331566614997,0.33500578294144195,MRNA,0.22009991073957588,1.1116646523787472,AMAT,0.1350851598064647,-0.032601542277173046,LRCX,0.09824487645240933,-0.07404576127724816
2021-07,2021-07-01,2021-08-02,2021-07-01,102,90,7,1,1,0.10181815588940939,0.47424603143955624,MRNA,0.10181815588940939,0.47424603143955624,,,,,,
2021-07,2021-07-01,2021-09-01,2021-07-01,102,90,7,2,1,0.10181815588940939,0.6585428158271109,MRNA,0.10181815588940939,0.6585428158271109,,,,,,
2021-07,2021-07-01,2021-10-01,2021-07-01,102,90,7,3,1,0.10181815588940939,0.45076770640301245,MRNA,0.10181815588940939,0.45076770640301245,,,,,,
2021-07,2021-07-01,2021-08-02,2021-07-01,102,90,7,1,2,0.08967714354088109,0.25183864706252357,MRNA,0.10181815588940939,0.47424603143955624,AMAT,0.0775361311923528,0.0294312626854909,,,
2021-07,2021-07-01,2021-09-01,2021-07-01,102,90,7,2,2,0.08967714354088109,0.3138823931241817,MRNA,0.10181815588940939,0.6585428158271109,AMAT,0.0775361311923528,-0.030778029578747534,,,
2021-07,2021-07-01,2021-10-01,2021-07-01,102,90,7,3,2,0.08967714354088109,0.1942719903576049,MRNA,0.10181815588940939,0.45076770640301245,AMAT,0.0775361311923528,-0.062223725687802656,,,
2021-07,2021-07-01,2021-08-02,2021-07-01,102,90,7,1,3,0.08561734480797933,0.1102300253686912,MRNA,0.10181815588940939,0.47424603143955624,AMAT,0.0775361311923528,0.0294312626854909,BIDU,0.07749774734217585,-0.17298721801897354
2021-07,2021-07-01,2021-09-01,2021-07-01,102,90,7,2,3,0.08561734480797933,0.14922644860614032,MRNA,0.10181815588940939,0.6585428158271109,AMAT,0.0775361311923528,-0.030778029578747534,BIDU,0.07749774734217585,-0.18008544042994246
2021-07,2021-07-01,2021-10-01,2021-07-01,102,90,7,3,3,0.08561734480797933,0.0469837968403611,MRNA,0.10181815588940939,0.45076770640301245,AMAT,0.0775361311923528,-0.062223725687802656,BIDU,0.07749774734217585,-0.2475925901941265
2021-08,2021-08-02,2021-09-01,2021-08-02,102,91,7,1,1,0.199231130839333,0.12501087366509278,MRNA,0.199231130839333,0.12501087366509278,,,,,,
2021-08,2021-08-02,2021-10-01,2021-08-02,102,91,7,2,1,0.199231130839333,-0.01592564913579453,MRNA,0.199231130839333,-0.01592564913579453,,,,,,
2021-08,2021-08-02,2021-11-01,2021-08-02,102,91,7,3,1,0.199231130839333,-0.027235141290731346,MRNA,0.199231130839333,-0.027235141290731346,,,,,,
2021-08,2021-08-02,2021-09-01,2021-08-02,102,91,7,1,2,0.13828207882551868,0.03326147735380974,MRNA,0.199231130839333,0.12501087366509278,AMAT,0.0773330268117044,-0.058487918957473295,,,
2021-08,2021-08-02,2021-10-01,2021-08-02,102,91,7,2,2,0.13828207882551868,-0.0524801185804144,MRNA,0.199231130839333,-0.01592564913579453,AMAT,0.0773330268117044,-0.08903458802503428,,,
2021-08,2021-08-02,2021-11-01,2021-08-02,102,91,7,3,2,0.13828207882551868,-0.021521337413060615,MRNA,0.199231130839333,-0.027235141290731346,AMAT,0.0773330268117044,-0.015807533535389884,,,
2021-08,2021-08-02,2021-09-01,2021-08-02,102,91,7,1,3,0.11471673123032834,0.04632446989286765,MRNA,0.199231130839333,0.12501087366509278,AMAT,0.0773330268117044,-0.058487918957473295,GOOG,0.06758603603994769,0.07245045497098346
2021-08,2021-08-02,2021-10-01,2021-08-02,102,91,7,2,3,0.11471673123032834,-0.03382736778296617,MRNA,0.199231130839333,-0.01592564913579453,AMAT,0.0773330268117044,-0.08903458802503428,GOOG,0.06758603603994769,0.003478133811930295
2021-08,2021-08-02,2021-11-01,2021-08-02,102,91,7,3,3,0.11471673123032834,0.004733642166146579,MRNA,0.199231130839333,-0.027235141290731346,AMAT,0.0773330268117044,-0.015807533535389884,GOOG,0.06758603603994769,0.057243601324560967
2021-09,2021-09-01,2021-10-01,2021-09-01,102,92,7,1,1,0.15859423055491798,-0.12527569830657748,MRNA,0.15859423055491798,-0.12527569830657748,,,,,,
2021-09,2021-09-01,2021-11-01,2021-09-01,102,92,7,2,1,0.15859423055491798,-0.135328483057086,MRNA,0.15859423055491798,-0.135328483057086,,,,,,
2021-09,2021-09-01,2021-12-01,2021-09-01,102,92,7,3,1,0.15859423055491798,-0.20344159766415404,MRNA,0.15859423055491798,-0.20344159766415404,,,,,,
2021-09,2021-09-01,2021-10-01,2021-09-01,102,92,7,1,2,0.1200752102892655,-0.10049270804292726,MRNA,0.15859423055491798,-0.12527569830657748,NVDA,0.08155619002361303,-0.07570971777927704,,,
2021-09,2021-09-01,2021-11-01,2021-09-01,102,92,7,2,2,0.1200752102892655,0.007777932043621205,MRNA,0.15859423055491798,-0.135328483057086,NVDA,0.08155619002361303,0.1508843471443284,,,
2021-09,2021-09-01,2021-12-01,2021-09-01,102,92,7,3,2,0.1200752102892655,0.09875710136761645,MRNA,0.15859423055491798,-0.20344159766415404,NVDA,0.08155619002361303,0.40095580039938694,,,
2021-09,2021-09-01,2021-10-01,2021-09-01,102,92,7,1,3,0.10442940460252591,-0.04859321210594473,MRNA,0.15859423055491798,-0.12527569830657748,NVDA,0.08155619002361303,-0.07570971777927704,TEAM,0.07313779322904669,0.055205779768020324
2021-09,2021-09-01,2021-11-01,2021-09-01,102,92,7,2,3,0.10442940460252591,0.07552875486196704,MRNA,0.15859423055491798,-0.135328483057086,NVDA,0.08155619002361303,0.1508843471443284,TEAM,0.07313779322904669,0.21103040049865873
2021-09,2021-09-01,2021-12-01,2021-09-01,102,92,7,3,3,0.10442940460252591,0.05284369911272609,MRNA,0.15859423055491798,-0.20344159766415404,NVDA,0.08155619002361303,0.40095580039938694,TEAM,0.07313779322904669,-0.03898310539705463
2021-10,2021-10-01,2021-11-01,2021-10-01,102,92,7,1,1,0.14077027546212192,-0.011492517963713755,MRNA,0.14077027546212192,-0.011492517963713755,,,,,,
2021-10,2021-10-01,2021-12-01,2021-10-01,102,92,7,2,1,0.14077027546212192,-0.08936061248813054,MRNA,0.14077027546212192,-0.08936061248813054,,,,,,
2021-10,2021-10-01,2022-01-03,2021-10-01,102,92,7,3,1,0.14077027546212192,-0.31088567364809916,MRNA,0.14077027546212192,-0.31088567364809916,,,,,,
2021-10,2021-10-01,2021-11-01,2021-10-01,102,92,7,1,2,0.10583979372176631,0.06808987029185476,MRNA,0.14077027546212192,-0.011492517963713755,TEAM,0.0709093119814107,0.14767225854742327,,,
2021-10,2021-10-01,2021-12-01,2021-10-01,102,92,7,2,2,0.10583979372176631,-0.08931088303344831,MRNA,0.14077027546212192,-0.08936061248813054,TEAM,0.0709093119814107,-0.08926115357876607,,,
2021-10,2021-10-01,2022-01-03,2021-10-01,102,92,7,3,2,0.10583979372176631,-0.2087292419829846,MRNA,0.14077027546212192,-0.31088567364809916,TEAM,0.0709093119814107,-0.10657281031787003,,,
2021-10,2021-10-01,2021-11-01,2021-10-01,102,92,7,1,3,0.09196450100710261,0.12711146507409232,MRNA,0.14077027546212192,-0.011492517963713755,TEAM,0.0709093119814107,0.14767225854742327,NVDA,0.06421391557777519,0.24515465463856745
2021-10,2021-10-01,2021-12-01,2021-10-01,102,92,7,2,3,0.09196450100710261,0.11236266412659494,MRNA,0.14077027546212192,-0.08936061248813054,TEAM,0.0709093119814107,-0.08926115357876607,NVDA,0.06421391557777519,0.5157097584466814
2021-10,2021-10-01,2022-01-03,2021-10-01,102,92,7,3,3,0.09196450100710261,0.011631334554711584,MRNA,0.14077027546212192,-0.31088567364809916,TEAM,0.0709093119814107,-0.10657281031787003,NVDA,0.06421391557777519,0.45235248763010394
2021-11,2021-11-01,2021-12-01,2021-11-01,102,92,7,1,1,0.16168248228808732,-0.07877339923013194,MRNA,0.16168248228808732,-0.07877339923013194,,,,,,
2021-11,2021-11-01,2022-01-03,2021-11-01,102,92,7,2,1,0.16168248228808732,-0.30287393987918776,MRNA,0.16168248228808732,-0.30287393987918776,,,,,,
2021-11,2021-11-01,2022-02-01,2021-11-01,102,92,7,3,1,0.16168248228808732,-0.4876768436876804,MRNA,0.16168248228808732,-0.4876768436876804,,,,,,
2021-11,2021-11-01,2021-12-01,2021-11-01,102,92,7,1,2,0.13492116707683457,-0.1426101636143045,MRNA,0.16168248228808732,-0.07877339923013194,TEAM,0.10815985186558182,-0.20644692799847708,,,
2021-11,2021-11-01,2022-01-03,2021-11-01,102,92,7,2,2,0.13492116707683457,-0.2622025073008804,MRNA,0.16168248228808732,-0.30287393987918776,TEAM,0.10815985186558182,-0.22153107472257305,,,
2021-11,2021-11-01,2022-02-01,2021-11-01,102,92,7,3,2,0.13492116707683457,-0.3818732726538773,MRNA,0.16168248228808732,-0.4876768436876804,TEAM,0.10815985186558182,-0.27606970162007427,,,
2021-11,2021-11-01,2021-12-01,2021-11-01,102,92,7,1,3,0.1246524488778361,-0.1264019669247268,MRNA,0.16168248228808732,-0.07877339923013194,TEAM,0.10815985186558182,-0.20644692799847708,TSLA,0.1041150124798391,-0.09398557354557135
2021-11,2021-11-01,2022-01-03,2021-11-01,102,92,7,2,3,0.1246524488778361,-0.1772315079218899,MRNA,0.16168248228808732,-0.30287393987918776,TEAM,0.10815985186558182,-0.22153107472257305,TSLA,0.1041150124798391,-0.007289509163908914
2021-11,2021-11-01,2022-02-01,2021-11-01,102,92,7,3,3,0.1246524488778361,-0.3310735342848313,MRNA,0.16168248228808732,-0.4876768436876804,TEAM,0.10815985186558182,-0.27606970162007427,TSLA,0.1041150124798391,-0.22947405754673922
2021-12,2021-12-01,2022-01-03,2021-12-01,102,92,7,1,1,0.11993561406657058,-0.041800397776357134,NVDA,0.11993561406657058,-0.041800397776357134,,,,,,
2021-12,2021-12-01,2022-02-01,2021-12-01,102,92,7,2,1,0.11993561406657058,-0.21622384965347974,NVDA,0.11993561406657058,-0.21622384965347974,,,,,,
2021-12,2021-12-01,2022-03-01,2021-12-01,102,92,7,3,1,0.11993561406657058,-0.253157431336536,NVDA,0.11993561406657058,-0.253157431336536,,,,,,
2021-12,2021-12-01,2022-01-03,2021-12-01,102,92,7,1,2,0.11029984702440979,-0.01711103358006022,NVDA,0.11993561406657058,-0.041800397776357134,AMD,0.100664079982249,0.007578330616236695,,,
2021-12,2021-12-01,2022-02-01,2021-12-01,102,92,7,2,2,0.11029984702440979,-0.21652182925541125,NVDA,0.11993561406657058,-0.21622384965347974,AMD,0.100664079982249,-0.21681980885734276,,,
2021-12,2021-12-01,2022-03-01,2021-12-01,102,92,7,3,2,0.11029984702440979,-0.24488063584426345,NVDA,0.11993561406657058,-0.253157431336536,AMD,0.100664079982249,-0.2366038403519909,,,
2021-12,2021-12-01,2022-01-03,2021-12-01,102,92,7,1,3,0.1044669947572724,-0.09249509260684419,NVDA,0.11993561406657058,-0.041800397776357134,AMD,0.100664079982249,0.007578330616236695,MRNA,0.09280129022299767,-0.24326321066041212
2021-12,2021-12-01,2022-02-01,2021-12-01,102,92,7,2,3,0.1044669947572724,-0.2923040437959978,NVDA,0.11993561406657058,-0.21622384965347974,AMD,0.100664079982249,-0.21681980885734276,MRNA,0.09280129022299767,-0.4438684728771708
2021-12,2021-12-01,2022-03-01,2021-12-01,102,92,7,3,3,0.1044669947572724,-0.3361286256885001,NVDA,0.11993561406657058,-0.253157431336536,AMD,0.100664079982249,-0.2366038403519909,MRNA,0.09280129022299767,-0.5186246053769733
2022-01,2022-01-03,2022-02-01,2022-01-03,101,92,7,1,1,0.13709355116957214,-0.2680185315444997,LCID,0.13709355116957214,-0.2680185315444997,,,,,,
2022-01,2022-01-03,2022-03-01,2022-01-03,101,92,7,2,1,0.13709355116957214,-0.38944539127890654,LCID,0.13709355116957214,-0.38944539127890654,,,,,,
2022-01,2022-01-03,2022-04-01,2022-01-03,101,92,7,3,1,0.13709355116957214,-0.40019543776732713,LCID,0.13709355116957214,-0.40019543776732713,,,,,,
2022-01,2022-01-03,2022-02-01,2022-01-03,101,92,7,1,2,0.12458892654257059,-0.24591729456506517,LCID,0.13709355116957214,-0.2680185315444997,TSLA,0.11208430191556902,-0.2238160575856306,,,
2022-01,2022-01-03,2022-03-01,2022-01-03,101,92,7,2,2,0.12458892654257059,-0.33450250298786166,LCID,0.13709355116957214,-0.38944539127890654,TSLA,0.11208430191556902,-0.2795596146968168,,,
2022-01,2022-01-03,2022-04-01,2022-01-03,101,92,7,3,2,0.12458892654257059,-0.248102354132878,LCID,0.13709355116957214,-0.40019543776732713,TSLA,0.11208430191556902,-0.09600927049842889,,,
2022-01,2022-01-03,2022-02-01,2022-01-03,101,92,7,1,3,0.11646488960774914,-0.22462235705483583,LCID,0.13709355116957214,-0.2680185315444997,TSLA,0.11208430191556902,-0.2238160575856306,NVDA,0.10021681573810624,-0.18203248203437716
2022-01,2022-01-03,2022-03-01,2022-01-03,101,92,7,2,3,0.11646488960774914,-0.2965274187805371,LCID,0.13709355116957214,-0.38944539127890654,TSLA,0.11208430191556902,-0.2795596146968168,NVDA,0.10021681573810624,-0.22057725036588804
2022-01,2022-01-03,2022-04-01,2022-01-03,101,92,7,3,3,0.11646488960774914,-0.20307688059053855,LCID,0.13709355116957214,-0.40019543776732713,TSLA,0.11208430191556902,-0.09600927049842889,NVDA,0.10021681573810624,-0.11302593350585965
2022-02,2022-02-01,2022-03-01,2022-02-01,101,92,7,1,1,0.06774137964098788,-0.07181745726121591,TSLA,0.06774137964098788,-0.07181745726121591,,,,,,
2022-02,2022-02-01,2022-04-01,2022-02-01,101,92,7,2,1,0.06774137964098788,0.1646604369186646,TSLA,0.06774137964098788,0.1646604369186646,,,,,,
2022-02,2022-02-01,2022-05-02,2022-02-01,101,92,7,3,1,0.06774137964098788,-0.030399932833470977,TSLA,0.06774137964098788,-0.030399932833470977,,,,,,
2022-02,2022-02-01,2022-03-01,2022-02-01,101,92,7,1,2,0.06286511987100751,-0.11885267254671594,TSLA,0.06774137964098788,-0.07181745726121591,LCID,0.057988860101027155,-0.16588788783221597,,,
2022-02,2022-02-01,2022-04-01,2022-02-01,101,92,7,2,2,0.06286511987100751,-0.007956839286626771,TSLA,0.06774137964098788,0.1646604369186646,LCID,0.057988860101027155,-0.18057411549191815,,,
2022-02,2022-02-01,2022-05-02,2022-02-01,101,92,7,3,2,0.06286511987100751,-0.19710917499388608,TSLA,0.06774137964098788,-0.030399932833470977,LCID,0.057988860101027155,-0.3638184171543012,,,
2022-02,2022-02-01,2022-03-01,2022-02-01,101,92,7,1,3,0.060240448151925786,-0.0517392821667532,TSLA,0.06774137964098788,-0.07181745726121591,LCID,0.057988860101027155,-0.16588788783221597,DDOG,0.054991104713762354,0.08248749859317228
2022-02,2022-02-01,2022-04-01,2022-02-01,101,92,7,2,3,0.060240448151925786,0.007597504958714511,TSLA,0.06774137964098788,0.1646604369186646,LCID,0.057988860101027155,-0.18057411549191815,DDOG,0.054991104713762354,0.038706193449397075
2022-02,2022-02-01,2022-05-02,2022-02-01,101,92,7,3,3,0.060240448151925786,-0.1936157121398159,TSLA,0.06774137964098788,-0.030399932833470977,LCID,0.057988860101027155,-0.3638184171543012,DDOG,0.054991104713762354,-0.18662878643167558
2022-03,2022-03-01,2022-04-01,2022-03-01,102,94,7,1,1,0.0571300958867162,-0.040445090775343306,DDOG,0.0571300958867162,-0.040445090775343306,,,,,,
2022-03,2022-03-01,2022-05-02,2022-03-01,102,94,7,2,1,0.0571300958867162,-0.2486091390197097,DDOG,0.0571300958867162,-0.2486091390197097,,,,,,
2022-03,2022-03-01,2022-06-01,2022-03-01,102,94,7,3,1,0.0571300958867162,-0.3905107254110487,DDOG,0.0571300958867162,-0.3905107254110487,,,,,,
2022-03,2022-03-01,2022-04-01,2022-03-01,102,94,7,1,2,0.05627855805161192,0.009565071317261697,DDOG,0.0571300958867162,-0.040445090775343306,PANW,0.055427020216507646,0.0595752334098667,,,
2022-03,2022-03-01,2022-05-02,2022-03-01,102,94,7,2,2,0.05627855805161192,-0.12846583375826992,DDOG,0.0571300958867162,-0.2486091390197097,PANW,0.055427020216507646,-0.008322528496830128,,,
2022-03,2022-03-01,2022-06-01,2022-03-01,102,94,7,3,2,0.05627855805161192,-0.26029221079608433,DDOG,0.0571300958867162,-0.3905107254110487,PANW,0.055427020216507646,-0.13007369618111997,,,
2022-03,2022-03-01,2022-04-01,2022-03-01,102,94,7,1,3,0.055747004221194475,0.053426519795111004,DDOG,0.0571300958867162,-0.040445090775343306,PANW,0.055427020216507646,0.0595752334098667,DLTR,0.05468389656035958,0.1411494167508096
2022-03,2022-03-01,2022-05-02,2022-03-01,102,94,7,2,3,0.055747004221194475,-0.029169771281630192,DDOG,0.0571300958867162,-0.2486091390197097,PANW,0.055427020216507646,-0.008322528496830128,DLTR,0.05468389656035958,0.16942235367164926
2022-03,2022-03-01,2022-06-01,2022-03-01,102,94,7,3,3,0.055747004221194475,-0.12270861730551312,DDOG,0.0571300958867162,-0.3905107254110487,PANW,0.055427020216507646,-0.13007369618111997,DLTR,0.05468389656035958,0.15245856967562932
2022-04,2022-04-01,2022-05-02,2022-04-01,102,94,7,1,1,0.0880715986049978,-0.22362522972091403,LCID,0.0880715986049978,-0.22362522972091403,,,,,,
2022-04,2022-04-01,2022-06-01,2022-04-01,102,94,7,2,1,0.0880715986049978,-0.2057026476578412,LCID,0.0880715986049978,-0.2057026476578412,,,,,,
2022-04,2022-04-01,2022-07-01,2022-04-01,102,94,7,3,1,0.0880715986049978,-0.3075356415478615,LCID,0.0880715986049978,-0.3075356415478615,,,,,,
2022-04,2022-04-01,2022-05-02,2022-04-01,102,94,7,1,2,0.08788177408298592,-0.09942469417898259,LCID,0.0880715986049978,-0.22362522972091403,DLTR,0.08769194956097404,0.02477584136294886,,,
2022-04,2022-04-01,2022-06-01,2022-04-01,102,94,7,2,2,0.08788177408298592,-0.09789616512717059,LCID,0.0880715986049978,-0.2057026476578412,DLTR,0.08769194956097404,0.009910317403500013,,,
2022-04,2022-04-01,2022-07-01,2022-04-01,102,94,7,3,2,0.08788177408298592,-0.16367809032323227,LCID,0.0880715986049978,-0.3075356415478615,DLTR,0.08769194956097404,-0.01982053909860304,,,
2022-04,2022-04-01,2022-05-02,2022-04-01,102,94,7,1,3,0.08601178101174385,-0.12211066612311605,LCID,0.0880715986049978,-0.22362522972091403,DLTR,0.08769194956097404,0.02477584136294886,TSLA,0.08227179486925974,-0.16748261001138298
2022-04,2022-04-01,2022-06-01,2022-04-01,102,94,7,2,3,0.08601178101174385,-0.17105524395157132,LCID,0.0880715986049978,-0.2057026476578412,DLTR,0.08769194956097404,0.009910317403500013,TSLA,0.08227179486925974,-0.31737340160037275
2022-04,2022-04-01,2022-07-01,2022-04-01,102,94,7,3,3,0.08601178101174385,-0.23291358304992935,LCID,0.0880715986049978,-0.3075356415478615,DLTR,0.08769194956097404,-0.01982053909860304,TSLA,0.08227179486925974,-0.37138456850332346
2022-05,2022-05-02,2022-06-01,2022-05-02,102,94,7,1,1,0.07854739743838375,-0.014506122567914614,DLTR,0.07854739743838375,-0.014506122567914614,,,,,,
2022-05,2022-05-02,2022-07-01,2022-05-02,102,94,7,2,1,0.07854739743838375,-0.04351818091480253,DLTR,0.07854739743838375,-0.04351818091480253,,,,,,
2022-05,2022-05-02,2022-08-01,2022-05-02,102,94,7,3,1,0.07854739743838375,0.020259502140227648,DLTR,0.07854739743838375,0.020259502140227648,,,,,,
2022-05,2022-05-02,2022-06-01,2022-05-02,102,94,7,1,2,0.06785966562483439,0.0069666906820767815,DLTR,0.07854739743838375,-0.014506122567914614,VRTX,0.05717193381128503,0.028439503932068178,,,
2022-05,2022-05-02,2022-07-01,2022-05-02,102,94,7,2,2,0.06785966562483439,0.026645277950683444,DLTR,0.07854739743838375,-0.04351818091480253,VRTX,0.05717193381128503,0.09680873681616942,,,
2022-05,2022-05-02,2022-08-01,2022-05-02,102,94,7,3,2,0.06785966562483439,0.03278587319634896,DLTR,0.07854739743838375,0.020259502140227648,VRTX,0.05717193381128503,0.04531224425247027,,,
2022-05,2022-05-02,2022-06-01,2022-05-02,102,94,7,1,3,0.062020318757684295,-0.05537061886634361,DLTR,0.07854739743838375,-0.014506122567914614,VRTX,0.05717193381128503,0.028439503932068178,TSLA,0.050341625023384094,-0.1800452379631844
2022-05,2022-05-02,2022-07-01,2022-05-02,102,94,7,2,3,0.062020318757684295,-0.06387720180598803,DLTR,0.07854739743838375,-0.04351818091480253,VRTX,0.05717193381128503,0.09680873681616942,TSLA,0.050341625023384094,-0.24492216131933098
2022-05,2022-05-02,2022-08-01,2022-05-02,102,94,7,3,3,0.062020318757684295,0.017755826235858474,DLTR,0.07854739743838375,0.020259502140227648,VRTX,0.05717193381128503,0.04531224425247027,TSLA,0.050341625023384094,-0.012304267685122494
2022-06,2022-06-01,2022-07-01,2022-06-01,102,94,7,1,1,0.057841556259950355,-0.029439105621320683,DLTR,0.057841556259950355,-0.029439105621320683,,,,,,
2022-06,2022-06-01,2022-08-01,2022-06-01,102,94,7,2,1,0.057841556259950355,0.03527736245173996,DLTR,0.057841556259950355,0.03527736245173996,,,,,,
2022-06,2022-06-01,2022-09-01,2022-06-01,102,94,7,3,1,0.057841556259950355,-0.14676101130492358,DLTR,0.057841556259950355,-0.14676101130492358,,,,,,
2022-06,2022-06-01,2022-07-01,2022-06-01,102,94,7,1,2,0.05753806386491171,0.01851975422816049,DLTR,0.057841556259950355,-0.029439105621320683,VRTX,0.05723457146987306,0.06647861407764166,,,
2022-06,2022-06-01,2022-08-01,2022-06-01,102,94,7,2,2,0.05753806386491171,0.025841759897922034,DLTR,0.057841556259950355,0.03527736245173996,VRTX,0.05723457146987306,0.01640615734410411,,,
2022-06,2022-06-01,2022-09-01,2022-06-01,102,94,7,3,2,0.05753806386491171,-0.03479617644730648,DLTR,0.057841556259950355,-0.14676101130492358,VRTX,0.05723457146987306,0.07716865841031062,,,
2022-06,2022-06-01,2022-07-01,2022-06-01,102,94,7,1,3,0.05186232304024554,-0.008795982923617274,DLTR,0.057841556259950355,-0.029439105621320683,VRTX,0.05723457146987306,0.06647861407764166,EXC,0.040510841390913176,-0.0634274572271728
2022-06,2022-06-01,2022-08-01,2022-06-01,102,94,7,2,3,0.05186232304024554,-0.003643601463529341,DLTR,0.057841556259950355,0.03527736245173996,VRTX,0.05723457146987306,0.01640615734410411,EXC,0.040510841390913176,-0.06261432418643209
2022-06,2022-06-01,2022-09-01,2022-06-01,102,94,7,3,3,0.05186232304024554,-0.0530733865751701,DLTR,0.057841556259950355,-0.14676101130492358,VRTX,0.05723457146987306,0.07716865841031062,EXC,0.040510841390913176,-0.08962780683089733
2022-07,2022-07-01,2022-08-01,2022-07-01,102,94,7,1,1,0.05162903001605225,-0.046951205652485783,VRTX,0.05162903001605225,-0.046951205652485783,,,,,,
2022-07,2022-07-01,2022-09-01,2022-07-01,102,94,7,2,1,0.05162903001605225,0.010023683730324473,VRTX,0.05162903001605225,0.010023683730324473,,,,,,
2022-07,2022-07-01,2022-10-03,2022-07-01,102,94,7,3,1,0.05162903001605225,0.035187195788124015,VRTX,0.05162903001605225,0.035187195788124015,,,,,,
2022-07,2022-07-01,2022-08-01,2022-07-01,102,94,7,1,2,0.04463324956526675,0.002034340913932231,VRTX,0.05162903001605225,-0.046951205652485783,TMUS,0.03763746911448126,0.051019887480350246,,,
2022-07,2022-07-01,2022-09-01,2022-07-01,102,94,7,2,2,0.04463324956526675,0.03099674657560436,VRTX,0.05162903001605225,0.010023683730324473,TMUS,0.03763746911448126,0.05196980942088425,,,
2022-07,2022-07-01,2022-10-03,2022-07-01,102,94,7,3,2,0.04463324956526675,0.025231859454798555,VRTX,0.05162903001605225,0.035187195788124015,TMUS,0.03763746911448126,0.015276523121473096,,,
2022-07,2022-07-01,2022-08-01,2022-07-01,102,94,7,1,3,0.04132676952396437,0.0016456275461262566,VRTX,0.05162903001605225,-0.046951205652485783,TMUS,0.03763746911448126,0.051019887480350246,EXC,0.034713809441359614,0.000868200810514308
2022-07,2022-07-01,2022-09-01,2022-07-01,102,94,7,2,3,0.04132676952396437,0.011339592844189358,VRTX,0.05162903001605225,0.010023683730324473,TMUS,0.03763746911448126,0.05196980942088425,EXC,0.034713809441359614,-0.02797471461864065
2022-07,2022-07-01,2022-10-03,2022-07-01,102,94,7,3,3,0.04132676952396437,-0.03602065102678168,VRTX,0.05162903001605225,0.035187195788124015,TMUS,0.03763746911448126,0.015276523121473096,EXC,0.034713809441359614,-0.15852567198994216
2022-08,2022-08-01,2022-09-01,2022-08-01,102,94,7,1,1,0.03460525698537372,0.0009038096727278511,TMUS,0.03460525698537372,0.0009038096727278511,,,,,,
2022-08,2022-08-01,2022-10-03,2022-08-01,102,94,7,2,1,0.03460525698537372,-0.03400826643210919,TMUS,0.03460525698537372,-0.03400826643210919,,,,,,
2022-08,2022-08-01,2022-11-01,2022-08-01,102,94,7,3,1,0.03460525698537372,0.05904428544626472,TMUS,0.03460525698537372,0.05904428544626472,,,,,,
2022-08,2022-08-01,2022-09-01,2022-08-01,102,94,7,1,2,0.03365547244215673,0.030342761275575447,TMUS,0.03460525698537372,0.0009038096727278511,VRTX,0.03270568789893973,0.05978171287842304,,,
2022-08,2022-08-01,2022-10-03,2022-08-01,102,94,7,2,2,0.03365547244215673,0.026088309651387587,TMUS,0.03460525698537372,-0.03400826643210919,VRTX,0.03270568789893973,0.08618488573488436,,,
2022-08,2022-08-01,2022-11-01,2022-08-01,102,94,7,3,2,0.03365547244215673,0.1032358110837589,TMUS,0.03460525698537372,0.05904428544626472,VRTX,0.03270568789893973,0.14742733672125308,,,
2022-08,2022-08-01,2022-09-01,2022-08-01,102,94,7,1,3,0.031023538976721107,-0.038383281091160924,TMUS,0.03460525698537372,0.0009038096727278511,VRTX,0.03270568789893973,0.05978171287842304,DLTR,0.025759672045849866,-0.17583536582463366
2022-08,2022-08-01,2022-10-03,2022-08-01,102,94,7,2,3,0.031023538976721107,-0.03268079970123509,TMUS,0.03460525698537372,-0.03400826643210919,VRTX,0.03270568789893973,0.08618488573488436,DLTR,0.025759672045849866,-0.15021901840648044
2022-08,2022-08-01,2022-11-01,2022-08-01,102,94,7,3,3,0.031023538976721107,0.051686258924559435,TMUS,0.03460525698537372,0.05904428544626472,VRTX,0.03270568789893973,0.14742733672125308,DLTR,0.025759672045849866,-0.0514128453938395
2022-09,2022-09-01,2022-10-03,2022-09-01,102,94,7,1,1,0.08303959111367977,0.04932096192834079,CEG,0.08303959111367977,0.04932096192834079,,,,,,
2022-09,2022-09-01,2022-11-01,2022-09-01,102,94,7,2,1,0.08303959111367977,0.15753742363991252,CEG,0.08303959111367977,0.15753742363991252,,,,,,
2022-09,2022-09-01,2022-12-01,2022-09-01,102,94,7,3,1,0.08303959111367977,0.14656446810368462,CEG,0.08303959111367977,0.14656446810368462,,,,,,
2022-09,2022-09-01,2022-10-03,2022-09-01,102,94,7,1,2,0.06955219759241946,-0.03673686479269184,CEG,0.08303959111367977,0.04932096192834079,PDD,0.05606480407115915,-0.12279469151372446,,,
2022-09,2022-09-01,2022-11-01,2022-09-01,102,94,7,2,2,0.06955219759241946,-0.04395600974772945,CEG,0.08303959111367977,0.15753742363991252,PDD,0.05606480407115915,-0.24544944313537143,,,
2022-09,2022-09-01,2022-12-01,2022-09-01,102,94,7,3,2,0.06955219759241946,0.15953258416863336,CEG,0.08303959111367977,0.14656446810368462,PDD,0.05606480407115915,0.1725007002335821,,,
2022-09,2022-09-01,2022-10-03,2022-09-01,102,94,7,1,3,0.059977029762342614,-0.036118093437028244,CEG,0.08303959111367977,0.04932096192834079,PDD,0.05606480407115915,-0.12279469151372446,TMUS,0.040826694102188914,-0.034880550725701065
2022-09,2022-09-01,2022-11-01,2022-09-01,102,94,7,2,3,0.059977029762342614,-0.009941348065288977,CEG,0.08303959111367977,0.15753742363991252,PDD,0.05606480407115915,-0.24544944313537143,TMUS,0.040826694102188914,0.058087975299591976
2022-09,2022-09-01,2022-12-01,2022-09-01,102,94,7,3,3,0.059977029762342614,0.1246291341652747,CEG,0.08303959111367977,0.14656446810368462,PDD,0.05606480407115915,0.1725007002335821,TMUS,0.040826694102188914,0.05482223415855736
2022-10,2022-10-03,2022-11-01,2022-10-03,102,94,7,1,1,0.0953459948718799,0.10312999133525547,CEG,0.0953459948718799,0.10312999133525547,,,,,,
2022-10,2022-10-03,2022-12-01,2022-10-03,102,94,7,2,1,0.0953459948718799,0.09267279479163282,CEG,0.0953459948718799,0.09267279479163282,,,,,,
2022-10,2022-10-03,2023-01-03,2022-10-03,102,94,7,3,1,0.0953459948718799,-0.0526005770803426,CEG,0.0953459948718799,-0.0526005770803426,,,,,,
2022-10,2022-10-03,2022-11-01,2022-10-03,102,94,7,1,2,0.07726512566801516,-0.018347230372877332,CEG,0.0953459948718799,0.10312999133525547,PDD,0.059184256464150424,-0.13982445208101013,,,
2022-10,2022-10-03,2022-12-01,2022-10-03,102,94,7,2,2,0.07726512566801516,0.21465240557004572,CEG,0.0953459948718799,0.09267279479163282,PDD,0.059184256464150424,0.33663201634845863,,,
2022-10,2022-10-03,2023-01-03,2022-10-03,102,94,7,3,2,0.07726512566801516,0.14832059510322315,CEG,0.0953459948718799,-0.0526005770803426,PDD,0.059184256464150424,0.3492417672867889,,,
2022-10,2022-10-03,2022-11-01,2022-10-03,102,94,7,1,3,0.06458807681963023,0.007619719389359385,CEG,0.0953459948718799,0.10312999133525547,PDD,0.059184256464150424,-0.13982445208101013,BIIB,0.039233979122860356,0.05955361891383282
2022-10,2022-10-03,2022-12-01,2022-10-03,102,94,7,2,3,0.06458807681963023,0.19045942947303374,CEG,0.0953459948718799,0.09267279479163282,PDD,0.059184256464150424,0.33663201634845863,BIIB,0.039233979122860356,0.14207347727900976
2022-10,2022-10-03,2023-01-03,2022-10-03,102,94,7,3,3,0.06458807681963023,0.1093861572028502,CEG,0.0953459948718799,-0.0526005770803426,PDD,0.059184256464150424,0.3492417672867889,BIIB,0.039233979122860356,0.0315172814021043
2022-11,2022-11-01,2022-12-01,2022-11-01,102,94,7,1,1,0.07949865485779203,-0.009479568705194064,CEG,0.07949865485779203,-0.009479568705194064,,,,,,
2022-11,2022-11-01,2023-01-03,2022-11-01,102,94,7,2,1,0.07949865485779203,-0.14117154790352315,CEG,0.07949865485779203,-0.14117154790352315,,,,,,
2022-11,2022-11-01,2023-02-01,2022-11-01,102,94,7,3,1,0.07949865485779203,-0.10447397003540215,CEG,0.07949865485779203,-0.10447397003540215,,,,,,
2022-11,2022-11-01,2022-12-01,2022-11-01,102,94,7,1,2,0.07102523574849143,0.27221325714117306,CEG,0.07949865485779203,-0.009479568705194064,PDD,0.06255181663919081,0.5539060829875402,,,
2022-11,2022-11-01,2023-01-03,2022-11-01,102,94,7,2,2,0.07102523574849143,0.21369702189787043,CEG,0.07949865485779203,-0.14117154790352315,PDD,0.06255181663919081,0.568565591699264,,,
2022-11,2022-11-01,2023-02-01,2022-11-01,102,94,7,3,2,0.07102523574849143,0.40322789272652376,CEG,0.07949865485779203,-0.10447397003540215,PDD,0.06255181663919081,0.9109297554884497,,,
2022-11,2022-11-01,2022-12-01,2022-11-01,102,94,7,1,3,0.06394539913997346,0.21743901756305575,CEG,0.07949865485779203,-0.009479568705194064,PDD,0.06255181663919081,0.5539060829875402,GILD,0.04978572592293754,0.10789053840682117
2022-11,2022-11-01,2023-01-03,2022-11-01,102,94,7,2,3,0.06394539913997346,0.17085810783665364,CEG,0.07949865485779203,-0.14117154790352315,PDD,0.06255181663919081,0.568565591699264,GILD,0.04978572592293754,0.08518027971422004
2022-11,2022-11-01,2023-02-01,2022-11-01,102,94,7,3,3,0.06394539913997346,0.291323774688511,CEG,0.07949865485779203,-0.10447397003540215,PDD,0.06255181663919081,0.9109297554884497,GILD,0.04978572592293754,0.06751553861248549
2022-12,2022-12-01,2023-01-03,2022-12-01,102,94,7,1,1,0.1349487223159505,0.009433973437789511,PDD,0.1349487223159505,0.009433973437789511,,,,,,
2022-12,2022-12-01,2023-02-01,2022-12-01,102,94,7,2,1,0.1349487223159505,0.22975884862648566,PDD,0.1349487223159505,0.22975884862648566,,,,,,
2022-12,2022-12-01,2023-03-01,2022-12-01,102,94,7,3,1,0.1349487223159505,0.08717462667760811,PDD,0.1349487223159505,0.08717462667760811,,,,,,
2022-12,2022-12-01,2023-01-03,2022-12-01,102,94,7,1,2,0.11786536115785182,-0.09192314455722989,PDD,0.1349487223159505,0.009433973437789511,ENPH,0.10078199999975314,-0.19328026255224928,,,
2022-12,2022-12-01,2023-02-01,2022-12-01,102,94,7,2,2,0.11786536115785182,-0.023432678569482612,PDD,0.1349487223159505,0.22975884862648566,ENPH,0.10078199999975314,-0.2766242057654509,,,
2022-12,2022-12-01,2023-03-01,2022-12-01,102,94,7,3,2,0.11786536115785182,-0.11732033483278481,PDD,0.1349487223159505,0.08717462667760811,ENPH,0.10078199999975314,-0.32181529634317774,,,
2022-12,2022-12-01,2023-01-03,2022-12-01,102,94,7,1,3,0.10447730953961294,-0.10559953295586937,PDD,0.1349487223159505,0.009433973437789511,ENPH,0.10078199999975314,-0.19328026255224928,CEG,0.07770120630313519,-0.1329523097531483
2022-12,2022-12-01,2023-02-01,2022-12-01,102,94,7,2,3,0.10447730953961294,-0.04758962750905368,PDD,0.1349487223159505,0.22975884862648566,ENPH,0.10078199999975314,-0.2766242057654509,CEG,0.07770120630313519,-0.0959035253881958
2022-12,2022-12-01,2023-03-01,2022-12-01,102,94,7,3,3,0.10447730953961294,-0.14826890208145516,PDD,0.1349487223159505,0.08717462667760811,ENPH,0.10078199999975314,-0.32181529634317774,CEG,0.07770120630313519,-0.21016603657879585
2023-01,2023-01-03,2023-02-01,2023-01-03,101,94,7,1,1,0.12241376321645434,0.21826576178959445,PDD,0.12241376321645434,0.21826576178959445,,,,,,
2023-01,2023-01-03,2023-03-01,2023-01-03,101,94,7,2,1,0.12241376321645434,0.07701410422621358,PDD,0.12241376321645434,0.07701410422621358,,,,,,
2023-01,2023-01-03,2023-04-03,2023-01-03,101,94,7,3,1,0.12241376321645434,-0.1146338883395267,PDD,0.12241376321645434,-0.1146338883395267,,,,,,
2023-01,2023-01-03,2023-02-01,2023-01-03,101,94,7,1,2,0.10064285293974426,0.07853929566399592,PDD,0.12241376321645434,0.21826576178959445,DXCM,0.07887194266303417,-0.0611871704616026,,,
2023-01,2023-01-03,2023-03-01,2023-01-03,101,94,7,2,2,0.10064285293974426,0.021205556843590656,PDD,0.12241376321645434,0.07701410422621358,DXCM,0.07887194266303417,-0.03460299053903226,,,
2023-01,2023-01-03,2023-04-03,2023-01-03,101,94,7,3,2,0.10064285293974426,-0.05509435856916295,PDD,0.12241376321645434,-0.1146338883395267,DXCM,0.07887194266303417,0.004445171201200804,,,
2023-01,2023-01-03,2023-02-01,2023-01-03,101,94,7,1,3,0.09002101094601633,0.12812378746103745,PDD,0.12241376321645434,0.21826576178959445,DXCM,0.07887194266303417,-0.0611871704616026,NFLX,0.06877732695856047,0.22729277105512047
2023-01,2023-01-03,2023-03-01,2023-01-03,101,94,7,2,3,0.09002101094601633,0.03507842548454291,PDD,0.12241376321645434,0.07701410422621358,DXCM,0.07887194266303417,-0.03460299053903226,NFLX,0.06877732695856047,0.06282416276644742
2023-01,2023-01-03,2023-04-03,2023-01-03,101,94,7,3,3,0.09002101094601633,0.02354050869661432,PDD,0.12241376321645434,-0.1146338883395267,DXCM,0.07887194266303417,0.004445171201200804,NFLX,0.06877732695856047,0.18081024322816885
2023-02,2023-02-01,2023-03-01,2023-02-01,101,94,7,1,1,0.1108450887482866,-0.1340092699700961,NFLX,0.1108450887482866,-0.1340092699700961,,,,,,
2023-02,2023-02-01,2023-04-03,2023-02-01,101,94,7,2,1,0.1108450887482866,-0.03787403374582732,NFLX,0.1108450887482866,-0.03787403374582732,,,,,,
2023-02,2023-02-01,2023-05-01,2023-02-01,101,94,7,3,1,0.1108450887482866,-0.10461621664115917,NFLX,0.1108450887482866,-0.10461621664115917,,,,,,
2023-02,2023-02-01,2023-03-01,2023-02-01,101,94,7,1,2,0.10915861349383679,-0.12497706677853726,NFLX,0.1108450887482866,-0.1340092699700961,PDD,0.10747213823938699,-0.11594486358697842,,,
2023-02,2023-02-01,2023-04-03,2023-02-01,101,94,7,2,2,0.10915861349383679,-0.15556551804662389,NFLX,0.1108450887482866,-0.03787403374582732,PDD,0.10747213823938699,-0.27325700234742045,,,
2023-02,2023-02-01,2023-05-01,2023-02-01,101,94,7,3,2,0.10915861349383679,-0.2192823066989073,NFLX,0.1108450887482866,-0.10461621664115917,PDD,0.10747213823938699,-0.33394839675665544,,,
2023-02,2023-02-01,2023-03-01,2023-02-01,101,94,7,1,3,0.10749427193259353,-0.08484707744641218,NFLX,0.1108450887482866,-0.1340092699700961,PDD,0.10747213823938699,-0.11594486358697842,MELI,0.10416558881010704,-0.0045870987821620135
2023-02,2023-02-01,2023-04-03,2023-02-01,101,94,7,2,3,0.10749427193259353,-0.076437900179727,NFLX,0.1108450887482866,-0.03787403374582732,PDD,0.10747213823938699,-0.27325700234742045,MELI,0.10416558881010704,0.08181733555406678
2023-02,2023-02-01,2023-05-01,2023-02-01,101,94,7,3,3,0.10749427193259353,-0.12495220568943259,NFLX,0.1108450887482866,-0.10461621664115917,PDD,0.10747213823938699,-0.33394839675665544,MELI,0.10416558881010704,0.06370799632951685
2023-03,2023-03-01,2023-04-03,2023-03-01,101,94,7,1,1,0.12866148696565355,-0.17794380947632138,PDD,0.12866148696565355,-0.17794380947632138,,,,,,
2023-03,2023-03-01,2023-05-01,2023-03-01,101,94,7,2,1,0.12866148696565355,-0.2465949511409523,PDD,0.12866148696565355,-0.2465949511409523,,,,,,
2023-03,2023-03-01,2023-06-01,2023-03-01,101,94,7,3,1,0.12866148696565355,-0.2411028598077818,PDD,0.12866148696565355,-0.2411028598077818,,,,,,
2023-03,2023-03-01,2023-04-03,2023-03-01,101,94,7,1,2,0.09941579872057439,-0.045570601504840436,PDD,0.12866148696565355,-0.17794380947632138,MELI,0.07017011047549523,0.08680260646664051,,,
2023-03,2023-03-01,2023-05-01,2023-03-01,101,94,7,2,2,0.09941579872057439,-0.08899256801496674,PDD,0.12866148696565355,-0.2465949511409523,MELI,0.07017011047549523,0.06860981511101882,,,
2023-03,2023-03-01,2023-06-01,2023-03-01,101,94,7,3,2,0.09941579872057439,-0.10015793512302507,PDD,0.12866148696565355,-0.2411028598077818,MELI,0.07017011047549523,0.04078698956173166,,,
2023-03,2023-03-01,2023-04-03,2023-03-01,101,94,7,1,3,0.08460267462601949,0.0066235502288103,PDD,0.12866148696565355,-0.17794380947632138,MELI,0.07017011047549523,0.08680260646664051,NFLX,0.05497642643690965,0.11101185369611177
2023-03,2023-03-01,2023-05-01,2023-03-01,101,94,7,2,3,0.08460267462601949,-0.048014534193989745,PDD,0.12866148696565355,-0.2465949511409523,MELI,0.07017011047549523,0.06860981511101882,NFLX,0.05497642643690965,0.033941533447964245
2023-03,2023-03-01,2023-06-01,2023-03-01,101,94,7,3,3,0.08460267462601949,0.028555765113137548,PDD,0.12866148696565355,-0.2411028598077818,MELI,0.07017011047549523,0.04078698956173166,NFLX,0.05497642643690965,0.2859831655854628
2023-04,2023-04-03,2023-05-01,2023-04-03,101,94,7,1,1,0.12292363996529766,0.03379209557956919,NVDA,0.12292363996529766,0.03379209557956919,,,,,,
2023-04,2023-04-03,2023-06-01,2023-04-03,101,94,7,2,1,0.12292363996529766,0.42213459131743813,NVDA,0.12292363996529766,0.42213459131743813,,,,,,
2023-04,2023-04-03,2023-07-03,2023-04-03,101,94,7,3,1,0.12292363996529766,0.5168025159317184,NVDA,0.12292363996529766,0.5168025159317184,,,,,,
2023-04,2023-04-03,2023-05-01,2023-04-03,101,94,7,1,2,0.0988139567246503,0.008526178575553933,NVDA,0.12292363996529766,0.03379209557956919,MELI,0.07470427348400295,-0.016739738428461326,,,
2023-04,2023-04-03,2023-06-01,2023-04-03,101,94,7,2,2,0.0988139567246503,0.1898971141413447,NVDA,0.12292363996529766,0.42213459131743813,MELI,0.07470427348400295,-0.04234036303474875,,,
2023-04,2023-04-03,2023-07-03,2023-04-03,101,94,7,3,2,0.0988139567246503,0.2127685072458977,NVDA,0.12292363996529766,0.5168025159317184,MELI,0.07470427348400295,-0.09126550143992307,,,
2023-04,2023-04-03,2023-05-01,2023-04-03,101,94,7,1,3,0.08868148040940486,-0.017439042654806707,NVDA,0.12292363996529766,0.03379209557956919,MELI,0.07470427348400295,-0.016739738428461326,NFLX,0.06841652777891395,-0.06936948511552798
2023-04,2023-04-03,2023-06-01,2023-04-03,101,94,7,2,3,0.08868148040940486,0.1790941592239932,NVDA,0.12292363996529766,0.42213459131743813,MELI,0.07470427348400295,-0.04234036303474875,NFLX,0.06841652777891395,0.15748824938929018
2023-04,2023-04-03,2023-07-03,2023-04-03,101,94,7,3,3,0.08868148040940486,0.23100766882525373,NVDA,0.12292363996529766,0.5168025159317184,MELI,0.07470427348400295,-0.09126550143992307,NFLX,0.06841652777891395,0.26748599198396583
2023-05,2023-05-01,2023-06-01,2023-05-01,101,94,7,1,1,0.14231952837101786,0.37564854422702343,NVDA,0.14231952837101786,0.37564854422702343,,,,,,
2023-05,2023-05-01,2023-07-03,2023-05-01,101,94,7,2,1,0.14231952837101786,0.4672220095486044,NVDA,0.14231952837101786,0.4672220095486044,,,,,,
2023-05,2023-05-01,2023-08-01,2023-05-01,101,94,7,3,1,0.14231952837101786,0.6088482108677455,NVDA,0.14231952837101786,0.6088482108677455,,,,,,
2023-05,2023-05-01,2023-06-01,2023-05-01,101,94,7,1,2,0.12242315132203564,0.24833491164060228,NVDA,0.14231952837101786,0.37564854422702343,META,0.10252677427305343,0.12102127905418114,,,
2023-05,2023-05-01,2023-07-03,2023-05-01,101,94,7,2,2,0.12242315132203564,0.32169399199602455,NVDA,0.14231952837101786,0.4672220095486044,META,0.10252677427305343,0.17616597444344473,,,
2023-05,2023-05-01,2023-08-01,2023-05-01,101,94,7,3,2,0.12242315132203564,0.4679450227717523,NVDA,0.14231952837101786,0.6088482108677455,META,0.10252677427305343,0.3270418346757591,,,
2023-05,2023-05-01,2023-06-01,2023-05-01,101,94,7,1,3,0.1062553941886195,0.17382891080299134,NVDA,0.14231952837101786,0.37564854422702343,META,0.10252677427305343,0.12102127905418114,ISRG,0.07391987992178718,0.02481690912776946
2023-05,2023-05-01,2023-07-03,2023-05-01,101,94,7,2,3,0.1062553941886195,0.25077490800575375,NVDA,0.14231952837101786,0.4672220095486044,META,0.10252677427305343,0.17616597444344473,ISRG,0.07391987992178718,0.10893674002521214
2023-05,2023-05-01,2023-08-01,2023-05-01,101,94,7,3,3,0.1062553941886195,0.33498715767143367,NVDA,0.14231952837101786,0.6088482108677455,META,0.10252677427305343,0.3270418346757591,ISRG,0.07391987992178718,0.06907142747079642
2023-06,2023-06-01,2023-07-03,2023-06-01,101,94,7,1,1,0.18421201322590422,0.06656748608201823,NVDA,0.18421201322590422,0.06656748608201823,,,,,,
2023-06,2023-06-01,2023-08-01,2023-06-01,101,94,7,2,1,0.18421201322590422,0.16951980040204018,NVDA,0.18421201322590422,0.16951980040204018,,,,,,
2023-06,2023-06-01,2023-09-01,2023-06-01,101,94,7,3,1,0.18421201322590422,0.21986461186254602,NVDA,0.18421201322590422,0.21986461186254602,,,,,,
2023-06,2023-06-01,2023-07-03,2023-06-01,101,94,7,1,2,0.1743838275382201,0.05787948284524813,NVDA,0.18421201322590422,0.06656748608201823,META,0.16455564185053598,0.04919147960847803,,,
2023-06,2023-06-01,2023-08-01,2023-06-01,101,94,7,2,2,0.1743838275382201,0.17664957235577172,NVDA,0.18421201322590422,0.16951980040204018,META,0.16455564185053598,0.18377934430950327,,,
2023-06,2023-06-01,2023-09-01,2023-06-01,101,94,7,3,2,0.1743838275382201,0.15352950118297448,NVDA,0.18421201322590422,0.21986461186254602,META,0.16455564185053598,0.08719439050340294,,,
2023-06,2023-06-01,2023-07-03,2023-06-01,101,94,7,1,3,0.15750740015103623,0.028402450105909804,NVDA,0.18421201322590422,0.06656748608201823,META,0.16455564185053598,0.04919147960847803,AMD,0.12375454537666848,-0.03055161537276685
2023-06,2023-06-01,2023-08-01,2023-06-01,101,94,7,2,3,0.15750740015103623,0.11254888560925506,NVDA,0.18421201322590422,0.16951980040204018,META,0.16455564185053598,0.18377934430950327,AMD,0.12375454537666848,-0.015652487883778265
2023-06,2023-06-01,2023-09-01,2023-06-01,101,94,7,3,3,0.15750740015103623,0.07439617991289287,NVDA,0.18421201322590422,0.21986461186254602,META,0.16455564185053598,0.08719439050340294,AMD,0.12375454537666848,-0.08387046262727038
2023-07,2023-07-03,2023-08-01,2023-07-03,101,95,7,1,1,0.155785551959947,0.09652676990765219,NVDA,0.155785551959947,0.09652676990765219,,,,,,
2023-07,2023-07-03,2023-09-01,2023-07-03,101,95,7,2,1,0.155785551959947,0.14372941963912367,NVDA,0.155785551959947,0.14372941963912367,,,,,,
2023-07,2023-07-03,2023-10-02,2023-07-03,101,95,7,3,1,0.155785551959947,0.05594258470071112,NVDA,0.155785551959947,0.05594258470071112,,,,,,
2023-07,2023-07-03,2023-08-01,2023-07-03,101,95,7,1,2,0.1447466894399347,0.11240223249348047,NVDA,0.155785551959947,0.09652676990765219,META,0.13370782691992242,0.12827769507930875,,,
2023-07,2023-07-03,2023-09-01,2023-07-03,101,95,7,2,2,0.1447466894399347,0.08997527954564566,NVDA,0.155785551959947,0.14372941963912367,META,0.13370782691992242,0.03622113945216765,,,
2023-07,2023-07-03,2023-10-02,2023-07-03,101,95,7,3,2,0.1447466894399347,0.06433235912003055,NVDA,0.155785551959947,0.05594258470071112,META,0.13370782691992242,0.07272213353934998,,,
2023-07,2023-07-03,2023-08-01,2023-07-03,101,95,7,1,3,0.13332080543574312,0.05259903495512349,NVDA,0.155785551959947,0.09652676990765219,META,0.13370782691992242,0.12827769507930875,TSLA,0.11046903742735993,-0.06700736012159048
2023-07,2023-07-03,2023-09-01,2023-07-03,101,95,7,2,3,0.13332080543574312,0.018516371880358484,NVDA,0.155785551959947,0.14372941963912367,META,0.13370782691992242,0.03622113945216765,TSLA,0.11046903742735993,-0.12440144345021587
2023-07,2023-07-03,2023-10-02,2023-07-03,101,95,7,3,3,0.13332080543574312,0.009271389912422526,NVDA,0.155785551959947,0.05594258470071112,META,0.13370782691992242,0.07272213353934998,TSLA,0.11046903742735993,-0.10085054850279351
2023-08,2023-08-01,2023-09-01,2023-08-01,101,96,7,1,1,0.19308586174180895,0.043047421209285064,NVDA,0.19308586174180895,0.043047421209285064,,,,,,
2023-08,2023-08-01,2023-10-02,2023-08-01,101,96,7,2,1,0.19308586174180895,-0.03701157720970094,NVDA,0.19308586174180895,-0.03701157720970094,,,,,,
2023-08,2023-08-01,2023-11-01,2023-08-01,101,96,7,3,1,0.19308586174180895,-0.08984670679098905,NVDA,0.19308586174180895,-0.08984670679098905,,,,,,
2023-08,2023-08-01,2023-09-01,2023-08-01,101,96,7,1,2,0.17876169891169175,-0.009234347323930803,NVDA,0.19308586174180895,0.043047421209285064,TSLA,0.16443753608157458,-0.06151611585714667,,,
2023-08,2023-08-01,2023-10-02,2023-08-01,101,96,7,2,2,0.17876169891169175,-0.03664268858383296,NVDA,0.19308586174180895,-0.03701157720970094,TSLA,0.16443753608157458,-0.03627379995796498,,,
2023-08,2023-08-01,2023-11-01,2023-08-01,101,96,7,3,2,0.17876169891169175,-0.15104432115816935,NVDA,0.19308586174180895,-0.08984670679098905,TSLA,0.16443753608157458,-0.21224193552534965,,,
2023-08,2023-08-01,2023-09-01,2023-08-01,101,96,7,1,3,0.16815209017917368,-0.033353010034058585,NVDA,0.19308586174180895,0.043047421209285064,TSLA,0.16443753608157458,-0.06151611585714667,META,0.14693287271413752,-0.08159033545431416
2023-08,2023-08-01,2023-10-02,2023-08-01,101,96,7,2,3,0.16815209017917368,-0.04084154653788297,NVDA,0.19308586174180895,-0.03701157720970094,TSLA,0.16443753608157458,-0.03627379995796498,META,0.14693287271413752,-0.04923926244598298
2023-08,2023-08-01,2023-11-01,2023-08-01,101,96,7,3,3,0.16815209017917368,-0.11191369938497113,NVDA,0.19308586174180895,-0.08984670679098905,TSLA,0.16443753608157458,-0.21224193552534965,META,0.14693287271413752,-0.03365245583857468
2023-09,2023-09-01,2023-10-02,2023-09-01,101,96,7,1,1,0.13309105294812618,-0.07675489799511459,NVDA,0.13309105294812618,-0.07675489799511459,,,,,,
2023-09,2023-09-01,2023-11-01,2023-09-01,101,96,7,2,1,0.13309105294812618,-0.12740947851268325,NVDA,0.13309105294812618,-0.12740947851268325,,,,,,
2023-09,2023-09-01,2023-12-01,2023-09-01,101,96,7,3,1,0.13309105294812618,-0.035872485847291635,NVDA,0.13309105294812618,-0.035872485847291635,,,,,,
2023-09,2023-09-01,2023-10-02,2023-09-01,101,96,7,1,2,0.11793313326439744,-0.02076489859809344,NVDA,0.13309105294812618,-0.07675489799511459,META,0.1027752135806687,0.03522510079892771,,,
2023-09,2023-09-01,2023-11-01,2023-09-01,101,96,7,2,2,0.11793313326439744,-0.037606429609603975,NVDA,0.13309105294812618,-0.12740947851268325,META,0.1027752135806687,0.0521966192934753,,,
2023-09,2023-09-01,2023-12-01,2023-09-01,101,96,7,3,2,0.11793313326439744,0.030042705574043316,NVDA,0.13309105294812618,-0.035872485847291635,META,0.1027752135806687,0.09595789699537827,,,
2023-09,2023-09-01,2023-10-02,2023-09-01,101,96,7,1,3,0.10074279391963982,-0.022014542537047526,NVDA,0.13309105294812618,-0.07675489799511459,META,0.1027752135806687,0.03522510079892771,PANW,0.06636211523012457,-0.024513830414955695
2023-09,2023-09-01,2023-11-01,2023-09-01,101,96,7,2,3,0.10074279391963982,-0.022132039401780285,NVDA,0.13309105294812618,-0.12740947851268325,META,0.1027752135806687,0.0521966192934753,PANW,0.06636211523012457,0.008816741013867091
2023-09,2023-09-01,2023-12-01,2023-09-01,101,96,7,3,3,0.10074279391963982,0.09341893700080466,NVDA,0.13309105294812618,-0.035872485847291635,META,0.1027752135806687,0.09595789699537827,PANW,0.06636211523012457,0.22017139985432732
2023-10,2023-10-02,2023-11-01,2023-10-02,101,96,7,1,1,0.11015481738096676,-0.05486579935010649,NVDA,0.11015481738096676,-0.05486579935010649,,,,,,
2023-10,2023-10-02,2023-12-01,2023-10-02,101,96,7,2,1,0.11015481738096676,0.044281212062803554,NVDA,0.11015481738096676,0.044281212062803554,,,,,,
2023-10,2023-10-02,2024-01-02,2023-10-02,101,96,7,3,1,0.11015481738096676,0.07570526820863677,NVDA,0.11015481738096676,0.07570526820863677,,,,,,
2023-10,2023-10-02,2023-11-01,2023-10-02,101,96,7,1,2,0.0995114029647999,-0.01923588122879949,NVDA,0.11015481738096676,-0.05486579935010649,META,0.08886798854863305,0.016394036892507513,,,
2023-10,2023-10-02,2023-12-01,2023-10-02,101,96,7,2,2,0.0995114029647999,0.05147374147681383,NVDA,0.11015481738096676,0.044281212062803554,META,0.08886798854863305,0.0586662708908241,,,
2023-10,2023-10-02,2024-01-02,2023-10-02,101,96,7,3,2,0.0995114029647999,0.10217372305557493,NVDA,0.11015481738096676,0.07570526820863677,META,0.08886798854863305,0.1286421779025131,,,
2023-10,2023-10-02,2023-11-01,2023-10-02,101,96,7,1,3,0.0911011581102028,0.002124361374122863,NVDA,0.11015481738096676,-0.05486579935010649,META,0.08886798854863305,0.016394036892507513,ADBE,0.07428066840100858,0.04484484657996757
2023-10,2023-10-02,2023-12-01,2023-10-02,101,96,7,2,3,0.0911011581102028,0.09274012674771608,NVDA,0.11015481738096676,0.044281212062803554,META,0.08886798854863305,0.0586662708908241,ADBE,0.07428066840100858,0.17527289728952056
2023-10,2023-10-02,2024-01-02,2023-10-02,101,96,7,3,3,0.0911011581102028,0.10581594258698201,NVDA,0.11015481738096676,0.07570526820863677,META,0.08886798854863305,0.1286421779025131,ADBE,0.07428066840100858,0.11310038164979619
2023-11,2023-11-01,2023-12-01,2023-11-01,101,96,7,1,1,0.06913737423718957,0.10490257504673361,NVDA,0.06913737423718957,0.10490257504673361,,,,,,
2023-11,2023-11-01,2024-01-02,2023-11-01,101,96,7,2,1,0.06913737423718957,0.13815082288733183,NVDA,0.06913737423718957,0.13815082288733183,,,,,,
2023-11,2023-11-01,2024-02-01,2023-11-01,101,96,7,3,1,0.06913737423718957,0.4892506531472429,NVDA,0.06913737423718957,0.4892506531472429,,,,,,
2023-11,2023-11-01,2023-12-01,2023-11-01,101,96,7,1,2,0.06788092173483891,0.18452918888018632,NVDA,0.06913737423718957,0.10490257504673361,ZS,0.06662446923248824,0.26415580271363903,,,
2023-11,2023-11-01,2024-01-02,2023-11-01,101,96,7,2,2,0.06788092173483891,0.2469241295787058,NVDA,0.06913737423718957,0.13815082288733183,ZS,0.06662446923248824,0.35569743627007977,,,
2023-11,2023-11-01,2024-02-01,2023-11-01,101,96,7,3,2,0.06788092173483891,0.5044721405987332,NVDA,0.06913737423718957,0.4892506531472429,ZS,0.06662446923248824,0.5196936280502236,,,
2023-11,2023-11-01,2023-12-01,2023-11-01,101,96,7,1,3,0.06597021415309198,0.1384243660488685,NVDA,0.06913737423718957,0.10490257504673361,ZS,0.06662446923248824,0.26415580271363903,CEG,0.06214879898959813,0.046214720386232866
2023-11,2023-11-01,2024-01-02,2023-11-01,101,96,7,2,3,0.06597021415309198,0.16655204964315665,NVDA,0.06913737423718957,0.13815082288733183,ZS,0.06662446923248824,0.35569743627007977,CEG,0.06214879898959813,0.005807889772058372
2023-11,2023-11-01,2024-02-01,2023-11-01,101,96,7,3,3,0.06597021415309198,0.3742648817887899,NVDA,0.06913737423718957,0.4892506531472429,ZS,0.06662446923248824,0.5196936280502236,CEG,0.06214879898959813,0.11385036416890326
2023-12,2023-12-01,2024-01-02,2023-12-01,101,96,7,1,1,0.1349316860640069,0.07241325267023035,ZS,0.1349316860640069,0.07241325267023035,,,,,,
2023-12,2023-12-01,2024-02-01,2023-12-01,101,96,7,2,1,0.1349316860640069,0.20214108481569015,ZS,0.1349316860640069,0.20214108481569015,,,,,,
2023-12,2023-12-01,2024-03-01,2023-12-01,101,96,7,3,1,0.1349316860640069,0.10705447194326045,ZS,0.1349316860640069,0.10705447194326045,,,,,,
2023-12,2023-12-01,2024-01-02,2023-12-01,101,96,7,1,2,0.12877816824409843,0.03748010023304926,ZS,0.1349316860640069,0.07241325267023035,PDD,0.12262465042418995,0.0025469477958681708,,,
2023-12,2023-12-01,2024-02-01,2023-12-01,101,96,7,2,2,0.12877816824409843,0.03677644388377865,ZS,0.1349316860640069,0.20214108481569015,PDD,0.12262465042418995,-0.12858819704813285,,,
2023-12,2023-12-01,2024-03-01,2023-12-01,101,96,7,3,2,0.12877816824409843,-0.009871969840301309,ZS,0.1349316860640069,0.10705447194326045,PDD,0.12262465042418995,-0.12679841162386307,,,
2023-12,2023-12-01,2024-01-02,2023-12-01,101,96,7,1,3,0.12393215549621968,0.015038998892058805,ZS,0.1349316860640069,0.07241325267023035,PDD,0.12262465042418995,0.0025469477958681708,DDOG,0.1142401300004622,-0.029843203789922113
2023-12,2023-12-01,2024-02-01,2023-12-01,101,96,7,2,3,0.12393215549621968,0.04778520242389036,ZS,0.1349316860640069,0.20214108481569015,PDD,0.12262465042418995,-0.12858819704813285,DDOG,0.1142401300004622,0.06980271950411376
2023-12,2023-12-01,2024-03-01,2023-12-01,101,96,7,3,3,0.12393215549621968,0.026015770473265643,ZS,0.1349316860640069,0.10705447194326045,PDD,0.12262465042418995,-0.12679841162386307,DDOG,0.1142401300004622,0.09779125110039955
2024-01,2024-01-02,2024-02-01,2024-01-02,101,96,7,1,1,0.12194711542871571,-0.1308019989810012,PDD,0.12194711542871571,-0.1308019989810012,,,,,,
2024-01,2024-01-02,2024-03-01,2024-01-02,101,96,7,2,1,0.12194711542871571,-0.12901676046603217,PDD,0.12194711542871571,-0.12901676046603217,,,,,,
2024-01,2024-01-02,2024-04-01,2024-01-02,101,96,7,3,1,0.12194711542871571,-0.18181815324438377,PDD,0.12194711542871571,-0.18181815324438377,,,,,,
2024-01,2024-01-02,2024-02-01,2024-01-02,101,96,7,1,2,0.09716842565713404,0.040881142065005927,PDD,0.12194711542871571,-0.1308019989810012,CRWD,0.07238973588555239,0.21256428311101305,,,
2024-01,2024-01-02,2024-03-01,2024-01-02,101,96,7,2,2,0.09716842565713404,0.0726174792211075,PDD,0.12194711542871571,-0.12901676046603217,CRWD,0.07238973588555239,0.2742517189082472,,,
2024-01,2024-01-02,2024-04-01,2024-01-02,101,96,7,3,2,0.09716842565713404,0.05632247817542685,PDD,0.12194711542871571,-0.18181815324438377,CRWD,0.07238973588555239,0.29446310959523747,,,
2024-01,2024-01-02,2024-02-01,2024-01-02,101,96,7,1,3,0.08833241170068389,0.06757680669391715,PDD,0.12194711542871571,-0.1308019989810012,CRWD,0.07238973588555239,0.21256428311101305,ZS,0.07066038378778353,0.12096813595173961
2024-01,2024-01-02,2024-03-01,2024-01-02,101,96,7,2,3,0.08833241170068389,0.059179025431165634,PDD,0.12194711542871571,-0.12901676046603217,CRWD,0.07238973588555239,0.2742517189082472,ZS,0.07066038378778353,0.0323021178512819
2024-01,2024-01-02,2024-04-01,2024-01-02,101,96,7,3,3,0.08833241170068389,0.005779878954180269,PDD,0.12194711542871571,-0.18181815324438377,CRWD,0.07238973588555239,0.29446310959523747,ZS,0.07066038378778353,-0.09530531948831289
2024-02,2024-02-01,2024-03-01,2024-02-01,101,96,7,1,1,0.11326519394198023,0.05087353854672827,CRWD,0.11326519394198023,0.05087353854672827,,,,,,
2024-02,2024-02-01,2024-04-01,2024-02-01,101,96,7,2,1,0.11326519394198023,0.06754184303870558,CRWD,0.11326519394198023,0.06754184303870558,,,,,,
2024-02,2024-02-01,2024-05-01,2024-02-01,101,96,7,3,1,0.11326519394198023,-0.013127543641248574,CRWD,0.11326519394198023,-0.013127543641248574,,,,,,
2024-02,2024-02-01,2024-03-01,2024-02-01,101,96,7,1,2,0.10598868388758403,0.02646371509748946,CRWD,0.11326519394198023,0.05087353854672827,PDD,0.09871217383318784,0.0020538916482506497,,,
2024-02,2024-02-01,2024-04-01,2024-02-01,101,96,7,2,2,0.10598868388758403,0.0044242397485858564,CRWD,0.11326519394198023,0.06754184303870558,PDD,0.09871217383318784,-0.05869336354153387,,,
2024-02,2024-02-01,2024-05-01,2024-02-01,101,96,7,3,2,0.10598868388758403,-0.014858260069584517,CRWD,0.11326519394198023,-0.013127543641248574,PDD,0.09871217383318784,-0.01658897649792046,,,
2024-02,2024-02-01,2024-03-01,2024-02-01,101,96,7,1,3,0.09591923627086167,-0.008723428256108648,CRWD,0.11326519394198023,0.05087353854672827,PDD,0.09871217383318784,0.0020538916482506497,ZS,0.07578034103741696,-0.07909771496330487
2024-02,2024-02-01,2024-04-01,2024-02-01,101,96,7,2,3,0.09591923627086167,-0.061362015343073284,CRWD,0.11326519394198023,0.06754184303870558,PDD,0.09871217383318784,-0.05869336354153387,ZS,0.07578034103741696,-0.19293452552639156
2024-02,2024-02-01,2024-05-01,2024-02-01,101,96,7,3,3,0.09591923627086167,-0.1019691330737695,CRWD,0.11326519394198023,-0.013127543641248574,PDD,0.09871217383318784,-0.01658897649792046,ZS,0.07578034103741696,-0.27619087908213946
2024-03,2024-03-01,2024-04-01,2024-03-01,101,96,7,1,1,0.10095800861355395,0.015861379966830347,CRWD,0.10095800861355395,0.015861379966830347,,,,,,
2024-03,2024-03-01,2024-05-01,2024-03-01,101,96,7,2,1,0.10095800861355395,-0.060902744088965455,CRWD,0.10095800861355395,-0.060902744088965455,,,,,,
2024-03,2024-03-01,2024-06-03,2024-03-01,101,96,7,3,1,0.10095800861355395,-0.018785770970915827,CRWD,0.10095800861355395,-0.018785770970915827,,,,,,
2024-03,2024-03-01,2024-04-01,2024-03-01,101,96,7,1,2,0.0976475829896549,0.05708194635052677,CRWD,0.10095800861355395,0.015861379966830347,NVDA,0.09433715736575586,0.09830251273422319,,,
2024-03,2024-03-01,2024-05-01,2024-03-01,101,96,7,2,2,0.0976475829896549,-0.02579717546530974,CRWD,0.10095800861355395,-0.060902744088965455,NVDA,0.09433715736575586,0.009308393158345973,,,
2024-03,2024-03-01,2024-06-03,2024-03-01,101,96,7,3,2,0.0976475829896549,0.18948158158541306,CRWD,0.10095800861355395,-0.018785770970915827,NVDA,0.09433715736575586,0.39774893414174195,,,
2024-03,2024-03-01,2024-04-01,2024-03-01,101,96,7,1,3,0.09542122362348358,0.07012603080489226,CRWD,0.10095800861355395,0.015861379966830347,NVDA,0.09433715736575586,0.09830251273422319,CEG,0.09096850489114093,0.09621419971362322
2024-03,2024-03-01,2024-05-01,2024-03-01,101,96,7,2,3,0.09542122362348358,0.012083434828087788,CRWD,0.10095800861355395,-0.060902744088965455,NVDA,0.09433715736575586,0.009308393158345973,CEG,0.09096850489114093,0.08784465541488284
2024-03,2024-03-01,2024-06-03,2024-03-01,101,96,7,3,3,0.09542122362348358,0.20279271561997167,CRWD,0.10095800861355395,-0.018785770970915827,NVDA,0.09433715736575586,0.39774893414174195,CEG,0.09096850489114093,0.22941498368908886
2024-04,2024-04-01,2024-05-01,2024-04-01,101,97,7,1,1,0.10729547841201827,-0.07556555015242561,CRWD,0.10729547841201827,-0.07556555015242561,,,,,,
2024-04,2024-04-01,2024-06-03,2024-04-01,101,97,7,2,1,0.10729547841201827,-0.03410617985977327,CRWD,0.10729547841201827,-0.03410617985977327,,,,,,
2024-04,2024-04-01,2024-07-01,2024-04-01,101,97,7,3,1,0.10729547841201827,0.22704089111061765,CRWD,0.10729547841201827,0.22704089111061765,,,,,,
2024-04,2024-04-01,2024-05-01,2024-04-01,101,97,7,1,2,0.10476311014066836,-0.07829716821655375,CRWD,0.10729547841201827,-0.07556555015242561,NVDA,0.10223074186931845,-0.08102878628068189,,,
2024-04,2024-04-01,2024-06-03,2024-04-01,101,97,7,2,2,0.10476311014066836,0.11926928843836782,CRWD,0.10729547841201827,-0.03410617985977327,NVDA,0.10223074186931845,0.2726447567365089,,,
2024-04,2024-04-01,2024-07-01,2024-04-01,101,97,7,3,2,0.10476311014066836,0.30135846909781383,CRWD,0.10729547841201827,0.22704089111061765,NVDA,0.10223074186931845,0.37567604708501,,,
2024-04,2024-04-01,2024-05-01,2024-04-01,101,97,7,1,3,0.09970412465092342,-0.09135070918682457,CRWD,0.10729547841201827,-0.07556555015242561,NVDA,0.10223074186931845,-0.08102878628068189,MU,0.0895861536714335,-0.1174577911273662
2024-04,2024-04-01,2024-06-03,2024-04-01,101,97,7,2,3,0.09970412465092342,0.0898909358124742,CRWD,0.10729547841201827,-0.03410617985977327,NVDA,0.10223074186931845,0.2726447567365089,MU,0.0895861536714335,0.031134230560686982
2024-04,2024-04-01,2024-07-01,2024-04-01,101,97,7,3,3,0.09970412465092342,0.22026743295493004,CRWD,0.10729547841201827,0.22704089111061765,NVDA,0.10223074186931845,0.37567604708501,MU,0.0895861536714335,0.05808536066916248
2024-05,2024-05-01,2024-06-03,2024-05-01,101,97,7,1,1,0.1016201863999517,0.3848581301973333,NVDA,0.1016201863999517,0.3848581301973333,,,,,,
2024-05,2024-05-01,2024-07-01,2024-05-01,101,97,7,2,1,0.1016201863999517,0.49697403634362747,NVDA,0.1016201863999517,0.49697403634362747,,,,,,
2024-05,2024-05-01,2024-08-01,2024-05-01,101,97,7,3,1,0.1016201863999517,0.3152415251918246,NVDA,0.1016201863999517,0.3152415251918246,,,,,,
2024-05,2024-05-01,2024-06-03,2024-05-01,101,97,7,1,2,0.09596130742586241,0.2574982491818544,NVDA,0.1016201863999517,0.3848581301973333,CEG,0.09030242845177312,0.13013836816637547,,,
2024-05,2024-05-01,2024-07-01,2024-05-01,101,97,7,2,2,0.09596130742586241,0.30484657096654455,NVDA,0.1016201863999517,0.49697403634362747,CEG,0.09030242845177312,0.11271910558946163,,,
2024-05,2024-05-01,2024-08-01,2024-05-01,101,97,7,3,2,0.09596130742586241,0.13941920635057947,NVDA,0.1016201863999517,0.3152415251918246,CEG,0.09030242845177312,-0.036403112490665634,,,
2024-05,2024-05-01,2024-06-03,2024-05-01,101,97,7,1,3,0.09368665904918903,0.186614953252867,NVDA,0.1016201863999517,0.3848581301973333,CEG,0.09030242845177312,0.13013836816637547,CRWD,0.08913736229584228,0.04484836139489223
2024-05,2024-05-01,2024-07-01,2024-05-01,101,97,7,2,3,0.09368665904918903,0.312345126487741,NVDA,0.1016201863999517,0.49697403634362747,CEG,0.09030242845177312,0.11271910558946163,CRWD,0.08913736229584228,0.3273422375301338
2024-05,2024-05-01,2024-08-01,2024-05-01,101,97,7,3,3,0.09368665904918903,0.012591411698103258,NVDA,0.1016201863999517,0.3152415251918246,CEG,0.09030242845177312,-0.036403112490665634,CRWD,0.08913736229584228,-0.24106417760684917
2024-06,2024-06-03,2024-07-01,2024-06-03,101,97,7,1,1,0.16443789062101452,0.08095840555907219,NVDA,0.16443789062101452,0.08095840555907219,,,,,,
2024-06,2024-06-03,2024-08-01,2024-06-03,101,97,7,2,1,0.16443789062101452,-0.05026984604956519,NVDA,0.16443789062101452,-0.05026984604956519,,,,,,
2024-06,2024-06-03,2024-09-03,2024-06-03,101,97,7,3,1,0.16443789062101452,-0.06079237163134876,NVDA,0.16443789062101452,-0.06079237163134876,,,,,,
2024-06,2024-06-03,2024-07-01,2024-06-03,101,97,7,1,2,0.13862279188939192,-0.06732085403576005,NVDA,0.16443789062101452,0.08095840555907219,MRNA,0.1128076931577693,-0.21560011363059228,,,
2024-06,2024-06-03,2024-08-01,2024-06-03,101,97,7,2,2,0.13862279188939192,-0.20660565261824348,NVDA,0.16443789062101452,-0.05026984604956519,MRNA,0.1128076931577693,-0.3629414591869218,,,
2024-06,2024-06-03,2024-09-03,2024-06-03,101,97,7,3,2,0.13862279188939192,-0.28367720723578427,NVDA,0.16443789062101452,-0.06079237163134876,MRNA,0.1128076931577693,-0.5065620428402198,,,
2024-06,2024-06-03,2024-07-01,2024-06-03,101,97,7,1,3,0.12549094927589408,-0.05439929626532014,NVDA,0.16443789062101452,0.08095840555907219,MRNA,0.1128076931577693,-0.21560011363059228,QCOM,0.09922726404889844,-0.028556180724440328
2024-06,2024-06-03,2024-08-01,2024-06-03,101,97,7,2,3,0.12549094927589408,-0.2055822791857063,NVDA,0.16443789062101452,-0.05026984604956519,MRNA,0.1128076931577693,-0.3629414591869218,QCOM,0.09922726404889844,-0.20353553232063193
2024-06,2024-06-03,2024-09-03,2024-06-03,101,97,7,3,3,0.12549094927589408,-0.25819365438931385,NVDA,0.16443789062101452,-0.06079237163134876,MRNA,0.1128076931577693,-0.5065620428402198,QCOM,0.09922726404889844,-0.20722654869637303
2024-07,2024-07-01,2024-08-01,2024-07-01,101,97,7,1,1,0.19149428914805897,-0.2349682003688508,ARM,0.19149428914805897,-0.2349682003688508,,,,,,
2024-07,2024-07-01,2024-09-03,2024-07-01,101,97,7,2,1,0.19149428914805897,-0.22092805869642895,ARM,0.19149428914805897,-0.22092805869642895,,,,,,
2024-07,2024-07-01,2024-10-01,2024-07-01,101,97,7,3,1,0.19149428914805897,-0.1432349035933329,ARM,0.19149428914805897,-0.1432349035933329,,,,,,
2024-07,2024-07-01,2024-08-01,2024-07-01,101,97,7,1,2,0.1762557920639895,-0.178184054472105,ARM,0.19149428914805897,-0.2349682003688508,NVDA,0.16101729497992004,-0.1213999085753592,,,
2024-07,2024-07-01,2024-09-03,2024-07-01,101,97,7,2,2,0.1762557920639895,-0.17603120402461075,ARM,0.19149428914805897,-0.22092805869642895,NVDA,0.16101729497992004,-0.13113434935279256,,,
2024-07,2024-07-01,2024-10-01,2024-07-01,101,97,7,3,2,0.1762557920639895,-0.10094165604253896,ARM,0.19149428914805897,-0.1432349035933329,NVDA,0.16101729497992004,-0.05864840849174502,,,
2024-07,2024-07-01,2024-08-01,2024-07-01,101,97,7,1,3,0.14809495761943117,-0.15344723910521071,ARM,0.19149428914805897,-0.2349682003688508,NVDA,0.16101729497992004,-0.1213999085753592,AVGO,0.09177328873031455,-0.10397360837142211
2024-07,2024-07-01,2024-09-03,2024-07-01,101,97,7,2,3,0.14809495761943117,-0.14029007054558743,ARM,0.19149428914805897,-0.22092805869642895,NVDA,0.16101729497992004,-0.13113434935279256,AVGO,0.09177328873031455,-0.0688078035875408
2024-07,2024-07-01,2024-10-01,2024-07-01,101,97,7,3,3,0.14809495761943117,-0.05928849198090791,ARM,0.19149428914805897,-0.1432349035933329,NVDA,0.16101729497992004,-0.05864840849174502,AVGO,0.09177328873031455,0.0240178361423542
2024-08,2024-08-01,2024-09-03,2024-08-01,101,98,7,1,1,0.19695179620975317,-0.34282396100228985,SMCI,0.19695179620975317,-0.34282396100228985,,,,,,
2024-08,2024-08-01,2024-10-01,2024-08-01,101,98,7,2,1,0.19695179620975317,-0.3967928146773464,SMCI,0.19695179620975317,-0.3967928146773464,,,,,,
2024-08,2024-08-01,2024-11-01,2024-08-01,101,98,7,3,1,0.19695179620975317,-0.612489592772095,SMCI,0.19695179620975317,-0.612489592772095,,,,,,
2024-08,2024-08-01,2024-09-03,2024-08-01,101,98,7,1,2,0.1718281572253373,-0.16223579875341154,SMCI,0.19695179620975317,-0.34282396100228985,ARM,0.14670451824092146,0.01835236349546676,,,
2024-08,2024-08-01,2024-10-01,2024-08-01,101,98,7,2,2,0.1718281572253373,-0.13844249639030076,SMCI,0.19695179620975317,-0.3967928146773464,ARM,0.14670451824092146,0.11990782189674487,,,
2024-08,2024-08-01,2024-11-01,2024-08-01,101,98,7,3,2,0.1718281572253373,-0.22407051756034513,SMCI,0.19695179620975317,-0.612489592772095,ARM,0.14670451824092146,0.16434855765140477,,,
2024-08,2024-08-01,2024-09-03,2024-08-01,101,98,7,1,3,0.16101065677483084,-0.11185036244555342,SMCI,0.19695179620975317,-0.34282396100228985,ARM,0.14670451824092146,0.01835236349546676,NVDA,0.13937565587381787,-0.011079489829837197
2024-08,2024-08-01,2024-10-01,2024-08-01,101,98,7,2,3,0.16101065677483084,-0.0684876170814045,SMCI,0.19695179620975317,-0.3967928146773464,ARM,0.14670451824092146,0.11990782189674487,NVDA,0.13937565587381787,0.07142214153638804
2024-08,2024-08-01,2024-11-01,2024-08-01,101,98,7,3,3,0.16101065677483084,-0.06940719413503056,SMCI,0.19695179620975317,-0.612489592772095,ARM,0.14670451824092146,0.16434855765140477,NVDA,0.13937565587381787,0.23991945271559856
2024-09,2024-09-03,2024-10-01,2024-09-03,101,98,7,1,1,0.14600981294177132,0.09972526410474636,ARM,0.14600981294177132,0.09972526410474636,,,,,,
2024-09,2024-09-03,2024-11-01,2024-09-03,101,98,7,2,1,0.14600981294177132,0.14336510562494298,ARM,0.14600981294177132,0.14336510562494298,,,,,,
2024-09,2024-09-03,2024-12-02,2024-09-03,101,98,7,3,1,0.14600981294177132,0.1341522447123098,ARM,0.14600981294177132,0.1341522447123098,,,,,,
2024-09,2024-09-03,2024-10-01,2024-09-03,101,98,7,1,2,0.11986686424485846,0.09157560620841998,ARM,0.14600981294177132,0.09972526410474636,NVDA,0.0937239155479456,0.0834259483120936,,,
2024-09,2024-09-03,2024-11-01,2024-09-03,101,98,7,2,2,0.11986686424485846,0.1985880724999166,ARM,0.14600981294177132,0.14336510562494298,NVDA,0.0937239155479456,0.25381103937489025,,,
2024-09,2024-09-03,2024-12-02,2024-09-03,101,98,7,3,2,0.11986686424485846,0.20893663821231867,ARM,0.14600981294177132,0.1341522447123098,NVDA,0.0937239155479456,0.28372103171232754,,,
2024-09,2024-09-03,2024-10-01,2024-09-03,101,98,7,1,3,0.10161937803805214,0.08663556113707926,ARM,0.14600981294177132,0.09972526410474636,NVDA,0.0937239155479456,0.0834259483120936,TTD,0.06512440562443947,0.07675547099439783
2024-09,2024-09-03,2024-11-01,2024-09-03,101,98,7,2,3,0.10161937803805214,0.19254193113816256,ARM,0.14600981294177132,0.14336510562494298,NVDA,0.0937239155479456,0.25381103937489025,TTD,0.06512440562443947,0.1804496484146545
2024-09,2024-09-03,2024-12-02,2024-09-03,101,98,7,3,3,0.10161937803805214,0.25216290894540605,ARM,0.14600981294177132,0.1341522447123098,NVDA,0.0937239155479456,0.28372103171232754,TTD,0.06512440562443947,0.3386154504115808
2024-10,2024-10-01,2024-11-01,2024-10-01,101,98,7,1,1,0.08091044370389591,-0.02827466156536007,CEG,0.08091044370389591,-0.02827466156536007,,,,,,
2024-10,2024-10-01,2024-12-02,2024-10-01,101,98,7,2,1,0.08091044370389591,-0.05887767766874186,CEG,0.08091044370389591,-0.05887767766874186,,,,,,
2024-10,2024-10-01,2025-01-02,2024-10-01,101,98,7,3,1,0.08091044370389591,-0.08519802782332242,CEG,0.08091044370389591,-0.08519802782332242,,,,,,
2024-10,2024-10-01,2024-11-01,2024-10-01,101,98,7,1,2,0.07145785128886538,0.06449521965985155,CEG,0.08091044370389591,-0.02827466156536007,NVDA,0.06200525887383485,0.15726510088506318,,,
2024-10,2024-10-01,2024-12-02,2024-10-01,101,98,7,2,2,0.07145785128886538,0.06299714339047824,CEG,0.08091044370389591,-0.05887767766874186,NVDA,0.06200525887383485,0.18487196444969833,,,
2024-10,2024-10-01,2025-01-02,2024-10-01,101,98,7,3,2,0.07145785128886538,0.048510076123668644,CEG,0.08091044370389591,-0.08519802782332242,NVDA,0.06200525887383485,0.1822181800706597,,,
2024-10,2024-10-01,2024-11-01,2024-10-01,101,98,7,1,3,0.06291036548336694,0.04998801863545951,CEG,0.08091044370389591,-0.02827466156536007,NVDA,0.06200525887383485,0.15726510088506318,XEL,0.045815393872370054,0.020973616586675403
2024-10,2024-10-01,2024-12-02,2024-10-01,101,98,7,2,3,0.06291036548336694,0.07200417436181235,CEG,0.08091044370389591,-0.05887767766874186,NVDA,0.06200525887383485,0.18487196444969833,XEL,0.045815393872370054,0.09001823630448058
2024-10,2024-10-01,2025-01-02,2024-10-01,101,98,7,3,3,0.06291036548336694,0.040198754063583975,CEG,0.08091044370389591,-0.08519802782332242,NVDA,0.06200525887383485,0.1822181800706597,XEL,0.045815393872370054,0.023576109943414636
2024-11,2024-11-01,2024-12-02,2024-11-01,101,98,7,1,1,0.07042848575252628,0.02385526319209097,NVDA,0.07042848575252628,0.02385526319209097,,,,,,
2024-11,2024-11-01,2025-01-02,2024-11-01,101,98,7,2,1,0.07042848575252628,0.021562111539104256,NVDA,0.07042848575252628,0.021562111539104256,,,,,,
2024-11,2024-11-01,2025-02-03,2024-11-01,101,98,7,3,1,0.07042848575252628,-0.13834544147689187,NVDA,0.07042848575252628,-0.13834544147689187,,,,,,
2024-11,2024-11-01,2024-12-02,2024-11-01,101,98,7,1,2,0.06677740320828371,-0.003819110252160529,NVDA,0.07042848575252628,0.02385526319209097,CEG,0.06312632066404116,-0.03149348369641203,,,
2024-11,2024-11-01,2025-01-02,2024-11-01,101,98,7,2,2,0.06677740320828371,-0.018508787772894053,NVDA,0.07042848575252628,0.021562111539104256,CEG,0.06312632066404116,-0.05857968708489236,,,
2024-11,2024-11-01,2025-02-03,2024-11-01,101,98,7,3,2,0.06677740320828371,0.025152168726676916,NVDA,0.07042848575252628,-0.13834544147689187,CEG,0.06312632066404116,0.1886497789302457,,,
2024-11,2024-11-01,2024-12-02,2024-11-01,101,98,7,1,3,0.06317113675291336,0.14219112421926505,NVDA,0.07042848575252628,0.02385526319209097,CEG,0.06312632066404116,-0.03149348369641203,TSLA,0.05595860384217266,0.4342115931621162
2024-11,2024-11-01,2025-01-02,2024-11-01,101,98,7,2,3,0.06317113675291336,0.16210588444626992,NVDA,0.07042848575252628,0.021562111539104256,CEG,0.06312632066404116,-0.05857968708489236,TSLA,0.05595860384217266,0.5233352288845978
2024-11,2024-11-01,2025-02-03,2024-11-01,101,98,7,3,3,0.06317113675291336,0.19710388143466803,NVDA,0.07042848575252628,-0.13834544147689187,CEG,0.06312632066404116,0.1886497789302457,TSLA,0.05595860384217266,0.5410073068506502
2024-12,2024-12-02,2025-01-02,2024-12-02,101,98,7,1,1,0.2981833795418028,0.003493944197426435,APP,0.2981833795418028,0.003493944197426435,,,,,,
2024-12,2024-12-02,2025-02-03,2024-12-02,101,98,7,2,1,0.2981833795418028,0.07296164411964301,APP,0.2981833795418028,0.07296164411964301,,,,,,
2024-12,2024-12-02,2025-03-03,2024-12-02,101,98,7,3,1,0.2981833795418028,-0.009542264995874294,APP,0.2981833795418028,-0.009542264995874294,,,,,,
2024-12,2024-12-02,2025-01-02,2024-12-02,101,98,7,1,2,0.20614160949272647,0.032817574284400464,APP,0.2981833795418028,0.003493944197426435,TSLA,0.11409983944365017,0.06214120437137449,,,
2024-12,2024-12-02,2025-02-03,2024-12-02,101,98,7,2,2,0.20614160949272647,0.07371232757745338,APP,0.2981833795418028,0.07296164411964301,TSLA,0.11409983944365017,0.07446301103526376,,,
2024-12,2024-12-02,2025-03-03,2024-12-02,101,98,7,3,2,0.20614160949272647,-0.10620214874637479,APP,0.2981833795418028,-0.009542264995874294,TSLA,0.11409983944365017,-0.2028620324968753,,,
2024-12,2024-12-02,2025-01-02,2024-12-02,101,98,7,1,3,0.16589838012564892,0.021131808695046383,APP,0.2981833795418028,0.003493944197426435,TSLA,0.11409983944365017,0.06214120437137449,NVDA,0.08541192139149383,-0.002239722483661777
2024-12,2024-12-02,2025-02-03,2024-12-02,101,98,7,2,3,0.16589838012564892,-0.003665620838258462,APP,0.2981833795418028,0.07296164411964301,TSLA,0.11409983944365017,0.07446301103526376,NVDA,0.08541192139149383,-0.15842151766968215
2024-12,2024-12-02,2025-03-03,2024-12-02,101,98,7,3,3,0.16589838012564892,-0.12986069460831542,APP,0.2981833795418028,-0.009542264995874294,TSLA,0.11409983944365017,-0.2028620324968753,NVDA,0.08541192139149383,-0.17717778633219672
2025-01,2025-01-02,2025-02-03,2025-01-02,101,98,7,1,1,0.27213493058214355,0.06922582873957994,APP,0.27213493058214355,0.06922582873957994,,,,,,
2025-01,2025-01-02,2025-03-03,2025-01-02,101,98,7,2,1,0.27213493058214355,-0.012990819993165759,APP,0.27213493058214355,-0.012990819993165759,,,,,,
2025-01,2025-01-02,2025-04-01,2025-01-02,101,98,7,3,1,0.27213493058214355,-0.17285969566175896,APP,0.27213493058214355,-0.17285969566175896,,,,,,
2025-01,2025-01-02,2025-02-03,2025-01-02,101,98,7,1,2,0.23981931222482133,0.09146884697217339,APP,0.27213493058214355,0.06922582873957994,PLTR,0.20750369386749914,0.11371186520476684,,,
2025-01,2025-01-02,2025-03-03,2025-01-02,101,98,7,2,2,0.23981931222482133,0.04823258215870735,APP,0.27213493058214355,-0.012990819993165759,PLTR,0.20750369386749914,0.10945598431058046,,,
2025-01,2025-01-02,2025-04-01,2025-01-02,101,98,7,3,2,0.23981931222482133,-0.023323067968989863,APP,0.27213493058214355,-0.17285969566175896,PLTR,0.20750369386749914,0.12621355972377923,,,
2025-01,2025-01-02,2025-02-03,2025-01-02,101,98,7,1,3,0.20471968895411755,0.11328858215838207,APP,0.27213493058214355,0.06922582873957994,PLTR,0.20750369386749914,0.11371186520476684,MSTR,0.13452044241271,0.15692805253079944
2025-01,2025-01-02,2025-03-03,2025-01-02,101,98,7,2,3,0.20471968895411755,-0.022387582693780494,APP,0.27213493058214355,-0.012990819993165759,PLTR,0.20750369386749914,0.10945598431058046,MSTR,0.13452044241271,-0.16362791239875618
2025-01,2025-01-02,2025-04-01,2025-01-02,101,98,7,3,3,0.20471968895411755,-0.008871180061039338,APP,0.27213493058214355,-0.17285969566175896,PLTR,0.20750369386749914,0.12621355972377923,MSTR,0.13452044241271,0.020032595754861715
2025-02,2025-02-03,2025-03-03,2025-02-03,101,98,7,1,1,0.27836221199853645,-0.07689362389390075,APP,0.27836221199853645,-0.07689362389390075,,,,,,
2025-02,2025-02-03,2025-04-01,2025-02-03,101,98,7,2,1,0.27836221199853645,-0.22641196826185273,APP,0.27836221199853645,-0.22641196826185273,,,,,,
2025-02,2025-02-03,2025-05-01,2025-02-03,101,98,7,3,1,0.27836221199853645,-0.23519596002852017,APP,0.27836221199853645,-0.23519596002852017,,,,,,
2025-02,2025-02-03,2025-03-03,2025-02-03,101,98,7,1,2,0.23577782506834055,-0.040357486075129845,APP,0.27836221199853645,-0.07689362389390075,PLTR,0.19319343813814463,-0.0038213482563589363,,,
2025-02,2025-02-03,2025-04-01,2025-02-03,101,98,7,2,2,0.23577782506834055,-0.1075933589494959,APP,0.27836221199853645,-0.22641196826185273,PLTR,0.19319343813814463,0.011225250362860928,,,
2025-02,2025-02-03,2025-05-01,2025-02-03,101,98,7,3,2,0.23577782506834055,0.07621620623207509,APP,0.27836221199853645,-0.23519596002852017,PLTR,0.19319343813814463,0.38762837249267035,,,
2025-02,2025-02-03,2025-03-03,2025-02-03,101,98,7,1,3,0.21714802792511625,-0.119263360000056,APP,0.27836221199853645,-0.07689362389390075,PLTR,0.19319343813814463,-0.0038213482563589363,MSTR,0.1798884336386677,-0.2770751078499083
2025-02,2025-02-03,2025-04-01,2025-02-03,101,98,7,2,3,0.21714802792511625,-0.11117113301363246,APP,0.27836221199853645,-0.22641196826185273,PLTR,0.19319343813814463,0.011225250362860928,MSTR,0.1798884336386677,-0.11832668114190559
2025-02,2025-02-03,2025-05-01,2025-02-03,101,98,7,3,3,0.21714802792511625,0.08395303444055653,APP,0.27836221199853645,-0.23519596002852017,PLTR,0.19319343813814463,0.38762837249267035,MSTR,0.1798884336386677,0.09942669085751943
2025-03,2025-03-03,2025-04-01,2025-03-03,101,98,7,1,1,0.2837650587214467,-0.16197303825227471,APP,0.2837650587214467,-0.16197303825227471,,,,,,
2025-03,2025-03-03,2025-05-01,2025-03-03,101,98,7,2,1,0.2837650587214467,-0.17148872571152574,APP,0.2837650587214467,-0.17148872571152574,,,,,,
2025-03,2025-03-03,2025-06-02,2025-03-03,101,98,7,3,1,0.2837650587214467,0.19140928447613836,APP,0.2837650587214467,0.19140928447613836,,,,,,
2025-03,2025-03-03,2025-04-01,2025-03-03,101,98,7,1,2,0.23765429462570092,-0.07343436038790135,APP,0.2837650587214467,-0.16197303825227471,PLTR,0.19154353052995512,0.015104317476472007,,,
2025-03,2025-03-03,2025-05-01,2025-03-03,101,98,7,2,2,0.23765429462570092,0.11073129944831445,APP,0.2837650587214467,-0.17148872571152574,PLTR,0.19154353052995512,0.39295132460815463,,,
2025-03,2025-03-03,2025-06-02,2025-03-03,101,98,7,3,2,0.23765429462570092,0.3871215457647299,APP,0.2837650587214467,0.19140928447613836,PLTR,0.19154353052995512,0.5828338070533214,,,
2025-03,2025-03-03,2025-04-01,2025-03-03,101,98,7,1,3,0.20012083024282892,0.024241048713729268,APP,0.2837650587214467,-0.16197303825227471,PLTR,0.19154353052995512,0.015104317476472007,MSTR,0.125053901477085,0.2195918669169905
2025-03,2025-03-03,2025-05-01,2025-03-03,101,98,7,2,3,0.20012083024282892,0.2474220258825284,APP,0.2837650587214467,-0.17148872571152574,PLTR,0.19154353052995512,0.39295132460815463,MSTR,0.125053901477085,0.5208034787509563
2025-03,2025-03-03,2025-06-02,2025-03-03,101,98,7,3,3,0.20012083024282892,0.41928777865034506,APP,0.2837650587214467,0.19140928447613836,PLTR,0.19154353052995512,0.5828338070533214,MSTR,0.125053901477085,0.48362024442157536
2025-04,2025-04-01,2025-05-01,2025-04-01,101,98,7,1,1,0.23581772505737436,-0.011354870300838371,APP,0.23581772505737436,-0.011354870300838371,,,,,,
2025-04,2025-04-01,2025-06-02,2025-04-01,101,98,7,2,1,0.23581772505737436,0.4216837152726276,APP,0.23581772505737436,0.4216837152726276,,,,,,
2025-04,2025-04-01,2025-07-01,2025-04-01,101,98,7,3,1,0.23581772505737436,0.190979794492673,APP,0.23581772505737436,0.190979794492673,,,,,,
2025-04,2025-04-01,2025-05-01,2025-04-01,101,98,7,1,2,0.20975691944365776,0.11781125807750437,APP,0.23581772505737436,-0.011354870300838371,MSTR,0.18369611382994117,0.2469773864558471,,,
2025-04,2025-04-01,2025-06-02,2025-04-01,101,98,7,2,2,0.20975691944365776,0.3190864207015066,APP,0.23581772505737436,0.4216837152726276,MSTR,0.18369611382994117,0.21648912613038562,,,
2025-04,2025-04-01,2025-07-01,2025-04-01,101,98,7,3,2,0.20975691944365776,0.20541735492017343,APP,0.23581772505737436,0.190979794492673,MSTR,0.18369611382994117,0.21985491534767387,,,
2025-04,2025-04-01,2025-05-01,2025-04-01,101,98,7,1,3,0.196316377524226,0.20261577388394966,APP,0.23581772505737436,-0.011354870300838371,MSTR,0.18369611382994117,0.2469773864558471,PLTR,0.16943529368536245,0.3722248054968402
2025-04,2025-04-01,2025-06-02,2025-04-01,101,98,7,2,3,0.196316377524226,0.3991515864442013,APP,0.23581772505737436,0.4216837152726276,MSTR,0.18369611382994117,0.21648912613038562,PLTR,0.16943529368536245,0.5592819179295907
2025-04,2025-04-01,2025-07-01,2025-04-01,101,98,7,3,3,0.196316377524226,0.3180187192336168,APP,0.23581772505737436,0.190979794492673,MSTR,0.18369611382994117,0.21985491534767387,PLTR,0.16943529368536245,0.5432214478605035
2025-05,2025-05-01,2025-06-02,2025-05-01,101,98,7,1,1,0.19475055334146513,0.13631666741734993,PLTR,0.19475055334146513,0.13631666741734993,,,,,,
2025-05,2025-05-01,2025-07-01,2025-05-01,101,98,7,2,1,0.19475055334146513,0.12461270316546336,PLTR,0.19475055334146513,0.12461270316546336,,,,,,
2025-05,2025-05-01,2025-08-01,2025-05-01,101,98,7,3,1,0.19475055334146513,0.32762485648924655,PLTR,0.19475055334146513,0.32762485648924655,,,,,,
2025-05,2025-05-01,2025-06-02,2025-05-01,101,98,7,1,2,0.183290575868228,0.05593346874455751,PLTR,0.19475055334146513,0.13631666741734993,MSTR,0.1718305983949909,-0.02444972992823491,,,
2025-05,2025-05-01,2025-07-01,2025-05-01,101,98,7,2,2,0.183290575868228,0.05143106571036288,PLTR,0.19475055334146513,0.12461270316546336,MSTR,0.1718305983949909,-0.0217505717447376,,,
2025-05,2025-05-01,2025-08-01,2025-05-01,101,98,7,3,2,0.183290575868228,0.14419764708468502,PLTR,0.19475055334146513,0.32762485648924655,MSTR,0.1718305983949909,-0.03922956231987651,,,
2025-05,2025-05-01,2025-06-02,2025-05-01,101,98,7,1,3,0.17728420050199745,0.18329303143109424,PLTR,0.19475055334146513,0.13631666741734993,MSTR,0.1718305983949909,-0.02444972992823491,APP,0.1652714497695364,0.4380121568041677
2025-05,2025-05-01,2025-07-01,2025-05-01,101,98,7,2,3,0.17728420050199745,0.10250688911520793,PLTR,0.19475055334146513,0.12461270316546336,MSTR,0.1718305983949909,-0.0217505717447376,APP,0.1652714497695364,0.20465853592489802
2025-05,2025-05-01,2025-08-01,2025-05-01,101,98,7,3,3,0.17728420050199745,0.21501500046950264,PLTR,0.19475055334146513,0.32762485648924655,MSTR,0.1718305983949909,-0.03922956231987651,APP,0.1652714497695364,0.3566497072391379
2025-06,2025-06-02,2025-07-01,2025-06-02,101,98,7,1,1,0.19283105828802433,-0.010299914264645715,PLTR,0.19283105828802433,-0.010299914264645715,,,,,,
2025-06,2025-06-02,2025-08-01,2025-06-02,101,98,7,2,1,0.19283105828802433,0.16835816507620782,PLTR,0.19283105828802433,0.16835816507620782,,,,,,
2025-06,2025-06-02,2025-09-02,2025-06-02,101,98,7,3,1,0.19283105828802433,0.18971527056559334,PLTR,0.19283105828802433,0.18971527056559334,,,,,,
2025-06,2025-06-02,2025-07-01,2025-06-02,101,98,7,1,2,0.19236177935140458,-0.08628752602390782,PLTR,0.19283105828802433,-0.010299914264645715,APP,0.19189250041478484,-0.16227513778316993,,,
2025-06,2025-06-02,2025-08-01,2025-06-02,101,98,7,2,2,0.19236177935140458,0.05588917929213644,PLTR,0.19283105828802433,0.16835816507620782,APP,0.19189250041478484,-0.05657980649193495,,,
2025-06,2025-06-02,2025-09-02,2025-06-02,101,98,7,3,2,0.19236177935140458,0.19415848198593622,PLTR,0.19283105828802433,0.18971527056559334,APP,0.19189250041478484,0.1986016934062791,,,
2025-06,2025-06-02,2025-07-01,2025-06-02,101,98,7,1,3,0.16473715447694487,-0.05660274873626344,PLTR,0.19283105828802433,-0.010299914264645715,APP,0.19189250041478484,-0.16227513778316993,MSTR,0.10948790472802543,0.0027668058390253325
2025-06,2025-06-02,2025-08-01,2025-06-02,101,98,7,2,3,0.16473715447694487,0.032209368874618116,PLTR,0.19283105828802433,0.16835816507620782,APP,0.19189250041478484,-0.05657980649193495,MSTR,0.10948790472802543,-0.015150251960418526
2025-06,2025-06-02,2025-09-02,2025-06-02,101,98,7,3,3,0.16473715447694487,0.10199475414510122,PLTR,0.19283105828802433,0.18971527056559334,APP,0.19189250041478484,0.1986016934062791,MSTR,0.10948790472802543,-0.0823327015365688
2025-07,2025-07-01,2025-08-01,2025-07-01,101,98,7,1,1,0.10796950330056383,0.1805173930121562,PLTR,0.10796950330056383,0.1805173930121562,,,,,,
2025-07,2025-07-01,2025-09-02,2025-07-01,101,98,7,2,1,0.10796950330056383,0.2020967641743976,PLTR,0.10796950330056383,0.2020967641743976,,,,,,
2025-07,2025-07-01,2025-10-01,2025-07-01,101,98,7,3,1,0.10796950330056383,0.41528931216812603,PLTR,0.10796950330056383,0.41528931216812603,,,,,,
2025-07,2025-07-01,2025-08-01,2025-07-01,101,98,7,1,2,0.09658956842179695,0.13539734829214245,PLTR,0.10796950330056383,0.1805173930121562,AVGO,0.08520963354303004,0.09027730357212871,,,
2025-07,2025-07-01,2025-09-02,2025-07-01,101,98,7,2,2,0.09658956842179695,0.1643180275499222,PLTR,0.10796950330056383,0.2020967641743976,AVGO,0.08520963354303004,0.1265392909254468,,,
2025-07,2025-07-01,2025-10-01,2025-07-01,101,98,7,3,2,0.09658956842179695,0.3383790335397131,PLTR,0.10796950330056383,0.41528931216812603,AVGO,0.08520963354303004,0.26146875491130017,,,
2025-07,2025-07-01,2025-08-01,2025-07-01,101,98,7,1,3,0.08581550644281517,0.060925212035670105,PLTR,0.10796950330056383,0.1805173930121562,AVGO,0.08520963354303004,0.09027730357212871,ZS,0.06426738248485164,-0.08801906047727459
2025-07,2025-07-01,2025-09-02,2025-07-01,101,98,7,2,3,0.08581550644281517,0.07402320408022052,PLTR,0.10796950330056383,0.2020967641743976,AVGO,0.08520963354303004,0.1265392909254468,ZS,0.06426738248485164,-0.10656644285918282
2025-07,2025-07-01,2025-10-01,2025-07-01,101,98,7,3,3,0.08581550644281517,0.2225598515081136,PLTR,0.10796950330056383,0.41528931216812603,AVGO,0.08520963354303004,0.26146875491130017,ZS,0.06426738248485164,-0.009078512555085405
2025-08,2025-08-01,2025-09-02,2025-08-01,101,99,7,1,1,0.11482196944094007,0.018279587653664775,PLTR,0.11482196944094007,0.018279587653664775,,,,,,
2025-08,2025-08-01,2025-10-01,2025-08-01,101,99,7,2,1,0.11482196944094007,0.19887205435994137,PLTR,0.11482196944094007,0.19887205435994137,,,,,,
2025-08,2025-08-01,2025-11-03,2025-08-01,101,99,7,3,1,0.11482196944094007,0.34297003265699266,PLTR,0.11482196944094007,0.34297003265699266,,,,,,
2025-08,2025-08-01,2025-09-02,2025-08-01,101,99,7,1,2,0.09245551177480245,-0.0010289397388136279,PLTR,0.11482196944094007,0.018279587653664775,ZS,0.07008905410866482,-0.02033746713129203,,,
2025-08,2025-08-01,2025-10-01,2025-08-01,101,99,7,2,2,0.09245551177480245,0.14271574087853867,PLTR,0.11482196944094007,0.19887205435994137,ZS,0.07008905410866482,0.08655942739713596,,,
2025-08,2025-08-01,2025-11-03,2025-08-01,101,99,7,3,2,0.09245551177480245,0.2713886845683168,PLTR,0.11482196944094007,0.34297003265699266,ZS,0.07008905410866482,0.19980733647964088,,,
2025-08,2025-08-01,2025-09-02,2025-08-01,101,99,7,1,3,0.08400516979944267,-0.033170832267015116,PLTR,0.11482196944094007,0.018279587653664775,ZS,0.07008905410866482,-0.02033746713129203,CEG,0.06710448584872312,-0.09745461732341809
2025-08,2025-08-01,2025-10-01,2025-08-01,101,99,7,2,3,0.08400516979944267,0.1054665787630713,PLTR,0.11482196944094007,0.19887205435994137,ZS,0.07008905410866482,0.08655942739713596,CEG,0.06710448584872312,0.030968254532136585
2025-08,2025-08-01,2025-11-03,2025-08-01,101,99,7,3,3,0.08400516979944267,0.217505067665999,PLTR,0.11482196944094007,0.34297003265699266,ZS,0.07008905410866482,0.19980733647964088,CEG,0.06710448584872312,0.10973783386136349
2025-09,2025-09-02,2025-10-01,2025-09-02,101,99,7,1,1,0.10118878693363978,0.17735057139110544,PLTR,0.10118878693363978,0.17735057139110544,,,,,,
2025-09,2025-09-02,2025-11-03,2025-09-02,101,99,7,2,1,0.10118878693363978,0.3188617830899316,PLTR,0.10118878693363978,0.3188617830899316,,,,,,
2025-09,2025-09-02,2025-12-01,2025-09-02,101,99,7,3,1,0.10118878693363978,0.06620414665300323,PLTR,0.10118878693363978,0.06620414665300323,,,,,,
2025-09,2025-09-02,2025-10-01,2025-09-02,101,99,7,1,2,0.0810640898868809,0.09388101236620772,PLTR,0.10118878693363978,0.17735057139110544,AMD,0.060939392840122,0.010411453341309995,,,
2025-09,2025-09-02,2025-11-03,2025-09-02,101,99,7,2,2,0.0810640898868809,0.459239855876326,PLTR,0.10118878693363978,0.3188617830899316,AMD,0.060939392840122,0.5996179286627203,,,
2025-09,2025-09-02,2025-12-01,2025-09-02,101,99,7,3,2,0.0810640898868809,0.21003647632922673,PLTR,0.10118878693363978,0.06620414665300323,AMD,0.060939392840122,0.35386880600545023,,,
2025-09,2025-09-02,2025-10-01,2025-09-02,101,99,7,1,3,0.0741460842040056,0.21644947098467857,PLTR,0.10118878693363978,0.17735057139110544,AMD,0.060939392840122,0.010411453341309995,APP,0.060310072838255034,0.46158638822162024
2025-09,2025-09-02,2025-11-03,2025-09-02,101,99,7,2,3,0.0741460842040056,0.41023618470544765,PLTR,0.10118878693363978,0.3188617830899316,AMD,0.060939392840122,0.5996179286627203,APP,0.060310072838255034,0.312228842363691
2025-09,2025-09-02,2025-12-01,2025-09-02,101,99,7,3,3,0.0741460842040056,0.23818442981064067,PLTR,0.10118878693363978,0.06620414665300323,AMD,0.060939392840122,0.35386880600545023,APP,0.060310072838255034,0.2944803367734685
2025-10,2025-10-01,2025-11-03,2025-10-01,101,99,7,1,1,0.13723578885475804,-0.10218865409636135,APP,0.13723578885475804,-0.10218865409636135,,,,,,
2025-10,2025-10-01,2025-12-01,2025-10-01,101,99,7,2,1,0.13723578885475804,-0.11433197024465813,APP,0.13723578885475804,-0.11433197024465813,,,,,,
2025-10,2025-10-01,2026-01-02,2025-10-01,101,99,7,3,1,0.13723578885475804,-0.1218168362848524,APP,0.13723578885475804,-0.1218168362848524,,,,,,
2025-10,2025-10-01,2025-11-03,2025-10-01,101,99,7,1,2,0.1321531392975892,0.0090029859941117,APP,0.13723578885475804,-0.10218865409636135,PLTR,0.1270704897404204,0.12019462608458475,,,
2025-10,2025-10-01,2025-12-01,2025-10-01,101,99,7,2,2,0.1321531392975892,-0.10436790927257455,APP,0.13723578885475804,-0.11433197024465813,PLTR,0.1270704897404204,-0.09440384830049098,,,
2025-10,2025-10-01,2026-01-02,2025-10-01,101,99,7,3,2,0.1321531392975892,-0.10711008513318915,APP,0.13723578885475804,-0.1218168362848524,PLTR,0.1270704897404204,-0.09240333398152589,,,
2025-10,2025-10-01,2025-11-03,2025-10-01,101,99,7,1,3,0.13033709647087532,0.10243718938147939,APP,0.13723578885475804,-0.10218865409636135,PLTR,0.1270704897404204,0.12019462608458475,MU,0.12670501081744753,0.28930559615621476
2025-10,2025-10-01,2025-12-01,2025-10-01,101,99,7,2,3,0.13033709647087532,0.03740394461516224,APP,0.13723578885475804,-0.11433197024465813,PLTR,0.1270704897404204,-0.09440384830049098,MU,0.12670501081744753,0.32094765239063583
2025-10,2025-10-01,2026-01-02,2025-10-01,101,99,7,3,3,0.13033709647087532,0.17307146571724322,APP,0.13723578885475804,-0.1218168362848524,PLTR,0.1270704897404204,-0.09240333398152589,MU,0.12670501081744753,0.733434567418108
2025-11,2025-11-03,2025-12-01,2025-11-03,102,100,7,1,1,0.17073957455059596,0.024541936627557437,MU,0.17073957455059596,0.024541936627557437,,,,,,
2025-11,2025-11-03,2026-01-02,2025-11-03,102,100,7,2,1,0.17073957455059596,0.34447145237402776,MU,0.17073957455059596,0.34447145237402776,,,,,,
2025-11,2025-11-03,2026-02-02,2025-11-03,102,100,7,3,1,0.17073957455059596,0.8661134983384711,MU,0.17073957455059596,0.8661134983384711,,,,,,
2025-11,2025-11-03,2025-12-01,2025-11-03,102,100,7,1,2,0.16495348916807623,-0.06454397550931162,MU,0.17073957455059596,0.024541936627557437,AMD,0.15916740378555647,-0.15362988764618069,,,
2025-11,2025-11-03,2026-01-02,2025-11-03,102,100,7,2,2,0.16495348916807623,0.1025650280813839,MU,0.17073957455059596,0.34447145237402776,AMD,0.15916740378555647,-0.13934139621125996,,,
2025-11,2025-11-03,2026-02-02,2025-11-03,102,100,7,3,2,0.16495348916807623,0.4072913150491837,MU,0.17073957455059596,0.8661134983384711,AMD,0.15916740378555647,-0.05153086824010367,,,
2025-11,2025-11-03,2025-12-01,2025-11-03,102,100,7,1,3,0.15856113116629936,-0.047537805418501354,MU,0.17073957455059596,0.024541936627557437,AMD,0.15916740378555647,-0.15362988764618069,APP,0.14577641516274564,-0.013525465236880807
2025-11,2025-11-03,2026-01-02,2025-11-03,102,100,7,2,3,0.15856113116629936,0.06108926645930816,MU,0.17073957455059596,0.34447145237402776,AMD,0.15916740378555647,-0.13934139621125996,APP,0.14577641516274564,-0.021862256784843326
2025-11,2025-11-03,2026-02-02,2025-11-03,102,100,7,3,3,0.15856113116629936,0.19288462081075516,MU,0.17073957455059596,0.8661134983384711,AMD,0.15916740378555647,-0.05153086824010367,APP,0.14577641516274564,-0.23592876766610194
2025-12,2025-12-01,2026-01-02,2025-12-01,101,99,7,1,1,0.1918631565243755,0.3122659056783652,MU,0.1918631565243755,0.3122659056783652,,,,,,
2025-12,2025-12-01,2026-02-02,2025-12-01,101,99,7,2,1,0.1918631565243755,0.8214125079946266,MU,0.1918631565243755,0.8214125079946266,,,,,,
2025-12,2025-12-01,2026-03-02,2025-12-01,101,99,7,3,1,0.1918631565243755,0.7168624515169448,MU,0.1918631565243755,0.7168624515169448,,,,,,
2025-12,2025-12-01,2026-01-02,2025-12-01,101,99,7,1,2,0.18504482866075694,0.25332606608830344,MU,0.1918631565243755,0.3122659056783652,WBD,0.17822650079713842,0.19438622649824167,,,
2025-12,2025-12-01,2026-02-02,2025-12-01,101,99,7,2,2,0.18504482866075694,0.487162045580928,MU,0.1918631565243755,0.8214125079946266,WBD,0.17822650079713842,0.15291158316722941,,,
2025-12,2025-12-01,2026-03-02,2025-12-01,101,99,7,3,2,0.18504482866075694,0.45541486626921357,MU,0.1918631565243755,0.7168624515169448,WBD,0.17822650079713842,0.1939672810214823,,,
2025-12,2025-12-01,2026-01-02,2025-12-01,101,99,7,1,3,0.17194340322743976,0.1745114054327969,MU,0.1918631565243755,0.3122659056783652,WBD,0.17822650079713842,0.19438622649824167,AMD,0.14574055236080546,0.016882084121783825
2025-12,2025-12-01,2026-02-02,2025-12-01,101,99,7,2,3,0.17194340322743976,0.3649852455739653,MU,0.1918631565243755,0.8214125079946266,WBD,0.17822650079713842,0.15291158316722941,AMD,0.14574055236080546,0.1206316455600398
2025-12,2025-12-01,2026-03-02,2025-12-01,101,99,7,3,3,0.17194340322743976,0.2715446276310167,MU,0.1918631565243755,0.7168624515169448,WBD,0.17822650079713842,0.1939672810214823,AMD,0.14574055236080546,-0.09619584964537697
2026-01,2026-01-02,2026-02-02,2026-01-02,101,99,7,1,1,0.2120590027551758,0.4396909914190774,WDC,0.2120590027551758,0.4396909914190774,,,,,,
2026-01,2026-01-02,2026-03-02,2026-01-02,101,99,7,2,1,0.2120590027551758,0.43889167976134225,WDC,0.2120590027551758,0.43889167976134225,,,,,,
2026-01,2026-01-02,2026-04-01,2026-01-02,101,99,7,3,1,0.2120590027551758,0.5869606243387386,WDC,0.2120590027551758,0.5869606243387386,,,,,,
2026-01,2026-01-02,2026-02-02,2026-01-02,101,99,7,1,2,0.2055200360809452,0.41384070663177264,WDC,0.2120590027551758,0.4396909914190774,MU,0.19898106940671464,0.38799042184446786,,,
2026-01,2026-01-02,2026-03-02,2026-01-02,101,99,7,2,2,0.2055200360809452,0.37360535286040786,WDC,0.2120590027551758,0.43889167976134225,MU,0.19898106940671464,0.30831902595947347,,,
2026-01,2026-01-02,2026-04-01,2026-01-02,101,99,7,3,2,0.2055200360809452,0.37683659699897076,WDC,0.2120590027551758,0.5869606243387386,MU,0.19898106940671464,0.1667125696592029,,,
2026-01,2026-01-02,2026-02-02,2026-01-02,101,99,7,1,3,0.1968101266548272,0.2643189211852373,WDC,0.2120590027551758,0.4396909914190774,MU,0.19898106940671464,0.38799042184446786,WBD,0.17939030780259113,-0.03472464970783329
2026-01,2026-01-02,2026-03-02,2026-01-02,101,99,7,2,3,0.1968101266548272,0.24895331452471528,WDC,0.2120590027551758,0.43889167976134225,MU,0.19898106940671464,0.30831902595947347,WBD,0.17939030780259113,-0.0003507621466698474
2026-01,2026-01-02,2026-04-01,2026-01-02,101,99,7,3,3,0.1968101266548272,0.23929875261669975,WDC,0.2120590027551758,0.5869606243387386,MU,0.19898106940671464,0.1667125696592029,WBD,0.17939030780259113,-0.035776936147842275
2026-02,2026-02-02,2026-03-02,2026-02-02,101,99,7,1,1,0.24265743709062076,-0.000555196679356329,WDC,0.24265743709062076,-0.000555196679356329,,,,,,
2026-02,2026-02-02,2026-04-01,2026-02-02,101,99,7,2,1,0.24265743709062076,0.10229252929790178,WDC,0.24265743709062076,0.10229252929790178,,,,,,
2026-02,2026-02-02,2026-05-01,2026-02-02,101,99,7,3,1,0.24265743709062076,0.5976260961205873,WDC,0.24265743709062076,0.5976260961205873,,,,,,
2026-02,2026-02-02,2026-03-02,2026-02-02,101,99,7,1,2,0.23201073237028452,-0.028977866955048337,WDC,0.24265743709062076,-0.000555196679356329,MU,0.22136402764994828,-0.057400537230740345,,,
2026-02,2026-02-02,2026-04-01,2026-02-02,101,99,7,2,2,0.23201073237028452,-0.02856532726939026,WDC,0.24265743709062076,0.10229252929790178,MU,0.22136402764994828,-0.1594231838366823,,,
2026-02,2026-02-02,2026-05-01,2026-02-02,101,99,7,3,2,0.23201073237028452,0.4183171757034049,WDC,0.24265743709062076,0.5976260961205873,MU,0.22136402764994828,0.2390082552862225,,,
2026-02,2026-02-02,2026-03-02,2026-02-02,101,99,7,1,3,0.2167673323796402,-0.06045498142247826,WDC,0.24265743709062076,-0.000555196679356329,MU,0.22136402764994828,-0.057400537230740345,STX,0.18628053239835157,-0.1234092103573381
2026-02,2026-02-02,2026-04-01,2026-02-02,101,99,7,2,3,0.2167673323796402,-0.026043544535469126,WDC,0.24265743709062076,0.10229252929790178,MU,0.22136402764994828,-0.1594231838366823,STX,0.18628053239835157,-0.02099997906762685
2026-02,2026-02-02,2026-05-01,2026-02-02,101,99,7,3,3,0.2167673323796402,0.5061930348836344,WDC,0.24265743709062076,0.5976260961205873,MU,0.22136402764994828,0.2390082552862225,STX,0.18628053239835157,0.6819447532440934
2026-03,2026-03-02,2026-04-01,2026-03-02,101,99,7,1,1,0.23196649719957133,-0.10823541773110079,MU,0.23196649719957133,-0.10823541773110079,,,,,,
2026-03,2026-03-02,2026-05-01,2026-03-02,101,99,7,2,1,0.23196649719957133,0.31445890245486097,MU,0.23196649719957133,0.31445890245486097,,,,,,
2026-03,2026-03-02,2026-06-01,2026-03-02,101,99,7,3,1,0.23196649719957133,1.5103229355775212,MU,0.23196649719957133,1.5103229355775212,,,,,,
2026-03,2026-03-02,2026-04-01,2026-03-02,101,99,7,1,2,0.22305149036001204,-0.002665279659081088,MU,0.23196649719957133,-0.10823541773110079,WDC,0.21413648352045275,0.10290485841293862,,,
2026-03,2026-03-02,2026-05-01,2026-03-02,101,99,7,2,2,0.22305149036001204,0.45648624400502724,MU,0.23196649719957133,0.31445890245486097,WDC,0.21413648352045275,0.5985135855551935,,,
2026-03,2026-03-02,2026-06-01,2026-03-02,101,99,7,3,2,0.22305149036001204,1.2668274141048659,MU,0.23196649719957133,1.5103229355775212,WDC,0.21413648352045275,1.0233318926322106,,,
2026-03,2026-03-02,2026-04-01,2026-03-02,101,99,7,1,3,0.20171021968486702,0.03716538862548328,MU,0.23196649719957133,-0.10823541773110079,WDC,0.21413648352045275,0.10290485841293862,STX,0.15902767833457696,0.11682672519461201
2026-03,2026-03-02,2026-05-01,2026-03-02,101,99,7,2,3,0.20171021968486702,0.6105689057957246,MU,0.23196649719957133,0.31445890245486097,WDC,0.21413648352045275,0.5985135855551935,STX,0.15902767833457696,0.9187342293771195
2026-03,2026-03-02,2026-06-01,2026-03-02,101,99,7,3,3,0.20171021968486702,1.3217746040275513,MU,0.23196649719957133,1.5103229355775212,WDC,0.21413648352045275,1.0233318926322106,STX,0.15902767833457696,1.431668983872922
2026-04,2026-04-01,2026-05-01,2026-04-01,101,99,7,1,1,0.21883436863043432,0.4493667095232743,WDC,0.21883436863043432,0.4493667095232743,,,,,,
2026-04,2026-04-01,2026-06-01,2026-04-01,101,99,7,2,1,0.21883436863043432,0.8345479913324083,WDC,0.21883436863043432,0.8345479913324083,,,,,,
2026-04,2026-04-01,2026-07-01,2026-04-01,101,99,7,3,1,0.21883436863043432,1.0102978930794646,WDC,0.21883436863043432,1.0102978930794646,,,,,,
2026-04,2026-04-01,2026-05-01,2026-04-01,101,99,7,1,2,0.20840703825751317,0.46168218191314203,WDC,0.21883436863043432,0.4493667095232743,MU,0.19797970788459202,0.4739976543030098,,,
2026-04,2026-04-01,2026-06-01,2026-04-01,101,99,7,2,2,0.20840703825751317,1.324777155968083,WDC,0.21883436863043432,0.8345479913324083,MU,0.19797970788459202,1.8150063206037577,,,
2026-04,2026-04-01,2026-07-01,2026-04-01,101,99,7,3,2,0.20840703825751317,1.4082753532215253,WDC,0.21883436863043432,1.0102978930794646,MU,0.19797970788459202,1.806252813363586,,,
2026-04,2026-04-01,2026-05-01,2026-04-01,101,99,7,1,3,0.19268424304596188,0.5471291894680704,WDC,0.21883436863043432,0.4493667095232743,MU,0.19797970788459202,0.4739976543030098,STX,0.1612386526228593,0.7180232045779271
2026-04,2026-04-01,2026-06-01,2026-04-01,101,99,7,2,3,0.19268424304596188,1.2756187472019558,WDC,0.21883436863043432,0.8345479913324083,MU,0.19797970788459202,1.8150063206037577,STX,0.1612386526228593,1.1773019296697012
2026-04,2026-04-01,2026-07-01,2026-04-01,101,99,7,3,3,0.19268424304596188,1.3270163630382952,WDC,0.21883436863043432,1.0102978930794646,MU,0.19797970788459202,1.806252813363586,STX,0.1612386526228593,1.1644983826718347
2026-05,2026-05-01,2026-06-01,2026-05-01,101,99,7,1,1,0.4591481106813783,0.48393433337062963,SNDK,0.4591481106813783,0.48393433337062963,,,,,,
2026-05,2026-05-01,2026-07-01,2026-05-01,101,99,7,2,1,0.4591481106813783,0.7120640022772746,SNDK,0.4591481106813783,0.7120640022772746,,,,,,
2026-05,2026-05-01,2026-08-03,2026-05-01,101,99,7,3,1,0.4591481106813783,0.08511375677917021,SNDK,0.4591481106813783,0.08511375677917021,,,,,,
2026-05,2026-05-01,2026-06-01,2026-05-01,101,99,7,1,2,0.3294020448789583,0.2907023544827563,SNDK,0.4591481106813783,0.48393433337062963,INTC,0.19965597907653826,0.09747037559488292,,,
2026-05,2026-05-01,2026-07-01,2026-05-01,101,99,7,2,2,0.3294020448789583,0.49355455253921154,SNDK,0.4591481106813783,0.7120640022772746,INTC,0.19965597907653826,0.27504510280114847,,,
2026-05,2026-05-01,2026-08-03,2026-05-01,101,99,7,3,2,0.3294020448789583,-0.0007075389408882082,SNDK,0.4591481106813783,0.08511375677917021,INTC,0.19965597907653826,-0.08652883466094663,,,
2026-05,2026-05-01,2026-06-01,2026-05-01,101,99,7,1,3,0.28555568273344933,0.2823876809266765,SNDK,0.4591481106813783,0.48393433337062963,INTC,0.19965597907653826,0.09747037559488292,WDC,0.1978629584424314,0.26575833381451686
2026-05,2026-05-01,2026-07-01,2026-05-01,101,99,7,2,3,0.28555568273344933,0.45804240938196844,SNDK,0.4591481106813783,0.7120640022772746,INTC,0.19965597907653826,0.27504510280114847,WDC,0.1978629584424314,0.3870181230674823
2026-05,2026-05-01,2026-08-03,2026-05-01,101,99,7,3,3,0.28555568273344933,0.07355923218471165,SNDK,0.4591481106813783,0.08511375677917021,INTC,0.19965597907653826,-0.08652883466094663,WDC,0.1978629584424314,0.22209277443591136
2026-06,2026-06-01,2026-07-01,2026-06-01,101,99,7,1,1,0.4269771074794583,0.15373299463222745,SNDK,0.4269771074794583,0.15373299463222745,,,,,,
2026-06,2026-06-01,2026-08-03,2026-06-01,101,99,7,2,1,0.4269771074794583,-0.2687589117812058,SNDK,0.4269771074794583,-0.2687589117812058,,,,,,
2026-06,2026-06-01,2026-09-01,2026-06-01,101,99,7,3,1,0.4269771074794583,-0.12748735501625652,SNDK,0.4269771074794583,-0.12748735501625652,,,,,,
2026-06,2026-06-01,2026-07-01,2026-06-01,101,99,7,1,2,0.3522697413026137,0.07531170378401708,SNDK,0.4269771074794583,0.15373299463222745,MU,0.27756237512576903,-0.0031095870641932866,,,
2026-06,2026-06-01,2026-08-03,2026-06-01,101,99,7,2,2,0.3522697413026137,-0.23378673138582123,SNDK,0.4269771074794583,-0.2687589117812058,MU,0.27756237512576903,-0.19881455099043666,,,
2026-06,2026-06-01,2026-09-01,2026-06-01,101,99,7,3,2,0.3522697413026137,-0.11295492073928798,SNDK,0.4269771074794583,-0.12748735501625652,MU,0.27756237512576903,-0.09842248646231944,,,
2026-06,2026-06-01,2026-07-01,2026-06-01,101,99,7,1,3,0.32652054655339663,0.011961015467256772,SNDK,0.4269771074794583,0.15373299463222745,MU,0.27756237512576903,-0.0031095870641932866,LITE,0.2750221570549624,-0.11474036116626385
2026-06,2026-06-01,2026-08-03,2026-06-01,101,99,7,2,3,0.32652054655339663,-0.20193884683605853,SNDK,0.4269771074794583,-0.2687589117812058,MU,0.27756237512576903,-0.19881455099043666,LITE,0.2750221570549624,-0.1382430777365331
2026-06,2026-06-01,2026-09-01,2026-06-01,101,99,7,3,3,0.32652054655339663,-0.08858136071126337,SNDK,0.4269771074794583,-0.12748735501625652,MU,0.27756237512576903,-0.09842248646231944,LITE,0.2750221570549624,-0.039834240655214126
2026-07,2026-07-01,2026-08-03,2026-07-01,101,100,7,1,1,0.44675825226394433,-0.36619556550700005,SNDK,0.44675825226394433,-0.36619556550700005,,,,,,
2026-07,2026-07-01,2026-09-01,2026-07-01,101,100,7,2,1,0.44675825226394433,-0.24374820773685835,SNDK,0.44675825226394433,-0.24374820773685835,,,,,,
2026-07,2026-07-01,2026-08-03,2026-07-01,101,100,7,1,2,0.3601852048597316,-0.28125549466784133,SNDK,0.44675825226394433,-0.36619556550700005,MU,0.2736121574555189,-0.1963154238286826,,,
2026-07,2026-07-01,2026-09-01,2026-07-01,101,100,7,2,2,0.3601852048597316,-0.16967920769996925,SNDK,0.44675825226394433,-0.24374820773685835,MU,0.2736121574555189,-0.09561020766308015,,,
2026-07,2026-07-01,2026-08-03,2026-07-01,101,100,7,1,3,0.3137403863979127,-0.21814575446896947,SNDK,0.44675825226394433,-0.36619556550700005,MU,0.2736121574555189,-0.1963154238286826,STX,0.22085074947427488,-0.09192627407122578
2026-07,2026-07-01,2026-09-01,2026-07-01,101,100,7,2,3,0.3137403863979127,-0.14901365911306233,SNDK,0.44675825226394433,-0.24374820773685835,MU,0.2736121574555189,-0.09561020766308015,STX,0.22085074947427488,-0.10768256193924852
2026-08,2026-08-03,2026-09-01,2026-08-03,101,100,7,1,1,0.35021510376854786,0.19319422696701571,SNDK,0.35021510376854786,0.19319422696701571,,,,,,
2026-08,2026-08-03,2026-09-01,2026-08-03,101,100,7,1,2,0.2755863927901014,0.15924931507567552,SNDK,0.35021510376854786,0.19319422696701571,MU,0.20095768181165494,0.12530440318433533,,,
2026-08,2026-08-03,2026-09-01,2026-08-03,101,100,7,1,3,0.24975603875615274,0.10038243302217464,SNDK,0.35021510376854786,0.19319422696701571,MU,0.20095768181165494,0.12530440318433533,STX,0.1980953306882555,-0.017351331084827115
