decision_month,decision_date,sell_date,universe_asof_date,raw_universe_size,available_universe_size,momentum_window,holding_months,top_n,avg_momentum,holding_return,stock_1,mom_1,stock_1_return,stock_2,mom_2,stock_2_return,stock_3,mom_3,stock_3_return
2016-01,2016-01-04,2016-02-01,2016-01-04,104,73,4,1,1,0.1183064454983554,-0.0720760301197626,TCOM,0.1183064454983554,-0.0720760301197626,,,,,,
2016-01,2016-01-04,2016-03-01,2016-01-04,104,73,4,2,1,0.1183064454983554,-0.07362364738158089,TCOM,0.1183064454983554,-0.07362364738158089,,,,,,
2016-01,2016-01-04,2016-04-01,2016-01-04,104,73,4,3,1,0.1183064454983554,-0.008622535887117921,TCOM,0.1183064454983554,-0.008622535887117921,,,,,,
2016-01,2016-01-04,2016-02-01,2016-01-04,104,73,4,1,2,0.11444386285767132,-0.08345845298140131,TCOM,0.1183064454983554,-0.0720760301197626,NVDA,0.11058128021698724,-0.09484087584304002,,,
2016-01,2016-01-04,2016-03-01,2016-01-04,104,73,4,2,2,0.11444386285767132,-0.02909914350037507,TCOM,0.1183064454983554,-0.07362364738158089,NVDA,0.11058128021698724,0.015425360380830755,,,
2016-01,2016-01-04,2016-04-01,2016-01-04,104,73,4,3,2,0.11444386285767132,0.05611052786124304,TCOM,0.1183064454983554,-0.008622535887117921,NVDA,0.11058128021698724,0.120843591609604,,,
2016-01,2016-01-04,2016-02-01,2016-01-04,104,73,4,1,3,0.1108237895690259,-0.06325773158063393,TCOM,0.1183064454983554,-0.0720760301197626,NVDA,0.11058128021698724,-0.09484087584304002,KLAC,0.10358364299173511,-0.022856288779099176
2016-01,2016-01-04,2016-03-01,2016-01-04,104,73,4,2,3,0.1108237895690259,-0.015255557413832332,TCOM,0.1183064454983554,-0.07362364738158089,NVDA,0.11058128021698724,0.015425360380830755,KLAC,0.10358364299173511,0.01243161475925314
2016-01,2016-01-04,2016-04-01,2016-01-04,104,73,4,3,3,0.1108237895690259,0.061462872488360874,TCOM,0.1183064454983554,-0.008622535887117921,NVDA,0.11058128021698724,0.120843591609604,KLAC,0.10358364299173511,0.07216756174259653
2016-02,2016-02-01,2016-03-01,2016-02-01,105,74,4,1,1,0.10697277576877132,-0.001667827658356602,TCOM,0.10697277576877132,-0.001667827658356602,,,,,,
2016-02,2016-02-01,2016-04-01,2016-02-01,105,74,4,2,1,0.10697277576877132,0.06838221265136002,TCOM,0.10697277576877132,0.06838221265136002,,,,,,
2016-02,2016-02-01,2016-05-02,2016-02-01,105,74,4,3,1,0.10697277576877132,0.06123423630691205,TCOM,0.10697277576877132,0.06123423630691205,,,,,,
2016-02,2016-02-01,2016-03-01,2016-02-01,105,74,4,1,2,0.09833517776658446,0.01722274617544972,TCOM,0.10697277576877132,-0.001667827658356602,KLAC,0.0896975797643976,0.036113320009256045,,,
2016-02,2016-02-01,2016-04-01,2016-02-01,105,74,4,2,2,0.09833517776658446,0.08281437915162249,TCOM,0.10697277576877132,0.06838221265136002,KLAC,0.0896975797643976,0.09724654565188495,,,
2016-02,2016-02-01,2016-05-02,2016-02-01,105,74,4,3,2,0.09833517776658446,0.056859807533339635,TCOM,0.10697277576877132,0.06123423630691205,KLAC,0.0896975797643976,0.05248537875976722,,,
2016-02,2016-02-01,2016-03-01,2016-02-01,105,74,4,1,3,0.09467541056351064,0.08528045338716206,TCOM,0.10697277576877132,-0.001667827658356602,KLAC,0.0896975797643976,0.036113320009256045,MAT,0.08735587615736301,0.22139586781058673
2016-02,2016-02-01,2016-04-01,2016-02-01,105,74,4,2,3,0.09467541056351064,0.15411484466087,TCOM,0.10697277576877132,0.06838221265136002,KLAC,0.0896975797643976,0.09724654565188495,MAT,0.08735587615736301,0.296715775679365
2016-02,2016-02-01,2016-05-02,2016-02-01,105,74,4,3,3,0.09467541056351064,0.09984576508213434,TCOM,0.10697277576877132,0.06123423630691205,KLAC,0.0896975797643976,0.05248537875976722,MAT,0.08735587615736301,0.18581768017972378
2016-03,2016-03-01,2016-04-01,2016-03-01,105,74,4,1,1,0.07803015302753052,0.06166707277616146,MAT,0.07803015302753052,0.06166707277616146,,,,,,
2016-03,2016-03-01,2016-05-02,2016-03-01,105,74,4,2,1,0.07803015302753052,-0.02912912067947193,MAT,0.07803015302753052,-0.02912912067947193,,,,,,
2016-03,2016-03-01,2016-06-01,2016-03-01,105,74,4,3,1,0.07803015302753052,-0.0013698618774713456,MAT,0.07803015302753052,-0.0013698618774713456,,,,,,
2016-03,2016-03-01,2016-04-01,2016-03-01,105,74,4,1,2,0.0671966835413833,0.038635552713478516,MAT,0.07803015302753052,0.06166707277616146,DLTR,0.05636321405523609,0.015604032650795574,,,
2016-03,2016-03-01,2016-05-02,2016-03-01,105,74,4,2,2,0.0671966835413833,-0.021574200367727447,MAT,0.07803015302753052,-0.02912912067947193,DLTR,0.05636321405523609,-0.014019280055982963,,,
2016-03,2016-03-01,2016-06-01,2016-03-01,105,74,4,3,2,0.0671966835413833,0.05283206839049526,MAT,0.07803015302753052,-0.0013698618774713456,DLTR,0.05636321405523609,0.10703399865846186,,,
2016-03,2016-03-01,2016-04-01,2016-03-01,105,74,4,1,3,0.0587833807130313,0.04167415944976908,MAT,0.07803015302753052,0.06166707277616146,DLTR,0.05636321405523609,0.015604032650795574,FAST,0.04195677505632728,0.04775137292235021
2016-03,2016-03-01,2016-05-02,2016-03-01,105,74,4,2,3,0.0587833807130313,-0.00987515940801372,MAT,0.07803015302753052,-0.02912912067947193,DLTR,0.05636321405523609,-0.014019280055982963,FAST,0.04195677505632728,0.013522922511413737
2016-03,2016-03-01,2016-06-01,2016-03-01,105,74,4,3,3,0.0587833807130313,0.03412465277329616,MAT,0.07803015302753052,-0.0013698618774713456,DLTR,0.05636321405523609,0.10703399865846186,FAST,0.04195677505632728,-0.0032901784611020224
2016-04,2016-04-01,2016-05-02,2016-04-01,105,75,4,1,1,0.09083732904285396,-0.08552228451261057,MAT,0.09083732904285396,-0.08552228451261057,,,,,,
2016-04,2016-04-01,2016-06-01,2016-04-01,105,75,4,2,1,0.09083732904285396,-0.05937542594101275,MAT,0.09083732904285396,-0.05937542594101275,,,,,,
2016-04,2016-04-01,2016-07-01,2016-04-01,105,75,4,3,1,0.09083732904285396,-0.06764994986666784,MAT,0.09083732904285396,-0.06764994986666784,,,,,,
2016-04,2016-04-01,2016-05-02,2016-04-01,105,75,4,1,2,0.07028525062373916,-0.05909538494761657,MAT,0.09083732904285396,-0.08552228451261057,FAST,0.049733172204624365,-0.03266848538262257,,,
2016-04,2016-04-01,2016-06-01,2016-04-01,105,75,4,2,2,0.07028525062373916,-0.054045376774414844,MAT,0.09083732904285396,-0.05937542594101275,FAST,0.049733172204624365,-0.04871532760781694,,,
2016-04,2016-04-01,2016-07-01,2016-04-01,105,75,4,3,2,0.07028525062373916,-0.06795476734251588,MAT,0.09083732904285396,-0.06764994986666784,FAST,0.049733172204624365,-0.06825958481836392,,,
2016-04,2016-04-01,2016-05-02,2016-04-01,105,75,4,1,3,0.0627548371620051,-0.06415390972408981,MAT,0.09083732904285396,-0.08552228451261057,FAST,0.049733172204624365,-0.03266848538262257,AVGO,0.04769401023853698,-0.07427095927703631
2016-04,2016-04-01,2016-06-01,2016-04-01,105,75,4,2,3,0.0627548371620051,-0.042430713467310456,MAT,0.09083732904285396,-0.05937542594101275,FAST,0.049733172204624365,-0.04871532760781694,AVGO,0.04769401023853698,-0.019201386853101687
2016-04,2016-04-01,2016-07-01,2016-04-01,105,75,4,3,3,0.0627548371620051,-0.051837725163782045,MAT,0.09083732904285396,-0.06764994986666784,FAST,0.049733172204624365,-0.06825958481836392,AVGO,0.04769401023853698,-0.019603640806314382
2016-05,2016-05-02,2016-06-01,2016-05-02,107,77,4,1,1,0.057788762661901305,-0.047122219067141424,PCAR,0.057788762661901305,-0.047122219067141424,,,,,,
2016-05,2016-05-02,2016-07-01,2016-05-02,107,77,4,2,1,0.057788762661901305,-0.11267786258205081,PCAR,0.057788762661901305,-0.11267786258205081,,,,,,
2016-05,2016-05-02,2016-08-01,2016-05-02,107,77,4,3,1,0.057788762661901305,0.0020025308283608823,PCAR,0.057788762661901305,0.0020025308283608823,,,,,,
2016-05,2016-05-02,2016-06-01,2016-05-02,107,77,4,1,2,0.05474622516827084,0.0017702562876718009,PCAR,0.057788762661901305,-0.047122219067141424,CHTR,0.05170368767464037,0.050662731642485026,,,
2016-05,2016-05-02,2016-07-01,2016-05-02,107,77,4,2,2,0.05474622516827084,-0.01994675793009615,PCAR,0.057788762661901305,-0.11267786258205081,CHTR,0.05170368767464037,0.07278434672185852,,,
2016-05,2016-05-02,2016-08-01,2016-05-02,107,77,4,3,2,0.05474622516827084,0.04596039655182105,PCAR,0.057788762661901305,0.0020025308283608823,CHTR,0.05170368767464037,0.08991826227528121,,,
2016-05,2016-05-02,2016-06-01,2016-05-02,107,77,4,1,3,0.051839475646579425,-0.004349419904977096,PCAR,0.057788762661901305,-0.047122219067141424,CHTR,0.05170368767464037,0.050662731642485026,FAST,0.0460259766031966,-0.01658877229027489
2016-05,2016-05-02,2016-07-01,2016-05-02,107,77,4,2,3,0.051839475646579425,-0.025562196425677846,PCAR,0.057788762661901305,-0.11267786258205081,CHTR,0.05170368767464037,0.07278434672185852,FAST,0.0460259766031966,-0.03679307341684124
2016-05,2016-05-02,2016-08-01,2016-05-02,107,77,4,3,3,0.051839475646579425,0.0007017547204452764,PCAR,0.057788762661901305,0.0020025308283608823,CHTR,0.05170368767464037,0.08991826227528121,FAST,0.0460259766031966,-0.08981552894230627
2016-06,2016-06-01,2016-07-01,2016-06-01,107,77,4,1,1,0.13128530454749568,-0.0032042692251731397,NVDA,0.13128530454749568,-0.0032042692251731397,,,,,,
2016-06,2016-06-01,2016-08-01,2016-06-01,107,77,4,2,1,0.13128530454749568,0.21192074261755045,NVDA,0.13128530454749568,0.21192074261755045,,,,,,
2016-06,2016-06-01,2016-09-01,2016-06-01,107,77,4,3,1,0.13128530454749568,0.35155682806986066,NVDA,0.13128530454749568,0.35155682806986066,,,,,,
2016-06,2016-06-01,2016-07-01,2016-06-01,107,77,4,1,2,0.11102480163793847,-0.011651301780520651,NVDA,0.13128530454749568,-0.0032042692251731397,AMAT,0.09076429872838127,-0.020098334335868162,,,
2016-06,2016-06-01,2016-08-01,2016-06-01,107,77,4,2,2,0.11102480163793847,0.1447217566048461,NVDA,0.13128530454749568,0.21192074261755045,AMAT,0.09076429872838127,0.07752277059214174,,,
2016-06,2016-06-01,2016-09-01,2016-06-01,107,77,4,3,2,0.11102480163793847,0.29912286623627327,NVDA,0.13128530454749568,0.35155682806986066,AMAT,0.09076429872838127,0.24668890440268587,,,
2016-06,2016-06-01,2016-07-01,2016-06-01,107,77,4,1,3,0.09852090034742313,0.00217558563606605,NVDA,0.13128530454749568,-0.0032042692251731397,AMAT,0.09076429872838127,-0.020098334335868162,ULTA,0.07351309776639245,0.029829360469239452
2016-06,2016-06-01,2016-08-01,2016-06-01,107,77,4,2,3,0.09852090034742313,0.1301271845166466,NVDA,0.13128530454749568,0.21192074261755045,AMAT,0.09076429872838127,0.07752277059214174,ULTA,0.07351309776639245,0.10093804034024756
2016-06,2016-06-01,2016-09-01,2016-06-01,107,77,4,3,3,0.09852090034742313,0.2118652636919638,NVDA,0.13128530454749568,0.35155682806986066,AMAT,0.09076429872838127,0.24668890440268587,ULTA,0.07351309776639245,0.03735005860334484
2016-07,2016-07-01,2016-08-01,2016-07-01,104,76,4,1,1,0.1000293058150375,0.2158165461598669,NVDA,0.1000293058150375,0.2158165461598669,,,,,,
2016-07,2016-07-01,2016-09-01,2016-07-01,104,76,4,2,1,0.1000293058150375,0.3559015015235587,NVDA,0.1000293058150375,0.3559015015235587,,,,,,
2016-07,2016-07-01,2016-10-03,2016-07-01,104,76,4,3,1,0.1000293058150375,0.4696985789371879,NVDA,0.1000293058150375,0.4696985789371879,,,,,,
2016-07,2016-07-01,2016-08-01,2016-07-01,104,76,4,1,2,0.09891766215844636,0.14243276937056526,NVDA,0.1000293058150375,0.2158165461598669,ULTA,0.09780601850185522,0.06904899258126362,,,
2016-07,2016-07-01,2016-09-01,2016-07-01,104,76,4,2,2,0.09891766215844636,0.18160218002899242,NVDA,0.1000293058150375,0.3559015015235587,ULTA,0.09780601850185522,0.007302858534426138,,,
2016-07,2016-07-01,2016-10-03,2016-07-01,104,76,4,3,2,0.09891766215844636,0.22225390247575028,NVDA,0.1000293058150375,0.4696985789371879,ULTA,0.09780601850185522,-0.025190773985687365,,,
2016-07,2016-07-01,2016-08-01,2016-07-01,104,76,4,1,3,0.09320903661612533,0.12771602803418705,NVDA,0.1000293058150375,0.2158165461598669,ULTA,0.09780601850185522,0.06904899258126362,NTES,0.08179178553148325,0.09828254536143066
2016-07,2016-07-01,2016-09-01,2016-07-01,104,76,4,2,3,0.09320903661612533,0.17907016725748384,NVDA,0.1000293058150375,0.3559015015235587,ULTA,0.09780601850185522,0.007302858534426138,NTES,0.08179178553148325,0.1740061417144667
2016-07,2016-07-01,2016-10-03,2016-07-01,104,76,4,3,3,0.09320903661612533,0.2586430250505986,NVDA,0.1000293058150375,0.4696985789371879,ULTA,0.09780601850185522,-0.025190773985687365,NTES,0.08179178553148325,0.3314212702002952
2016-08,2016-08-01,2016-09-01,2016-08-01,104,77,4,1,1,0.1280292375109287,0.1152188262334044,NVDA,0.1280292375109287,0.1152188262334044,,,,,,
2016-08,2016-08-01,2016-10-03,2016-08-01,104,77,4,2,1,0.1280292375109287,0.20881606980855993,NVDA,0.1280292375109287,0.20881606980855993,,,,,,
2016-08,2016-08-01,2016-11-01,2016-08-01,104,77,4,3,1,0.1280292375109287,0.21941207322594458,NVDA,0.1280292375109287,0.21941207322594458,,,,,,
2016-08,2016-08-01,2016-09-01,2016-08-01,104,77,4,1,2,0.11276591352925655,0.09208305410865492,NVDA,0.1280292375109287,0.1152188262334044,NTES,0.0975025895475844,0.06894728198390543,,,
2016-08,2016-08-01,2016-10-03,2016-08-01,104,77,4,2,2,0.11276591352925655,0.21054589798128143,NVDA,0.1280292375109287,0.20881606980855993,NTES,0.0975025895475844,0.21227572615400292,,,
2016-08,2016-08-01,2016-11-01,2016-08-01,104,77,4,3,2,0.11276591352925655,0.22616658446353377,NVDA,0.1280292375109287,0.21941207322594458,NTES,0.0975025895475844,0.23292109570112296,,,
2016-08,2016-08-01,2016-09-01,2016-08-01,104,77,4,1,3,0.10102416474376331,0.07077532976879726,NVDA,0.1280292375109287,0.1152188262334044,NTES,0.0975025895475844,0.06894728198390543,EBAY,0.07754066717277686,0.028159881089081962
2016-08,2016-08-01,2016-10-03,2016-08-01,104,77,4,2,3,0.10102416474376331,0.15423050496948218,NVDA,0.1280292375109287,0.20881606980855993,NTES,0.0975025895475844,0.21227572615400292,EBAY,0.07754066717277686,0.04159971894588366
2016-08,2016-08-01,2016-11-01,2016-08-01,104,77,4,3,3,0.10102416474376331,0.12016440906587515,NVDA,0.1280292375109287,0.21941207322594458,NTES,0.0975025895475844,0.23292109570112296,EBAY,0.07754066717277686,-0.0918399417294421
2016-09,2016-09-01,2016-10-03,2016-09-01,104,77,4,1,1,0.1578712926693098,0.08392724492580128,NVDA,0.1578712926693098,0.08392724492580128,,,,,,
2016-09,2016-09-01,2016-11-01,2016-09-01,104,77,4,2,1,0.1578712926693098,0.09342852231471688,NVDA,0.1578712926693098,0.09342852231471688,,,,,,
2016-09,2016-09-01,2016-12-01,2016-09-01,104,77,4,3,1,0.1578712926693098,0.3898847048970755,NVDA,0.1578712926693098,0.3898847048970755,,,,,,
2016-09,2016-09-01,2016-10-03,2016-09-01,104,77,4,1,2,0.15311314682882887,0.12171003627308474,NVDA,0.1578712926693098,0.08392724492580128,STX,0.14835500098834797,0.1594928276203682,,,
2016-09,2016-09-01,2016-11-01,2016-09-01,104,77,4,2,2,0.15311314682882887,0.055520541448262684,NVDA,0.1578712926693098,0.09342852231471688,STX,0.14835500098834797,0.01761256058180849,,,
2016-09,2016-09-01,2016-12-01,2016-09-01,104,77,4,3,2,0.15311314682882887,0.27016067445638337,NVDA,0.1578712926693098,0.3898847048970755,STX,0.14835500098834797,0.15043664401569123,,,
2016-09,2016-09-01,2016-10-03,2016-09-01,104,77,4,1,3,0.14369595310958766,0.10297498171923018,NVDA,0.1578712926693098,0.08392724492580128,STX,0.14835500098834797,0.1594928276203682,MU,0.12486156567110523,0.06550487261152105
2016-09,2016-09-01,2016-11-01,2016-09-01,104,77,4,2,3,0.14369595310958766,0.04382451652546552,NVDA,0.1578712926693098,0.09342852231471688,STX,0.14835500098834797,0.01761256058180849,MU,0.12486156567110523,0.020432466679871197
2016-09,2016-09-01,2016-12-01,2016-09-01,104,77,4,3,3,0.14369595310958766,0.2169660132405337,NVDA,0.1578712926693098,0.3898847048970755,STX,0.14835500098834797,0.15043664401569123,MU,0.12486156567110523,0.11057669080883437
2016-10,2016-10-03,2016-11-01,2016-10-03,104,77,4,1,1,0.148213493263592,-0.12236407475649602,STX,0.148213493263592,-0.12236407475649602,,,,,,
2016-10,2016-10-03,2016-12-01,2016-10-03,104,77,4,2,1,0.148213493263592,-0.007810469706193035,STX,0.148213493263592,-0.007810469706193035,,,,,,
2016-10,2016-10-03,2017-01-03,2016-10-03,104,77,4,3,1,0.148213493263592,0.048394245139955716,STX,0.148213493263592,0.048394245139955716,,,,,,
2016-10,2016-10-03,2016-11-01,2016-10-03,104,77,4,1,2,0.12557654014353342,-0.05679923519600094,STX,0.148213493263592,-0.12236407475649602,NVDA,0.10293958702347486,0.00876560436449414,,,
2016-10,2016-10-03,2016-12-01,2016-10-03,104,77,4,2,2,0.12557654014353342,0.13722852730831964,STX,0.148213493263592,-0.007810469706193035,NVDA,0.10293958702347486,0.2822675243228323,,,
2016-10,2016-10-03,2017-01-03,2016-10-03,104,77,4,3,2,0.12557654014353342,0.27045531217264307,STX,0.148213493263592,0.048394245139955716,NVDA,0.10293958702347486,0.4925163792053304,,,
2016-10,2016-10-03,2016-11-01,2016-10-03,104,77,4,1,3,0.11682471271660659,-0.057555121466953185,STX,0.148213493263592,-0.12236407475649602,NVDA,0.10293958702347486,0.00876560436449414,NTAP,0.09932105786275289,-0.05906689400885767
2016-10,2016-10-03,2016-12-01,2016-10-03,104,77,4,2,3,0.11682471271660659,0.09407112027654026,STX,0.148213493263592,-0.007810469706193035,NVDA,0.10293958702347486,0.2822675243228323,NTAP,0.09932105786275289,0.007756306212981512
2016-10,2016-10-03,2017-01-03,2016-10-03,104,77,4,3,3,0.11682471271660659,0.18412129557057022,STX,0.148213493263592,0.048394245139955716,NVDA,0.10293958702347486,0.4925163792053304,NTAP,0.09932105786275289,0.011453262366424521
2016-11,2016-11-01,2016-12-01,2016-11-01,104,77,4,1,1,0.10654041458955893,0.1305252004337898,STX,0.10654041458955893,0.1305252004337898,,,,,,
2016-11,2016-11-01,2017-01-03,2016-11-01,104,77,4,2,1,0.10654041458955893,0.1945662375307553,STX,0.10654041458955893,0.1945662375307553,,,,,,
2016-11,2016-11-01,2017-02-01,2016-11-01,104,77,4,3,1,0.10654041458955893,0.3501436053743714,STX,0.10654041458955893,0.3501436053743714,,,,,,
2016-11,2016-11-01,2016-12-01,2016-11-01,104,77,4,1,2,0.1062362350052253,0.20082527145341067,STX,0.10654041458955893,0.1305252004337898,NVDA,0.10593205542089168,0.27112534247303155,,,
2016-11,2016-11-01,2017-01-03,2016-11-01,104,77,4,2,2,0.1062362350052253,0.3370567454373494,STX,0.10654041458955893,0.1945662375307553,NVDA,0.10593205542089168,0.47954725334394355,,,
2016-11,2016-11-01,2017-02-01,2016-11-01,104,77,4,3,2,0.1062362350052253,0.501434026049587,STX,0.10654041458955893,0.3501436053743714,NVDA,0.10593205542089168,0.6527244467248026,,,
2016-11,2016-11-01,2016-12-01,2016-11-01,104,77,4,1,3,0.10160165592947545,0.15755618553907066,STX,0.10654041458955893,0.1305252004337898,NVDA,0.10593205542089168,0.27112534247303155,NTAP,0.09233249777797575,0.07101801371039063
2016-11,2016-11-01,2017-01-03,2016-11-01,104,77,4,2,3,0.10160165592947545,0.24968684548236073,STX,0.10654041458955893,0.1945662375307553,NVDA,0.10593205542089168,0.47954725334394355,NTAP,0.09233249777797575,0.0749470455723833
2016-11,2016-11-01,2017-02-01,2016-11-01,104,77,4,3,3,0.10160165592947545,0.386312496253236,STX,0.10654041458955893,0.3501436053743714,NVDA,0.10593205542089168,0.6527244467248026,NTAP,0.09233249777797575,0.15606943666053397
2016-12,2016-12-01,2017-01-03,2016-12-01,104,77,4,1,1,0.11975925449918284,0.1639664507556884,NVDA,0.11975925449918284,0.1639664507556884,,,,,,
2016-12,2016-12-01,2017-02-01,2016-12-01,104,77,4,2,1,0.11975925449918284,0.30020572440901283,NVDA,0.11975925449918284,0.30020572440901283,,,,,,
2016-12,2016-12-01,2017-03-01,2016-12-01,104,77,4,3,1,0.11975925449918284,0.1743467862481316,NVDA,0.11975925449918284,0.1743467862481316,,,,,,
2016-12,2016-12-01,2017-01-03,2016-12-01,104,77,4,1,2,0.10221482631273827,0.19210242798141486,NVDA,0.11975925449918284,0.1639664507556884,MU,0.0846703981262937,0.22023840520714133,,,
2016-12,2016-12-01,2017-02-01,2016-12-01,104,77,4,2,2,0.10221482631273827,0.31974588945232774,NVDA,0.11975925449918284,0.30020572440901283,MU,0.0846703981262937,0.33928605449564264,,,
2016-12,2016-12-01,2017-03-01,2016-12-01,104,77,4,3,2,0.10221482631273827,0.25140519245234294,NVDA,0.11975925449918284,0.1743467862481316,MU,0.0846703981262937,0.3284635986565543,,,
2016-12,2016-12-01,2017-01-03,2016-12-01,104,77,4,1,3,0.09613163346171116,0.17307336519141128,NVDA,0.11975925449918284,0.1639664507556884,MU,0.0846703981262937,0.22023840520714133,WDC,0.08396524775965691,0.13501523961140416
2016-12,2016-12-01,2017-02-01,2016-12-01,104,77,4,2,3,0.09613163346171116,0.3111897570526922,NVDA,0.11975925449918284,0.30020572440901283,MU,0.0846703981262937,0.33928605449564264,WDC,0.08396524775965691,0.29407749225342106
2016-12,2016-12-01,2017-03-01,2016-12-01,104,77,4,3,3,0.09613163346171116,0.26105201108187753,NVDA,0.11975925449918284,0.1743467862481316,MU,0.0846703981262937,0.3284635986565543,WDC,0.08396524775965691,0.2803456483409468
2017-01,2017-01-03,2017-02-01,2017-01-03,104,79,4,1,1,0.13194616062975384,0.11704742311505045,NVDA,0.13194616062975384,0.11704742311505045,,,,,,
2017-01,2017-01-03,2017-03-01,2017-01-03,104,79,4,2,1,0.13194616062975384,0.008918071036930542,NVDA,0.13194616062975384,0.008918071036930542,,,,,,
2017-01,2017-01-03,2017-04-03,2017-01-03,104,79,4,3,1,0.13194616062975384,0.06378565884758736,NVDA,0.13194616062975384,0.06378565884758736,,,,,,
2017-01,2017-01-03,2017-02-01,2017-01-03,104,79,4,1,2,0.12415432113340538,0.1285942476573203,NVDA,0.13194616062975384,0.11704742311505045,WDC,0.11636248163705692,0.14014107219959016,,,
2017-01,2017-01-03,2017-03-01,2017-01-03,104,79,4,2,2,0.12415432113340538,0.06848038239452103,NVDA,0.13194616062975384,0.008918071036930542,WDC,0.11636248163705692,0.12804269375211152,,,
2017-01,2017-01-03,2017-04-03,2017-01-03,104,79,4,3,2,0.12415432113340538,0.1271181539364865,NVDA,0.13194616062975384,0.06378565884758736,WDC,0.11636248163705692,0.19045064902538567,,,
2017-01,2017-01-03,2017-02-01,2017-01-03,104,79,4,1,3,0.11041796899878702,0.11824982364146552,NVDA,0.13194616062975384,0.11704742311505045,WDC,0.11636248163705692,0.14014107219959016,MU,0.08294526472955024,0.09756097560975596
2017-01,2017-01-03,2017-03-01,2017-01-03,104,79,4,2,3,0.11041796899878702,0.07521753603682124,NVDA,0.13194616062975384,0.008918071036930542,WDC,0.11636248163705692,0.12804269375211152,MU,0.08294526472955024,0.08869184332142166
2017-01,2017-01-03,2017-04-03,2017-01-03,104,79,4,3,3,0.11041796899878702,0.17476754792603622,NVDA,0.13194616062975384,0.06378565884758736,WDC,0.11636248163705692,0.19045064902538567,MU,0.08294526472955024,0.2700663359051356
2017-02,2017-02-01,2017-03-01,2017-02-01,104,79,4,1,1,0.14022620517706613,-0.09679924937885387,NVDA,0.14022620517706613,-0.09679924937885387,,,,,,
2017-02,2017-02-01,2017-04-03,2017-02-01,104,79,4,2,1,0.14022620517706613,-0.047680844309129444,NVDA,0.14022620517706613,-0.047680844309129444,,,,,,
2017-02,2017-02-01,2017-05-01,2017-02-01,104,79,4,3,1,0.14022620517706613,-0.06296994722216354,NVDA,0.14022620517706613,-0.06296994722216354,,,,,,
2017-02,2017-02-01,2017-03-01,2017-02-01,104,79,4,1,2,0.13284730648189808,-0.023919021807552787,NVDA,0.14022620517706613,-0.09679924937885387,CSX,0.12546840778673002,0.048961205763748294,,,
2017-02,2017-02-01,2017-04-03,2017-02-01,104,79,4,2,2,0.13284730648189808,-0.02717726817631516,NVDA,0.14022620517706613,-0.047680844309129444,CSX,0.12546840778673002,-0.006673692043500878,,,
2017-02,2017-02-01,2017-05-01,2017-02-01,104,79,4,3,2,0.13284730648189808,0.017615540370035043,NVDA,0.14022620517706613,-0.06296994722216354,CSX,0.12546840778673002,0.09820102796223362,,,
2017-02,2017-02-01,2017-03-01,2017-02-01,104,79,4,1,3,0.11888463448096838,-0.018639602862973764,NVDA,0.14022620517706613,-0.09679924937885387,CSX,0.12546840778673002,0.048961205763748294,MU,0.09095929047910897,-0.008080764973815713
2017-02,2017-02-01,2017-04-03,2017-02-01,104,79,4,2,3,0.11888463448096838,0.03427233804623856,NVDA,0.14022620517706613,-0.047680844309129444,CSX,0.12546840778673002,-0.006673692043500878,MU,0.09095929047910897,0.157171550491346
2017-02,2017-02-01,2017-05-01,2017-02-01,104,79,4,3,3,0.11888463448096838,0.059420470357156106,NVDA,0.14022620517706613,-0.06296994722216354,CSX,0.12546840778673002,0.09820102796223362,MU,0.09095929047910897,0.14303033033139823
2017-03,2017-03-01,2017-04-03,2017-03-01,104,79,4,1,1,0.13787296244407019,-0.05303808901754514,CSX,0.13787296244407019,-0.05303808901754514,,,,,,
2017-03,2017-03-01,2017-05-01,2017-03-01,104,79,4,2,1,0.13787296244407019,0.04694150930265706,CSX,0.13787296244407019,0.04694150930265706,,,,,,
2017-03,2017-03-01,2017-06-01,2017-03-01,104,79,4,3,1,0.13787296244407019,0.11346711116377661,CSX,0.13787296244407019,0.11346711116377661,,,,,,
2017-03,2017-03-01,2017-04-03,2017-03-01,104,79,4,1,2,0.12585397709264967,0.0006722554519199009,CSX,0.13787296244407019,-0.05303808901754514,NVDA,0.11383499174122913,0.054382599921384944,,,
2017-03,2017-03-01,2017-05-01,2017-03-01,104,79,4,2,2,0.12585397709264967,0.04219820928055984,CSX,0.13787296244407019,0.04694150930265706,NVDA,0.11383499174122913,0.03745490925846262,,,
2017-03,2017-03-01,2017-06-01,2017-03-01,104,79,4,3,2,0.12585397709264967,0.259681280162986,CSX,0.13787296244407019,0.11346711116377661,NVDA,0.11383499174122913,0.40589544916219533,,,
2017-03,2017-03-01,2017-04-03,2017-03-01,104,79,4,1,3,0.11909992619485447,-0.02355358104653708,CSX,0.13787296244407019,-0.05303808901754514,NVDA,0.11383499174122913,0.054382599921384944,STX,0.10559182439926407,-0.07200525404345104
2017-03,2017-03-01,2017-05-01,2017-03-01,104,79,4,2,3,0.11909992619485447,-0.017174503929700546,CSX,0.13787296244407019,0.04694150930265706,NVDA,0.11383499174122913,0.03745490925846262,STX,0.10559182439926407,-0.13591993035022132
2017-03,2017-03-01,2017-06-01,2017-03-01,104,79,4,3,3,0.11909992619485447,0.13259420653566645,CSX,0.13787296244407019,0.11346711116377661,NVDA,0.11383499174122913,0.40589544916219533,STX,0.10559182439926407,-0.1215799407189726
2017-04,2017-04-03,2017-05-01,2017-04-03,104,79,4,1,1,0.13469443577811824,0.08143507350467649,TSLA,0.13469443577811824,0.08143507350467649,,,,,,
2017-04,2017-04-03,2017-06-01,2017-04-03,104,79,4,2,1,0.13469443577811824,0.1401916613235732,TSLA,0.13469443577811824,0.1401916613235732,,,,,,
2017-04,2017-04-03,2017-07-03,2017-04-03,104,79,4,3,1,0.13469443577811824,0.18122738769200386,TSLA,0.13469443577811824,0.18122738769200386,,,,,,
2017-04,2017-04-03,2017-05-01,2017-04-03,104,79,4,1,2,0.12688686477789174,0.034607284493741286,TSLA,0.13469443577811824,0.08143507350467649,MU,0.11907929377766524,-0.01222050451719392,,,
2017-04,2017-04-03,2017-06-01,2017-04-03,104,79,4,2,2,0.12688686477789174,0.10710705077538096,TSLA,0.13469443577811824,0.1401916613235732,MU,0.11907929377766524,0.07402244022718873,,,
2017-04,2017-04-03,2017-07-03,2017-04-03,104,79,4,3,2,0.12688686477789174,0.09934280126072348,TSLA,0.13469443577811824,0.18122738769200386,MU,0.11907929377766524,0.017458214829443097,,,
2017-04,2017-04-03,2017-05-01,2017-04-03,104,79,4,1,3,0.11383200957143776,0.06392775433564395,TSLA,0.13469443577811824,0.08143507350467649,MU,0.11907929377766524,-0.01222050451719392,VRTX,0.0877222991585298,0.12256869401944925
2017-04,2017-04-03,2017-06-01,2017-04-03,104,79,4,2,3,0.11383200957143776,0.1325494415551213,TSLA,0.13469443577811824,0.1401916613235732,MU,0.11907929377766524,0.07402244022718873,VRTX,0.0877222991585298,0.183434223114602
2017-04,2017-04-03,2017-07-03,2017-04-03,104,79,4,3,3,0.11383200957143776,0.13069262404347048,TSLA,0.13469443577811824,0.18122738769200386,MU,0.11907929377766524,0.017458214829443097,VRTX,0.0877222991585298,0.1933922696089645
2017-05,2017-05-01,2017-06-01,2017-05-01,104,79,4,1,1,0.12777722104641048,0.05421987039137788,VRTX,0.12777722104641048,0.05421987039137788,,,,,,
2017-05,2017-05-01,2017-07-03,2017-05-01,104,79,4,2,1,0.12777722104641048,0.06309063843204621,VRTX,0.12777722104641048,0.06309063843204621,,,,,,
2017-05,2017-05-01,2017-08-01,2017-05-01,104,79,4,3,1,0.12777722104641048,0.27010440606695596,VRTX,0.12777722104641048,0.27010440606695596,,,,,,
2017-05,2017-05-01,2017-06-01,2017-05-01,104,79,4,1,2,0.11728528970152285,0.05427596173692195,VRTX,0.12777722104641048,0.05421987039137788,TSLA,0.10679335835663523,0.054332053082466025,,,
2017-05,2017-05-01,2017-07-03,2017-05-01,104,79,4,2,2,0.11728528970152285,0.07768415668868067,VRTX,0.12777722104641048,0.06309063843204621,TSLA,0.10679335835663523,0.09227767494531514,,,
2017-05,2017-05-01,2017-08-01,2017-05-01,104,79,4,3,2,0.11728528970152285,0.13000311729708203,VRTX,0.12777722104641048,0.27010440606695596,TSLA,0.10679335835663523,-0.010098171472791906,,,
2017-05,2017-05-01,2017-06-01,2017-05-01,104,79,4,1,3,0.11265414523045443,0.05736491002906852,VRTX,0.12777722104641048,0.05421987039137788,TSLA,0.10679335835663523,0.054332053082466025,CSX,0.10339185628831757,0.06354280661336165
2017-05,2017-05-01,2017-07-03,2017-05-01,104,79,4,2,3,0.11265414523045443,0.07232093512458926,VRTX,0.12777722104641048,0.06309063843204621,TSLA,0.10679335835663523,0.09227767494531514,CSX,0.10339185628831757,0.06159449199640643
2017-05,2017-05-01,2017-08-01,2017-05-01,104,79,4,3,3,0.11265414523045443,0.068949985779867,VRTX,0.12777722104641048,0.27010440606695596,TSLA,0.10679335835663523,-0.010098171472791906,CSX,0.10339185628831757,-0.05315627725456307
2017-06,2017-06-01,2017-07-03,2017-06-01,104,79,4,1,1,0.10344328970373123,0.008414533144186498,VRTX,0.10344328970373123,0.008414533144186498,,,,,,
2017-06,2017-06-01,2017-08-01,2017-06-01,104,79,4,2,1,0.10344328970373123,0.20478131909563713,VRTX,0.10344328970373123,0.20478131909563713,,,,,,
2017-06,2017-06-01,2017-09-01,2017-06-01,104,79,4,3,1,0.10344328970373123,0.27587292246601036,VRTX,0.10344328970373123,0.27587292246601036,,,,,,
2017-06,2017-06-01,2017-07-03,2017-06-01,104,79,4,1,2,0.09900444255827306,-0.013539079429945977,VRTX,0.10344328970373123,0.008414533144186498,JD,0.0945655954128149,-0.03549269200407845,,,
2017-06,2017-06-01,2017-08-01,2017-06-01,104,79,4,2,2,0.09900444255827306,0.167667372459827,VRTX,0.10344328970373123,0.20478131909563713,JD,0.0945655954128149,0.13055342582401686,,,
2017-06,2017-06-01,2017-09-01,2017-06-01,104,79,4,3,2,0.09900444255827306,0.1590335008071092,VRTX,0.10344328970373123,0.27587292246601036,JD,0.0945655954128149,0.04219407914820805,,,
2017-06,2017-06-01,2017-07-03,2017-06-01,104,79,4,1,3,0.09603145470069119,-0.04933982899086483,VRTX,0.10344328970373123,0.008414533144186498,JD,0.0945655954128149,-0.03549269200407845,ADSK,0.09008547898552743,-0.12094132811270253
2017-06,2017-06-01,2017-08-01,2017-06-01,104,79,4,2,3,0.09603145470069119,0.10691227896596733,VRTX,0.10344328970373123,0.20478131909563713,JD,0.0945655954128149,0.13055342582401686,ADSK,0.09008547898552743,-0.014597908021751982
2017-06,2017-06-01,2017-09-01,2017-06-01,104,79,4,3,3,0.09603145470069119,0.1080277020996631,VRTX,0.10344328970373123,0.27587292246601036,JD,0.0945655954128149,0.04219407914820805,ADSK,0.09008547898552743,0.006016104684770873
2017-07,2017-07-03,2017-08-01,2017-07-03,104,80,4,1,1,0.09374845419443573,0.19472823873252687,VRTX,0.09374845419443573,0.19472823873252687,,,,,,
2017-07,2017-07-03,2017-09-01,2017-07-03,104,80,4,2,1,0.09374845419443573,0.26522663104418176,VRTX,0.09374845419443573,0.26522663104418176,,,,,,
2017-07,2017-07-03,2017-10-02,2017-07-03,104,80,4,3,1,0.09374845419443573,0.18716369648014952,VRTX,0.09374845419443573,0.18716369648014952,,,,,,
2017-07,2017-07-03,2017-08-01,2017-07-03,104,80,4,1,2,0.09259195609663257,0.05050064830647438,VRTX,0.09374845419443573,0.19472823873252687,TSLA,0.0914354579988294,-0.0937269421195781,,,
2017-07,2017-07-03,2017-09-01,2017-07-03,104,80,4,2,2,0.09259195609663257,0.13655523436938632,VRTX,0.09374845419443573,0.26522663104418176,TSLA,0.0914354579988294,0.00788383769459089,,,
2017-07,2017-07-03,2017-10-02,2017-07-03,104,80,4,3,2,0.09259195609663257,0.07785672876303296,VRTX,0.09374845419443573,0.18716369648014952,TSLA,0.0914354579988294,-0.03145023895408361,,,
2017-07,2017-07-03,2017-08-01,2017-07-03,104,80,4,1,3,0.09161325200355787,0.09386004196186908,VRTX,0.09374845419443573,0.19472823873252687,TSLA,0.0914354579988294,-0.0937269421195781,NVDA,0.08965584381740849,0.18057882927265845
2017-07,2017-07-03,2017-09-01,2017-07-03,104,80,4,2,3,0.09161325200355787,0.16587143167220483,VRTX,0.09374845419443573,0.26522663104418176,TSLA,0.0914354579988294,0.00788383769459089,NVDA,0.08965584381740849,0.22450382627784182
2017-07,2017-07-03,2017-10-02,2017-07-03,104,80,4,3,3,0.09161325200355787,0.14718811049944783,VRTX,0.09374845419443573,0.18716369648014952,TSLA,0.0914354579988294,-0.03145023895408361,NVDA,0.08965584381740849,0.2858508739722776
2017-08,2017-08-01,2017-09-01,2017-08-01,104,80,4,1,1,0.12120490115522686,0.037206322793578384,NVDA,0.12120490115522686,0.037206322793578384,,,,,,
2017-08,2017-08-01,2017-10-02,2017-08-01,104,80,4,2,1,0.12120490115522686,0.08916985642074926,NVDA,0.12120490115522686,0.08916985642074926,,,,,,
2017-08,2017-08-01,2017-11-01,2017-08-01,104,80,4,3,1,0.12120490115522686,0.26075996840086413,NVDA,0.12120490115522686,0.26075996840086413,,,,,,
2017-08,2017-08-01,2017-09-01,2017-08-01,104,80,4,1,2,0.10858676404061791,-0.02047475595656678,NVDA,0.12120490115522686,0.037206322793578384,JD,0.09596862692600897,-0.07815583470671195,,,
2017-08,2017-08-01,2017-10-02,2017-08-01,104,80,4,2,2,0.10858676404061791,-0.026216409273330743,NVDA,0.12120490115522686,0.08916985642074926,JD,0.09596862692600897,-0.14160267496741075,,,
2017-08,2017-08-01,2017-11-01,2017-08-01,104,80,4,3,2,0.10858676404061791,0.04596719219459455,NVDA,0.12120490115522686,0.26075996840086413,JD,0.09596862692600897,-0.16882558401167502,,,
2017-08,2017-08-01,2017-09-01,2017-08-01,104,80,4,1,3,0.10405212071770698,0.006019459312244531,NVDA,0.12120490115522686,0.037206322793578384,JD,0.09596862692600897,-0.07815583470671195,VRTX,0.09498283407188512,0.05900788984986716
2017-08,2017-08-01,2017-10-02,2017-08-01,104,80,4,2,3,0.10405212071770698,-0.01958813977670622,NVDA,0.12120490115522686,0.08916985642074926,JD,0.09596862692600897,-0.14160267496741075,VRTX,0.09498283407188512,-0.006331600783457181
2017-08,2017-08-01,2017-11-01,2017-08-01,104,80,4,3,3,0.10405212071770698,0.0076465522463857365,NVDA,0.12120490115522686,0.26075996840086413,JD,0.09596862692600897,-0.16882558401167502,VRTX,0.09498283407188512,-0.0689947276500319
2017-09,2017-09-01,2017-10-02,2017-09-01,104,80,4,1,1,0.13452013180008884,0.050099514903856335,NVDA,0.13452013180008884,0.050099514903856335,,,,,,
2017-09,2017-09-01,2017-11-01,2017-09-01,104,80,4,2,1,0.13452013180008884,0.21553440303484983,NVDA,0.13452013180008884,0.21553440303484983,,,,,,
2017-09,2017-09-01,2017-12-01,2017-09-01,104,80,4,3,1,0.13452013180008884,0.1604909772662042,NVDA,0.13452013180008884,0.1604909772662042,,,,,,
2017-09,2017-09-01,2017-10-02,2017-09-01,104,80,4,1,2,0.10680638241478922,-0.005799630574155112,NVDA,0.13452013180008884,0.050099514903856335,VRTX,0.0790926330294896,-0.06169877605216656,,,
2017-09,2017-09-01,2017-11-01,2017-09-01,104,80,4,2,2,0.10680638241478922,0.04733204389171275,NVDA,0.13452013180008884,0.21553440303484983,VRTX,0.0790926330294896,-0.12087031525142433,,,
2017-09,2017-09-01,2017-12-01,2017-09-01,104,80,4,3,2,0.10680638241478922,0.01413968402027177,NVDA,0.13452013180008884,0.1604909772662042,VRTX,0.0790926330294896,-0.13221160922566066,,,
2017-09,2017-09-01,2017-10-02,2017-09-01,104,80,4,1,3,0.09502132034658761,0.01910182643828821,NVDA,0.13452013180008884,0.050099514903856335,VRTX,0.0790926330294896,-0.06169877605216656,BIDU,0.07145119621018439,0.06890474046317485
2017-09,2017-09-01,2017-11-01,2017-09-01,104,80,4,2,3,0.09502132034658761,0.049880568978714734,NVDA,0.13452013180008884,0.21553440303484983,VRTX,0.0790926330294896,-0.12087031525142433,BIDU,0.07145119621018439,0.054977619152718704
2017-09,2017-09-01,2017-12-01,2017-09-01,104,80,4,3,3,0.09502132034658761,0.012908241806937356,NVDA,0.13452013180008884,0.1604909772662042,VRTX,0.0790926330294896,-0.13221160922566066,BIDU,0.07145119621018439,0.010445357380268527
2017-10,2017-10-02,2017-11-01,2017-10-02,104,80,4,1,1,0.0786807176501674,-0.013029338147028113,BIDU,0.0786807176501674,-0.013029338147028113,,,,,,
2017-10,2017-10-02,2017-12-01,2017-10-02,104,80,4,2,1,0.0786807176501674,-0.05469091947106053,BIDU,0.0786807176501674,-0.05469091947106053,,,,,,
2017-10,2017-10-02,2018-01-02,2017-10-02,104,80,4,3,1,0.0786807176501674,-0.02521415658756343,BIDU,0.0786807176501674,-0.02521415658756343,,,,,,
2017-10,2017-10-02,2017-11-01,2017-10-02,104,80,4,1,2,0.07652770605034288,0.04809671573570484,BIDU,0.0786807176501674,-0.013029338147028113,MU,0.07437469445051836,0.1092227696184378,,,
2017-10,2017-10-02,2017-12-01,2017-10-02,104,80,4,2,2,0.07652770605034288,-0.0026015581538216814,BIDU,0.0786807176501674,-0.05469091947106053,MU,0.07437469445051836,0.049487803163417166,,,
2017-10,2017-10-02,2018-01-02,2017-10-02,104,80,4,3,2,0.07652770605034288,0.0331314133246422,BIDU,0.0786807176501674,-0.02521415658756343,MU,0.07437469445051836,0.09147698323684783,,,
2017-10,2017-10-02,2017-11-01,2017-10-02,104,80,4,1,3,0.07463873197439015,-0.0026177715516060296,BIDU,0.0786807176501674,-0.013029338147028113,MU,0.07437469445051836,0.1092227696184378,GILD,0.07086078382248467,-0.10404674612622777
2017-10,2017-10-02,2017-12-01,2017-10-02,104,80,4,2,3,0.07463873197439015,-0.0343812798039278,BIDU,0.0786807176501674,-0.05469091947106053,MU,0.07437469445051836,0.049487803163417166,GILD,0.07086078382248467,-0.09794072310414004
2017-10,2017-10-02,2018-01-02,2017-10-02,104,80,4,3,3,0.07463873197439015,-0.013486285926527416,BIDU,0.0786807176501674,-0.02521415658756343,MU,0.07437469445051836,0.09147698323684783,GILD,0.07086078382248467,-0.10672168442886665
2017-11,2017-11-01,2017-12-01,2017-11-01,104,80,4,1,1,0.12357599871031999,0.08137906203160572,ALGN,0.12357599871031999,0.08137906203160572,,,,,,
2017-11,2017-11-01,2018-01-02,2017-11-01,104,80,4,2,1,0.12357599871031999,-0.043966809811580077,ALGN,0.12357599871031999,-0.043966809811580077,,,,,,
2017-11,2017-11-01,2018-02-01,2017-11-01,104,80,4,3,1,0.12357599871031999,0.08776339920753018,ALGN,0.12357599871031999,0.08776339920753018,,,,,,
2017-11,2017-11-01,2017-12-01,2017-11-01,104,80,4,1,2,0.11921141479922344,0.01376303433219761,ALGN,0.12357599871031999,0.08137906203160572,MU,0.11484683088812689,-0.0538529933672105,,,
2017-11,2017-11-01,2018-01-02,2017-11-01,104,80,4,2,2,0.11921141479922344,-0.029982603474213942,ALGN,0.12357599871031999,-0.043966809811580077,MU,0.11484683088812689,-0.01599839713684781,,,
2017-11,2017-11-01,2018-02-01,2017-11-01,104,80,4,3,2,0.11921141479922344,0.022588274366127647,ALGN,0.12357599871031999,0.08776339920753018,MU,0.11484683088812689,-0.042586850475274884,,,
2017-11,2017-11-01,2017-12-01,2017-11-01,104,80,4,1,3,0.11492650753774818,-0.005919081701261948,ALGN,0.12357599871031999,0.08137906203160572,MU,0.11484683088812689,-0.0538529933672105,NVDA,0.10635669301479767,-0.045283313768181066
2017-11,2017-11-01,2018-01-02,2017-11-01,104,80,4,2,3,0.11492650753774818,-0.032394355214061754,ALGN,0.12357599871031999,-0.043966809811580077,MU,0.11484683088812689,-0.01599839713684781,NVDA,0.10635669301479767,-0.03721785869375738
2017-11,2017-11-01,2018-02-01,2017-11-01,104,80,4,3,3,0.11492650753774818,0.06889898026448127,ALGN,0.12357599871031999,0.08776339920753018,MU,0.11484683088812689,-0.042586850475274884,NVDA,0.10635669301479767,0.1615203920611885
2017-12,2017-12-01,2018-01-02,2017-12-01,104,80,4,1,1,0.10969947645136152,-0.11591298208391076,ALGN,0.10969947645136152,-0.11591298208391076,,,,,,
2017-12,2017-12-01,2018-02-01,2017-12-01,104,80,4,2,1,0.10969947645136152,0.005903884585974906,ALGN,0.10969947645136152,0.005903884585974906,,,,,,
2017-12,2017-12-01,2018-03-01,2017-12-01,104,80,4,3,1,0.10969947645136152,-0.03353408126441526,ALGN,0.10969947645136152,-0.03353408126441526,,,,,,
2017-12,2017-12-01,2018-01-02,2017-12-01,104,80,4,1,2,0.10897322868283549,-0.03795188501086816,ALGN,0.10969947645136152,-0.11591298208391076,MU,0.10824698091430945,0.04000921206217445,,,
2017-12,2017-12-01,2018-02-01,2017-12-01,104,80,4,2,2,0.10897322868283549,0.00890563807860878,ALGN,0.10969947645136152,0.005903884585974906,MU,0.10824698091430945,0.011907391571242654,,,
2017-12,2017-12-01,2018-03-01,2017-12-01,104,80,4,3,2,0.10897322868283549,0.05027260524002369,ALGN,0.10969947645136152,-0.03353408126441526,MU,0.10824698091430945,0.13407929174446265,,,
2017-12,2017-12-01,2018-01-02,2017-12-01,104,80,4,1,3,0.10275404309184981,-0.006921163519903091,ALGN,0.10969947645136152,-0.11591298208391076,MU,0.10824698091430945,0.04000921206217445,DLTR,0.09031567190987844,0.05514027946202704
2017-12,2017-12-01,2018-02-01,2017-12-01,104,80,4,2,3,0.10275404309184981,0.04107931250069859,ALGN,0.10969947645136152,0.005903884585974906,MU,0.10824698091430945,0.011907391571242654,DLTR,0.09031567190987844,0.10542666134487821
2017-12,2017-12-01,2018-03-01,2017-12-01,104,80,4,3,3,0.10275404309184981,0.037009857653990896,ALGN,0.10969947645136152,-0.03353408126441526,MU,0.10824698091430945,0.13407929174446265,DLTR,0.09031567190987844,0.010484362481925302
2018-01,2018-01-02,2018-02-01,2018-01-02,103,82,4,1,1,0.08723584145990304,0.26811081067642384,STX,0.08723584145990304,0.26811081067642384,,,,,,
2018-01,2018-01-02,2018-03-01,2018-01-02,103,82,4,2,1,0.08723584145990304,0.25786183471672364,STX,0.08723584145990304,0.25786183471672364,,,,,,
2018-01,2018-01-02,2018-04-02,2018-01-02,103,82,4,3,1,0.08723584145990304,0.3593922798763436,STX,0.08723584145990304,0.3593922798763436,,,,,,
2018-01,2018-01-02,2018-02-01,2018-01-02,103,82,4,1,2,0.08620422977054346,0.14337223195251925,STX,0.08723584145990304,0.26811081067642384,ROST,0.08517261808118387,0.018633653228614655,,,
2018-01,2018-01-02,2018-03-01,2018-01-02,103,82,4,2,2,0.08620422977054346,0.11309231727591634,STX,0.08723584145990304,0.25786183471672364,ROST,0.08517261808118387,-0.03167720016489095,,,
2018-01,2018-01-02,2018-04-02,2018-01-02,103,82,4,3,2,0.08620422977054346,0.1516997193901436,STX,0.08723584145990304,0.3593922798763436,ROST,0.08517261808118387,-0.0559928410960564,,,
2018-01,2018-01-02,2018-02-01,2018-01-02,103,82,4,1,3,0.08435944854599718,0.08657457400226369,STX,0.08723584145990304,0.26811081067642384,ROST,0.08517261808118387,0.018633653228614655,MU,0.08066988609690462,-0.027020741898247436
2018-01,2018-01-02,2018-03-01,2018-01-02,103,82,4,2,3,0.08435944854599718,0.10554527768401596,STX,0.08723584145990304,0.25786183471672364,ROST,0.08517261808118387,-0.03167720016489095,MU,0.08066988609690462,0.09045119850021521
2018-01,2018-01-02,2018-04-02,2018-01-02,103,82,4,3,3,0.08435944854599718,0.1499081303551609,STX,0.08723584145990304,0.3593922798763436,ROST,0.08517261808118387,-0.0559928410960564,MU,0.08066988609690462,0.1463249522851955
2018-02,2018-02-01,2018-03-01,2018-02-01,103,82,4,1,1,0.1302454741489854,-0.00808208231758023,STX,0.1302454741489854,-0.00808208231758023,,,,,,
2018-02,2018-02-01,2018-04-02,2018-02-01,103,82,4,2,1,0.1302454741489854,0.07198224984079205,STX,0.1302454741489854,0.07198224984079205,,,,,,
2018-02,2018-02-01,2018-05-01,2018-02-01,103,82,4,3,1,0.1302454741489854,0.0062711589079258445,STX,0.1302454741489854,0.0062711589079258445,,,,,,
2018-02,2018-02-01,2018-03-01,2018-02-01,103,82,4,1,2,0.12220898016125238,0.04371991992559876,STX,0.1302454741489854,-0.00808208231758023,NFLX,0.11417248617351936,0.09552192216877775,,,
2018-02,2018-02-01,2018-04-02,2018-02-01,103,82,4,2,2,0.12220898016125238,0.06470051038240865,STX,0.1302454741489854,0.07198224984079205,NFLX,0.11417248617351936,0.05741877092402525,,,
2018-02,2018-02-01,2018-05-01,2018-02-01,103,82,4,3,2,0.12220898016125238,0.09411154730729143,STX,0.1302454741489854,0.0062711589079258445,NFLX,0.11417248617351936,0.18195193570665702,,,
2018-02,2018-02-01,2018-03-01,2018-02-01,103,82,4,1,3,0.11522963736505225,0.03497263763204739,STX,0.1302454741489854,-0.00808208231758023,NFLX,0.11417248617351936,0.09552192216877775,MELI,0.10127095177265197,0.017478073044944642
2018-02,2018-02-01,2018-04-02,2018-02-01,103,82,4,2,3,0.11522963736505225,0.015358832224455702,STX,0.1302454741489854,0.07198224984079205,NFLX,0.11417248617351936,0.05741877092402525,MELI,0.10127095177265197,-0.08332452409145019
2018-02,2018-02-01,2018-05-01,2018-02-01,103,82,4,3,3,0.11522963736505225,0.028154470745723487,STX,0.1302454741489854,0.0062711589079258445,NFLX,0.11417248617351936,0.18195193570665702,MELI,0.10127095177265197,-0.1037596823774124
2018-03,2018-03-01,2018-04-02,2018-03-01,103,82,4,1,1,0.12899530079039107,-0.09907102649861432,MELI,0.12899530079039107,-0.09907102649861432,,,,,,
2018-03,2018-03-01,2018-05-01,2018-03-01,103,82,4,2,1,0.12899530079039107,-0.11915515295532231,MELI,0.12899530079039107,-0.11915515295532231,,,,,,
2018-03,2018-03-01,2018-06-01,2018-03-01,103,82,4,3,1,0.12899530079039107,-0.23021433415488535,MELI,0.12899530079039107,-0.23021433415488535,,,,,,
2018-03,2018-03-01,2018-04-02,2018-03-01,103,82,4,1,2,0.118701531936023,-0.06692592346096254,MELI,0.12899530079039107,-0.09907102649861432,NFLX,0.10840776308165492,-0.034780820423310765,,,
2018-03,2018-03-01,2018-05-01,2018-03-01,103,82,4,2,2,0.118701531936023,-0.020130618918484333,MELI,0.12899530079039107,-0.11915515295532231,NFLX,0.10840776308165492,0.07889391511835364,,,
2018-03,2018-03-01,2018-06-01,2018-03-01,103,82,4,3,2,0.118701531936023,0.004628370974652352,MELI,0.12899530079039107,-0.23021433415488535,NFLX,0.10840776308165492,0.23947107610419005,,,
2018-03,2018-03-01,2018-04-02,2018-03-01,103,82,4,1,3,0.1151508468871354,-0.01771171860722594,MELI,0.12899530079039107,-0.09907102649861432,NFLX,0.10840776308165492,-0.034780820423310765,STX,0.10804947678936017,0.08071669110024726
2018-03,2018-03-01,2018-05-01,2018-03-01,103,82,4,2,3,0.1151508468871354,-0.008597015780240339,MELI,0.12899530079039107,-0.11915515295532231,NFLX,0.10840776308165492,0.07889391511835364,STX,0.10804947678936017,0.014470190496247648
2018-03,2018-03-01,2018-06-01,2018-03-01,103,82,4,3,3,0.1151508468871354,0.030926880544163555,MELI,0.12899530079039107,-0.23021433415488535,NFLX,0.10840776308165492,0.23947107610419005,STX,0.10804947678936017,0.08352389968318596
2018-04,2018-04-02,2018-05-01,2018-04-02,103,82,4,1,1,0.11382872052123996,0.11777090421215841,NFLX,0.11382872052123996,0.11777090421215841,,,,,,
2018-04,2018-04-02,2018-06-01,2018-04-02,103,82,4,2,1,0.11382872052123996,0.28413432133391514,NFLX,0.11382872052123996,0.28413432133391514,,,,,,
2018-04,2018-04-02,2018-07-02,2018-04-02,103,82,4,3,1,0.11382872052123996,0.4206001550975458,NFLX,0.11382872052123996,0.4206001550975458,,,,,,
2018-04,2018-04-02,2018-05-01,2018-04-02,103,82,4,1,2,0.11375735466896068,0.028236114888683328,NFLX,0.11382872052123996,0.11777090421215841,STX,0.1136859888166814,-0.061298674434791756,,,
2018-04,2018-04-02,2018-06-01,2018-04-02,103,82,4,2,2,0.11375735466896068,0.14336593240151863,NFLX,0.11382872052123996,0.28413432133391514,STX,0.1136859888166814,0.00259754346912211,,,
2018-04,2018-04-02,2018-07-02,2018-04-02,103,82,4,3,2,0.11375735466896068,0.2144732916790778,NFLX,0.11382872052123996,0.4206001550975458,STX,0.1136859888166814,0.008346428260609828,,,
2018-04,2018-04-02,2018-05-01,2018-04-02,103,82,4,1,3,0.09876514125740232,0.011393181354527751,NFLX,0.11382872052123996,0.11777090421215841,STX,0.1136859888166814,-0.061298674434791756,MELI,0.06878071443428557,-0.0222926857137834
2018-04,2018-04-02,2018-06-01,2018-04-02,103,82,4,2,3,0.09876514125740232,0.04705577639362853,NFLX,0.11382872052123996,0.28413432133391514,STX,0.1136859888166814,0.00259754346912211,MELI,0.06878071443428557,-0.14556453562215166
2018-04,2018-04-02,2018-07-02,2018-04-02,103,82,4,3,3,0.09876514125740232,0.09353903182854677,NFLX,0.11382872052123996,0.4206001550975458,STX,0.1136859888166814,0.008346428260609828,MELI,0.06878071443428557,-0.14832948787251532
2018-05,2018-05-01,2018-06-01,2018-05-01,103,82,4,1,1,0.12420227297226347,0.14883498621662095,NFLX,0.12420227297226347,0.14883498621662095,,,,,,
2018-05,2018-05-01,2018-07-02,2018-05-01,103,82,4,2,1,0.12420227297226347,0.2709224669779995,NFLX,0.12420227297226347,0.2709224669779995,,,,,,
2018-05,2018-05-01,2018-08-01,2018-05-01,103,82,4,3,1,0.12420227297226347,0.08005111182962232,NFLX,0.12420227297226347,0.08005111182962232,,,,,,
2018-05,2018-05-01,2018-06-01,2018-05-01,103,82,4,1,2,0.1015254970506117,0.09315022069717471,NFLX,0.12420227297226347,0.14883498621662095,AMZN,0.07884872112895994,0.03746545517772848,,,
2018-05,2018-05-01,2018-07-02,2018-05-01,103,82,4,2,2,0.1015254970506117,0.1770220649235753,NFLX,0.12420227297226347,0.2709224669779995,AMZN,0.07884872112895994,0.08312166286915113,,,
2018-05,2018-05-01,2018-08-01,2018-05-01,103,82,4,3,2,0.1015254970506117,0.1079379015353662,NFLX,0.12420227297226347,0.08005111182962232,AMZN,0.07884872112895994,0.13582469124111007,,,
2018-05,2018-05-01,2018-06-01,2018-05-01,103,82,4,1,3,0.09097089345243274,0.08478972764150217,NFLX,0.12420227297226347,0.14883498621662095,AMZN,0.07884872112895994,0.03746545517772848,STX,0.06986168625607478,0.06806874153015707
2018-05,2018-05-01,2018-07-02,2018-05-01,103,82,4,2,3,0.09097089345243274,0.14274572246554196,NFLX,0.12420227297226347,0.2709224669779995,AMZN,0.07884872112895994,0.08312166286915113,STX,0.06986168625607478,0.07419303754947526
2018-05,2018-05-01,2018-08-01,2018-05-01,103,82,4,3,3,0.09097089345243274,0.06847209710585533,NFLX,0.12420227297226347,0.08005111182962232,AMZN,0.07884872112895994,0.13582469124111007,STX,0.06986168625607478,-0.010459511753166395
2018-06,2018-06-01,2018-07-02,2018-06-01,103,82,4,1,1,0.09051203095025206,-0.07252289835058356,MU,0.09051203095025206,-0.07252289835058356,,,,,,
2018-06,2018-06-01,2018-08-01,2018-06-01,103,82,4,2,1,0.09051203095025206,-0.10980592577319481,MU,0.09051203095025206,-0.10980592577319481,,,,,,
2018-06,2018-06-01,2018-09-04,2018-06-01,103,82,4,3,1,0.09051203095025206,-0.11593459608249934,MU,0.09051203095025206,-0.11593459608249934,,,,,,
2018-06,2018-06-01,2018-07-02,2018-06-01,103,82,4,1,2,0.08617438949690683,0.016873893248184058,MU,0.09051203095025206,-0.07252289835058356,NFLX,0.08183674804356159,0.10627068484695168,,,
2018-06,2018-06-01,2018-08-01,2018-06-01,103,82,4,2,2,0.08617438949690683,-0.08483932242136394,MU,0.09051203095025206,-0.10980592577319481,NFLX,0.08183674804356159,-0.059872719069533065,,,
2018-06,2018-06-01,2018-09-04,2018-06-01,103,82,4,3,2,0.08617438949690683,-0.05286907644923433,MU,0.09051203095025206,-0.11593459608249934,NFLX,0.08183674804356159,0.010196443184030679,,,
2018-06,2018-06-01,2018-07-02,2018-06-01,103,82,4,1,3,0.08328667308801783,0.01844451722210309,MU,0.09051203095025206,-0.07252289835058356,NFLX,0.08183674804356159,0.10627068484695168,ALGN,0.07751124027023987,0.02158576516994115
2018-06,2018-06-01,2018-08-01,2018-06-01,103,82,4,2,3,0.08328667308801783,-0.0359344758823239,MU,0.09051203095025206,-0.10980592577319481,NFLX,0.08183674804356159,-0.059872719069533065,ALGN,0.07751124027023987,0.06187521719575617
2018-06,2018-06-01,2018-09-04,2018-06-01,103,82,4,3,3,0.08328667308801783,0.017032102894882255,MU,0.09051203095025206,-0.11593459608249934,NFLX,0.08183674804356159,0.010196443184030679,ALGN,0.07751124027023987,0.15683446158311543
2018-07,2018-07-02,2018-08-01,2018-07-02,103,82,4,1,1,0.09270930536961172,0.03943814939425372,ALGN,0.09270930536961172,0.03943814939425372,,,,,,
2018-07,2018-07-02,2018-09-04,2018-07-02,103,82,4,2,1,0.09270930536961172,0.1323909367420324,ALGN,0.09270930536961172,0.1323909367420324,,,,,,
2018-07,2018-07-02,2018-10-01,2018-07-02,103,82,4,3,1,0.09270930536961172,0.15058184559242593,ALGN,0.09270930536961172,0.15058184559242593,,,,,,
2018-07,2018-07-02,2018-08-01,2018-07-02,103,82,4,1,2,0.0886166220413584,-0.0553725851435522,ALGN,0.09270930536961172,0.03943814939425372,NFLX,0.08452393871310507,-0.15018331968135812,,,
2018-07,2018-07-02,2018-09-04,2018-07-02,103,82,4,2,2,0.0886166220413584,0.022772894231210372,ALGN,0.09270930536961172,0.1323909367420324,NFLX,0.08452393871310507,-0.08684514827961165,,,
2018-07,2018-07-02,2018-10-01,2018-07-02,103,82,4,3,2,0.0886166220413584,0.05425773173083187,ALGN,0.09270930536961172,0.15058184559242593,NFLX,0.08452393871310507,-0.04206638213076219,,,
2018-07,2018-07-02,2018-08-01,2018-07-02,103,82,4,1,3,0.07866710250750863,-0.03820760869774228,ALGN,0.09270930536961172,0.03943814939425372,NFLX,0.08452393871310507,-0.15018331968135812,INTU,0.058768063439809115,-0.0038776558061224264
2018-07,2018-07-02,2018-09-04,2018-07-02,103,82,4,2,3,0.07866710250750863,0.04067901979285552,ALGN,0.09270930536961172,0.1323909367420324,NFLX,0.08452393871310507,-0.08684514827961165,INTU,0.058768063439809115,0.07649127091614583
2018-07,2018-07-02,2018-10-01,2018-07-02,103,82,4,3,3,0.07866710250750863,0.07301540180751691,ALGN,0.09270930536961172,0.15058184559242593,NFLX,0.08452393871310507,-0.04206638213076219,INTU,0.058768063439809115,0.11053074196088697
2018-08,2018-08-01,2018-09-04,2018-08-01,103,83,4,1,1,0.10548067388780125,0.0894259917263458,ALGN,0.10548067388780125,0.0894259917263458,,,,,,
2018-08,2018-08-01,2018-10-01,2018-08-01,103,83,4,2,1,0.10548067388780125,0.10692670483851563,ALGN,0.10548067388780125,0.10692670483851563,,,,,,
2018-08,2018-08-01,2018-11-01,2018-08-01,103,83,4,3,1,0.10548067388780125,-0.3470455499643573,ALGN,0.10548067388780125,-0.3470455499643573,,,,,,
2018-08,2018-08-01,2018-09-04,2018-08-01,103,83,4,1,2,0.09801266787501384,0.0907792672900708,ALGN,0.10548067388780125,0.0894259917263458,ILMN,0.09054466186222643,0.0921325428537958,,,
2018-08,2018-08-01,2018-10-01,2018-08-01,103,83,4,2,2,0.09801266787501384,0.1204590264451566,ALGN,0.10548067388780125,0.10692670483851563,ILMN,0.09054466186222643,0.13399134805179758,,,
2018-08,2018-08-01,2018-11-01,2018-08-01,103,83,4,3,2,0.09801266787501384,-0.18974956973828783,ALGN,0.10548067388780125,-0.3470455499643573,ILMN,0.09054466186222643,-0.03245358951221833,,,
2018-08,2018-08-01,2018-09-04,2018-08-01,103,83,4,1,3,0.08895764830397018,0.10546797574365245,ALGN,0.10548067388780125,0.0894259917263458,ILMN,0.09054466186222643,0.0921325428537958,AMZN,0.07084760916188287,0.13484539265081574
2018-08,2018-08-01,2018-10-01,2018-08-01,103,83,4,2,3,0.08895764830397018,0.11873497342962087,ALGN,0.10548067388780125,0.10692670483851563,ILMN,0.09054466186222643,0.13399134805179758,AMZN,0.07084760916188287,0.11528686739854943
2018-08,2018-08-01,2018-11-01,2018-08-01,103,83,4,3,3,0.08895764830397018,-0.15091588193821906,ALGN,0.10548067388780125,-0.3470455499643573,ILMN,0.09054466186222643,-0.03245358951221833,AMZN,0.07084760916188287,-0.07324850633808155
2018-09,2018-09-04,2018-10-01,2018-09-04,103,83,4,1,1,0.11892663388058983,0.01606415969976771,ALGN,0.11892663388058983,0.01606415969976771,,,,,,
2018-09,2018-09-04,2018-11-01,2018-09-04,103,83,4,2,1,0.11892663388058983,-0.4006435912172921,ALGN,0.11892663388058983,-0.4006435912172921,,,,,,
2018-09,2018-09-04,2018-12-03,2018-09-04,103,83,4,3,1,0.11892663388058983,-0.38831649453256734,ALGN,0.11892663388058983,-0.38831649453256734,,,,,,
2018-09,2018-09-04,2018-10-01,2018-09-04,103,83,4,1,2,0.10915222617275494,0.02719587341683627,ALGN,0.11892663388058983,0.01606415969976771,ILMN,0.09937781846492005,0.03832758713390483,,,
2018-09,2018-09-04,2018-11-01,2018-09-04,103,83,4,2,2,0.10915222617275494,-0.25735980495157085,ALGN,0.11892663388058983,-0.4006435912172921,ILMN,0.09937781846492005,-0.1140760186858496,,,
2018-09,2018-09-04,2018-12-03,2018-09-04,103,83,4,3,2,0.10915222617275494,-0.1980674699052578,ALGN,0.11892663388058983,-0.38831649453256734,ILMN,0.09937781846492005,-0.007818445277948283,,,
2018-09,2018-09-04,2018-10-01,2018-09-04,103,83,4,1,3,0.1033259324552646,0.03061027471343884,ALGN,0.11892663388058983,0.01606415969976771,ILMN,0.09937781846492005,0.03832758713390483,QCOM,0.09167334502028388,0.037439077306643975
2018-09,2018-09-04,2018-11-01,2018-09-04,103,83,4,2,3,0.1033259324552646,-0.2014389726366348,ALGN,0.11892663388058983,-0.4006435912172921,ILMN,0.09937781846492005,-0.1140760186858496,QCOM,0.09167334502028388,-0.08959730800676269
2018-09,2018-09-04,2018-12-03,2018-09-04,103,83,4,3,3,0.1033259324552646,-0.1836788365439013,ALGN,0.11892663388058983,-0.38831649453256734,ILMN,0.09937781846492005,-0.007818445277948283,QCOM,0.09167334502028388,-0.1549015698211883
2018-10,2018-10-01,2018-11-01,2018-10-01,103,83,4,1,1,0.07465789938278422,-0.14677796074014937,ILMN,0.07465789938278422,-0.14677796074014937,,,,,,
2018-10,2018-10-01,2018-12-03,2018-10-01,103,83,4,2,1,0.07465789938278422,-0.04444265276552062,ILMN,0.07465789938278422,-0.04444265276552062,,,,,,
2018-10,2018-10-01,2019-01-02,2018-10-01,103,83,4,3,1,0.07465789938278422,-0.19648609538755946,ILMN,0.07465789938278422,-0.19648609538755946,,,,,,
2018-10,2018-10-01,2018-11-01,2018-10-01,103,83,4,1,2,0.07051994306360837,-0.12300481925565776,ILMN,0.07465789938278422,-0.14677796074014937,REGN,0.06638198674443252,-0.09923167777116615,,,
2018-10,2018-10-01,2018-12-03,2018-10-01,103,83,4,2,2,0.07051994306360837,-0.0369590087103332,ILMN,0.07465789938278422,-0.04444265276552062,REGN,0.06638198674443252,-0.029475364655145775,,,
2018-10,2018-10-01,2019-01-02,2018-10-01,103,83,4,3,2,0.07051994306360837,-0.12587924467651795,ILMN,0.07465789938278422,-0.19648609538755946,REGN,0.06638198674443252,-0.05527239396547645,,,
2018-10,2018-10-01,2018-11-01,2018-10-01,103,83,4,1,3,0.06798565591444171,-0.10626718838698963,ILMN,0.07465789938278422,-0.14677796074014937,REGN,0.06638198674443252,-0.09923167777116615,ORLY,0.06291708161610837,-0.0727919266496534
2018-10,2018-10-01,2018-12-03,2018-10-01,103,83,4,2,3,0.06798565591444171,-0.024099508399347824,ILMN,0.07465789938278422,-0.04444265276552062,REGN,0.06638198674443252,-0.029475364655145775,ORLY,0.06291708161610837,0.0016194922226229203
2018-10,2018-10-01,2019-01-02,2018-10-01,103,83,4,3,3,0.06798565591444171,-0.08838282904160573,ILMN,0.07465789938278422,-0.19648609538755946,REGN,0.06638198674443252,-0.05527239396547645,ORLY,0.06291708161610837,-0.013389997771781292
2018-11,2018-11-01,2018-12-03,2018-11-01,103,83,4,1,1,0.04741477093664276,0.1574690224251336,SBUX,0.04741477093664276,0.1574690224251336,,,,,,
2018-11,2018-11-01,2019-01-02,2018-11-01,103,83,4,2,1,0.04741477093664276,0.10293923656672188,SBUX,0.04741477093664276,0.10293923656672188,,,,,,
2018-11,2018-11-01,2019-02-01,2018-11-01,103,83,4,3,1,0.04741477093664276,0.16792917099596516,SBUX,0.04741477093664276,0.16792917099596516,,,,,,
2018-11,2018-11-01,2018-12-03,2018-11-01,103,83,4,1,2,0.04705544217811056,-0.003965320545614326,SBUX,0.04741477093664276,0.1574690224251336,AAPL,0.046696113419578356,-0.16539966351636226,,,
2018-11,2018-11-01,2019-01-02,2018-11-01,103,83,4,2,2,0.04705544217811056,-0.09196712325053968,SBUX,0.04741477093664276,0.10293923656672188,AAPL,0.046696113419578356,-0.28687348306780125,,,
2018-11,2018-11-01,2019-02-01,2018-11-01,103,83,4,3,2,0.04705544217811056,-0.040054406578527435,SBUX,0.04741477093664276,0.16792917099596516,AAPL,0.046696113419578356,-0.24803798415302003,,,
2018-11,2018-11-01,2018-12-03,2018-11-01,103,83,4,1,3,0.04572255217961282,0.03831630706661567,SBUX,0.04741477093664276,0.1574690224251336,AAPL,0.046696113419578356,-0.16539966351636226,ULTA,0.04305677218261733,0.12287956229107566
2018-11,2018-11-01,2019-01-02,2018-11-01,103,83,4,2,3,0.04572255217961282,-0.09181762526912984,SBUX,0.04741477093664276,0.10293923656672188,AAPL,0.046696113419578356,-0.28687348306780125,ULTA,0.04305677218261733,-0.09151862930631016
2018-11,2018-11-01,2019-02-01,2018-11-01,103,83,4,3,3,0.04572255217961282,-0.00422022132262138,SBUX,0.04741477093664276,0.16792917099596516,AAPL,0.046696113419578356,-0.24803798415302003,ULTA,0.04305677218261733,0.06744814918919073
2018-12,2018-12-03,2019-01-02,2018-12-03,103,84,4,1,1,0.08324613708411085,-0.048033357640092866,WDAY,0.08324613708411085,-0.048033357640092866,,,,,,
2018-12,2018-12-03,2019-02-01,2018-12-03,103,84,4,2,1,0.08324613708411085,0.10881998912242952,WDAY,0.08324613708411085,0.10881998912242952,,,,,,
2018-12,2018-12-03,2019-03-01,2018-12-03,103,84,4,3,1,0.08324613708411085,0.12717518444447418,WDAY,0.08324613708411085,0.12717518444447418,,,,,,
2018-12,2018-12-03,2019-01-02,2018-12-03,103,84,4,1,2,0.07770159859018912,-0.047572292318954934,WDAY,0.08324613708411085,-0.048033357640092866,SBUX,0.07215706009626738,-0.047111226997817,,,
2018-12,2018-12-03,2019-02-01,2018-12-03,103,84,4,2,2,0.07770159859018912,0.05892853819744759,WDAY,0.08324613708411085,0.10881998912242952,SBUX,0.07215706009626738,0.00903708727246566,,,
2018-12,2018-12-03,2019-03-01,2018-12-03,103,84,4,3,2,0.07770159859018912,0.09114133055282303,WDAY,0.08324613708411085,0.12717518444447418,SBUX,0.07215706009626738,0.055107476661171884,,,
2018-12,2018-12-03,2019-01-02,2018-12-03,103,84,4,1,3,0.07443663156386816,-0.09536021253978351,WDAY,0.08324613708411085,-0.048033357640092866,SBUX,0.07215706009626738,-0.047111226997817,ULTA,0.06790669751122624,-0.19093605298144067
2018-12,2018-12-03,2019-02-01,2018-12-03,103,84,4,2,3,0.07443663156386816,0.022830554536172814,WDAY,0.08324613708411085,0.10881998912242952,SBUX,0.07215706009626738,0.00903708727246566,ULTA,0.06790669751122624,-0.04936541278637674
2018-12,2018-12-03,2019-03-01,2018-12-03,103,84,4,3,3,0.07443663156386816,0.07034249148049887,WDAY,0.08324613708411085,0.12717518444447418,SBUX,0.07215706009626738,0.055107476661171884,ULTA,0.06790669751122624,0.02874481333585055
2019-01,2019-01-02,2019-02-01,2019-01-02,103,88,4,1,1,0.050882519110336394,0.05892431085464578,SBUX,0.050882519110336394,0.05892431085464578,,,,,,
2019-01,2019-01-02,2019-03-01,2019-01-02,103,88,4,2,1,0.050882519110336394,0.10727243992699931,SBUX,0.050882519110336394,0.10727243992699931,,,,,,
2019-01,2019-01-02,2019-04-01,2019-01-02,103,88,4,3,1,0.050882519110336394,0.15587663761112447,SBUX,0.050882519110336394,0.15587663761112447,,,,,,
2019-01,2019-01-02,2019-02-01,2019-01-02,103,88,4,1,2,0.04772480883047672,0.05569380810864466,SBUX,0.050882519110336394,0.05892431085464578,AVGO,0.04456709855061705,0.05246330536264354,,,
2019-01,2019-01-02,2019-03-01,2019-01-02,103,88,4,2,2,0.04772480883047672,0.09158342957857935,SBUX,0.050882519110336394,0.10727243992699931,AVGO,0.04456709855061705,0.07589441923015938,,,
2019-01,2019-01-02,2019-04-01,2019-01-02,103,88,4,3,2,0.04772480883047672,0.18643805911425515,SBUX,0.050882519110336394,0.15587663761112447,AVGO,0.04456709855061705,0.21699948061738583,,,
2019-01,2019-01-02,2019-02-01,2019-01-02,103,88,4,1,3,0.04631256537551107,0.06622012169458642,SBUX,0.050882519110336394,0.05892431085464578,AVGO,0.04456709855061705,0.05246330536264354,NTES,0.043488078465579755,0.08727274886646996
2019-01,2019-01-02,2019-03-01,2019-01-02,103,88,4,2,3,0.04631256537551107,0.04312237324684509,SBUX,0.050882519110336394,0.10727243992699931,AVGO,0.04456709855061705,0.07589441923015938,NTES,0.043488078465579755,-0.053799739416623416
2019-01,2019-01-02,2019-04-01,2019-01-02,103,88,4,3,3,0.04631256537551107,0.16317842318822726,SBUX,0.050882519110336394,0.15587663761112447,AVGO,0.04456709855061705,0.21699948061738583,NTES,0.043488078465579755,0.11665915133617144
2019-02,2019-02-01,2019-03-01,2019-02-01,103,88,4,1,1,0.06973504390773483,0.016553809907929207,WDAY,0.06973504390773483,0.016553809907929207,,,,,,
2019-02,2019-02-01,2019-04-01,2019-02-01,103,88,4,2,1,0.06973504390773483,0.035956156773029546,WDAY,0.06973504390773483,0.035956156773029546,,,,,,
2019-02,2019-02-01,2019-05-01,2019-02-01,103,88,4,3,1,0.06973504390773483,0.08126408317524536,WDAY,0.06973504390773483,0.08126408317524536,,,,,,
2019-02,2019-02-01,2019-03-01,2019-02-01,103,88,4,1,2,0.0633234570783982,0.039933924466334814,WDAY,0.06973504390773483,0.016553809907929207,INCY,0.05691187024906158,0.06331403902474042,,,
2019-02,2019-02-01,2019-04-01,2019-02-01,103,88,4,2,2,0.0633234570783982,0.0362486937157831,WDAY,0.06973504390773483,0.035956156773029546,INCY,0.05691187024906158,0.03654123065853665,,,
2019-02,2019-02-01,2019-05-01,2019-02-01,103,88,4,3,2,0.0633234570783982,0.016452141711926993,WDAY,0.06973504390773483,0.08126408317524536,INCY,0.05691187024906158,-0.048359799751391375,,,
2019-02,2019-02-01,2019-03-01,2019-02-01,103,88,4,1,3,0.06089547117272747,0.04184187500475326,WDAY,0.06973504390773483,0.016553809907929207,INCY,0.05691187024906158,0.06331403902474042,SBUX,0.056039499361386,0.04565777608159016
2019-02,2019-02-01,2019-04-01,2019-02-01,103,88,4,2,3,0.06089547117272747,0.05468491971851552,WDAY,0.06973504390773483,0.035956156773029546,INCY,0.05691187024906158,0.03654123065853665,SBUX,0.056039499361386,0.09155737172398037
2019-02,2019-02-01,2019-05-01,2019-02-01,103,88,4,3,3,0.06089547117272747,0.05900110846323366,WDAY,0.06973504390773483,0.08126408317524536,INCY,0.05691187024906158,-0.048359799751391375,SBUX,0.056039499361386,0.144099041965847
2019-03,2019-03-01,2019-04-01,2019-03-01,103,88,4,1,1,0.08755494102878861,0.1471746713029094,MELI,0.08755494102878861,0.1471746713029094,,,,,,
2019-03,2019-03-01,2019-05-01,2019-03-01,103,88,4,2,1,0.08755494102878861,0.07326630782183541,MELI,0.08755494102878861,0.07326630782183541,,,,,,
2019-03,2019-03-01,2019-06-03,2019-03-01,103,88,4,3,1,0.08755494102878861,0.25934372749055035,MELI,0.08755494102878861,0.25934372749055035,,,,,,
2019-03,2019-03-01,2019-04-01,2019-03-01,103,88,4,1,2,0.08755249593532906,0.08313053281229055,MELI,0.08755494102878861,0.1471746713029094,WDAY,0.08755005084186951,0.019086394321671696,,,
2019-03,2019-03-01,2019-05-01,2019-03-01,103,88,4,2,2,0.08755249593532906,0.06846141161681196,MELI,0.08755494102878861,0.07326630782183541,WDAY,0.08755005084186951,0.06365651541178852,,,
2019-03,2019-03-01,2019-06-03,2019-03-01,103,88,4,3,2,0.08755249593532906,0.1369151901225777,MELI,0.08755494102878861,0.25934372749055035,WDAY,0.08755005084186951,0.014486652754605034,,,
2019-03,2019-03-01,2019-04-01,2019-03-01,103,88,4,1,3,0.08308736966164987,0.04702747302299615,MELI,0.08755494102878861,0.1471746713029094,WDAY,0.08755005084186951,0.019086394321671696,INCY,0.07415711711429149,-0.025178646555592654
2019-03,2019-03-01,2019-05-01,2019-03-01,103,88,4,2,3,0.08308736966164987,0.010632832881053286,MELI,0.08755494102878861,0.07326630782183541,WDAY,0.08755005084186951,0.06365651541178852,INCY,0.07415711711429149,-0.10502432459046407
2019-03,2019-03-01,2019-06-03,2019-03-01,103,88,4,3,3,0.08308736966164987,0.05872603620678666,MELI,0.08755494102878861,0.25934372749055035,WDAY,0.08755005084186951,0.014486652754605034,INCY,0.07415711711429149,-0.0976522716247954
2019-04,2019-04-01,2019-05-01,2019-04-01,103,90,4,1,1,0.11857383669273139,-0.03651244542155163,TCOM,0.11857383669273139,-0.03651244542155163,,,,,,
2019-04,2019-04-01,2019-06-03,2019-04-01,103,90,4,2,1,0.11857383669273139,-0.2485062762776875,TCOM,0.11857383669273139,-0.2485062762776875,,,,,,
2019-04,2019-04-01,2019-07-01,2019-04-01,103,90,4,3,1,0.11857383669273139,-0.1445009642044096,TCOM,0.11857383669273139,-0.1445009642044096,,,,,,
2019-04,2019-04-01,2019-05-01,2019-04-01,103,90,4,1,2,0.11126803663032833,-0.05046943545419019,TCOM,0.11857383669273139,-0.03651244542155163,MELI,0.10396223656792528,-0.06442642548682875,,,
2019-04,2019-04-01,2019-06-03,2019-04-01,103,90,4,2,2,0.11126803663032833,-0.07536387175526671,TCOM,0.11857383669273139,-0.2485062762776875,MELI,0.10396223656792528,0.09777853276715409,,,
2019-04,2019-04-01,2019-07-01,2019-04-01,103,90,4,3,2,0.11126803663032833,0.025412190948153557,TCOM,0.11857383669273139,-0.1445009642044096,MELI,0.10396223656792528,0.19532534610071672,,,
2019-04,2019-04-01,2019-05-01,2019-04-01,103,90,4,1,3,0.1057514238740745,-0.0449493245330486,TCOM,0.11857383669273139,-0.03651244542155163,MELI,0.10396223656792528,-0.06442642548682875,JD,0.09471819836156689,-0.033909102690765414
2019-04,2019-04-01,2019-06-03,2019-04-01,103,90,4,2,3,0.1057514238740745,-0.10889047387039304,TCOM,0.11857383669273139,-0.2485062762776875,MELI,0.10396223656792528,0.09777853276715409,JD,0.09471819836156689,-0.1759436781006457
2019-04,2019-04-01,2019-07-01,2019-04-01,103,90,4,3,3,0.1057514238740745,0.016195045230842513,TCOM,0.11857383669273139,-0.1445009642044096,MELI,0.10396223656792528,0.19532534610071672,JD,0.09471819836156689,-0.002239246203779577
2019-05,2019-05-01,2019-06-03,2019-05-01,103,90,4,1,1,0.13623050375197876,0.17337488218218078,MELI,0.13623050375197876,0.17337488218218078,,,,,,
2019-05,2019-05-01,2019-07-01,2019-05-01,103,90,4,2,1,0.13623050375197876,0.27763906406047023,MELI,0.13623050375197876,0.27763906406047023,,,,,,
2019-05,2019-05-01,2019-08-01,2019-05-01,103,90,4,3,1,0.13623050375197876,0.2923689435534049,MELI,0.13623050375197876,0.2923689435534049,,,,,,
2019-05,2019-05-01,2019-06-03,2019-05-01,103,90,4,1,2,0.1343461444125761,-0.02741463147334966,MELI,0.13623050375197876,0.17337488218218078,QCOM,0.13246178507317347,-0.2282041451288801,,,
2019-05,2019-05-01,2019-07-01,2019-05-01,103,90,4,2,2,0.1343461444125761,0.09168835995097957,MELI,0.13623050375197876,0.27763906406047023,QCOM,0.13246178507317347,-0.09426234415851109,,,
2019-05,2019-05-01,2019-08-01,2019-05-01,103,90,4,3,2,0.1343461444125761,0.062132115128813614,MELI,0.13623050375197876,0.2923689435534049,QCOM,0.13246178507317347,-0.1681047132957777,,,
2019-05,2019-05-01,2019-06-03,2019-05-01,103,90,4,1,3,0.1327915117241917,-0.09161894621733724,MELI,0.13623050375197876,0.17337488218218078,QCOM,0.13246178507317347,-0.2282041451288801,TCOM,0.1296822463474229,-0.2200275757053124
2019-05,2019-05-01,2019-07-01,2019-05-01,103,90,4,2,3,0.1327915117241917,0.023765284881184456,MELI,0.13623050375197876,0.27763906406047023,QCOM,0.13246178507317347,-0.09426234415851109,TCOM,0.1296822463474229,-0.11208086525840577
2019-05,2019-05-01,2019-08-01,2019-05-01,103,90,4,3,3,0.1327915117241917,-0.006427307210673305,MELI,0.13623050375197876,0.2923689435534049,QCOM,0.13246178507317347,-0.1681047132957777,TCOM,0.1296822463474229,-0.14354615188964714
2019-06,2019-06-03,2019-07-01,2019-06-03,103,90,4,1,1,0.12366167797995026,0.08885837208683411,MELI,0.12366167797995026,0.08885837208683411,,,,,,
2019-06,2019-06-03,2019-08-01,2019-06-03,103,90,4,2,1,0.12366167797995026,0.10141180212578371,MELI,0.12366167797995026,0.10141180212578371,,,,,,
2019-06,2019-06-03,2019-09-03,2019-06-03,103,90,4,3,1,0.12366167797995026,0.021502505492165813,MELI,0.12366167797995026,0.021502505492165813,,,,,,
2019-06,2019-06-03,2019-07-01,2019-06-03,103,90,4,1,2,0.11650051244798837,0.13120200305520024,MELI,0.12366167797995026,0.08885837208683411,QCOM,0.10933934691602648,0.17354563402356638,,,
2019-06,2019-06-03,2019-08-01,2019-06-03,103,90,4,2,2,0.11650051244798837,0.08964069933486385,MELI,0.12366167797995026,0.10141180212578371,QCOM,0.10933934691602648,0.07786959654394399,,,
2019-06,2019-06-03,2019-09-03,2019-06-03,103,90,4,3,2,0.11650051244798837,0.07935761164098765,MELI,0.12366167797995026,0.021502505492165813,QCOM,0.10933934691602648,0.13721271778980948,,,
2019-06,2019-06-03,2019-07-01,2019-06-03,103,90,4,1,3,0.09990048507426626,0.15040694081111586,MELI,0.12366167797995026,0.08885837208683411,QCOM,0.10933934691602648,0.17354563402356638,CDNS,0.06670043032682202,0.1888168163229471
2019-06,2019-06-03,2019-08-01,2019-06-03,103,90,4,2,3,0.09990048507426626,0.12102464781354676,MELI,0.12366167797995026,0.10141180212578371,QCOM,0.10933934691602648,0.07786959654394399,CDNS,0.06670043032682202,0.18379254477091256
2019-06,2019-06-03,2019-09-03,2019-06-03,103,90,4,3,3,0.09990048507426626,0.08769707089991519,MELI,0.12366167797995026,0.021502505492165813,QCOM,0.10933934691602648,0.13721271778980948,CDNS,0.06670043032682202,0.10437598941777027
2019-07,2019-07-01,2019-08-01,2019-07-01,103,90,4,1,1,0.12959538918610886,-0.08152732599889778,QCOM,0.12959538918610886,-0.08152732599889778,,,,,,
2019-07,2019-07-01,2019-09-03,2019-07-01,103,90,4,2,1,0.12959538918610886,-0.03095995177382871,QCOM,0.12959538918610886,-0.03095995177382871,,,,,,
2019-07,2019-07-01,2019-10-01,2019-07-01,103,90,4,3,1,0.12959538918610886,-0.018715126948576688,QCOM,0.12959538918610886,-0.018715126948576688,,,,,,
2019-07,2019-07-01,2019-08-01,2019-07-01,103,90,4,1,2,0.10792038210369137,-0.03499917132598618,QCOM,0.12959538918610886,-0.08152732599889778,MELI,0.08624537502127388,0.011528983346925425,,,
2019-07,2019-07-01,2019-09-03,2019-07-01,103,90,4,2,2,0.10792038210369137,-0.04640955696070381,QCOM,0.12959538918610886,-0.03095995177382871,MELI,0.08624537502127388,-0.06185916214757892,,,
2019-07,2019-07-01,2019-10-01,2019-07-01,103,90,4,3,2,0.10792038210369137,-0.06496784358792052,QCOM,0.12959538918610886,-0.018715126948576688,MELI,0.08624537502127388,-0.11122056022726434,,,
2019-07,2019-07-01,2019-08-01,2019-07-01,103,90,4,1,3,0.09613210230388264,-0.03764902148036494,QCOM,0.12959538918610886,-0.08152732599889778,MELI,0.08624537502127388,0.011528983346925425,AMD,0.07255554270426517,-0.04294872178912246
2019-07,2019-07-01,2019-09-03,2019-07-01,103,90,4,2,3,0.09613210230388264,-0.03414484499381528,QCOM,0.12959538918610886,-0.03095995177382871,MELI,0.08624537502127388,-0.06185916214757892,AMD,0.07255554270426517,-0.00961542106003821
2019-07,2019-07-01,2019-10-01,2019-07-01,103,90,4,3,3,0.09613210230388264,-0.06938027686194514,QCOM,0.12959538918610886,-0.018715126948576688,MELI,0.08624537502127388,-0.11122056022726434,AMD,0.07255554270426517,-0.0782051434099944
2019-08,2019-08-01,2019-09-03,2019-08-01,103,90,4,1,1,0.08946160198747843,0.05505593759777816,QCOM,0.08946160198747843,0.05505593759777816,,,,,,
2019-08,2019-08-01,2019-10-01,2019-08-01,103,90,4,2,1,0.08946160198747843,0.06838766228797533,QCOM,0.08946160198747843,0.06838766228797533,,,,,,
2019-08,2019-08-01,2019-11-01,2019-08-01,103,90,4,3,1,0.08946160198747843,0.18319629562567763,QCOM,0.08946160198747843,0.18319629562567763,,,,,,
2019-08,2019-08-01,2019-09-03,2019-08-01,103,90,4,1,2,0.08618751013728435,0.0038407961472667895,QCOM,0.08946160198747843,0.05505593759777816,HAS,0.08291341828709026,-0.04737434530324458,,,
2019-08,2019-08-01,2019-10-01,2019-08-01,103,90,4,2,2,0.08618751013728435,0.04407797044289741,QCOM,0.08946160198747843,0.06838766228797533,HAS,0.08291341828709026,0.01976827859781949,,,
2019-08,2019-08-01,2019-11-01,2019-08-01,103,90,4,3,2,0.08618751013728435,0.014418956781763248,QCOM,0.08946160198747843,0.18319629562567763,HAS,0.08291341828709026,-0.15435838206215113,,,
2019-08,2019-08-01,2019-09-03,2019-08-01,103,90,4,1,3,0.08023372739605789,0.008700110358132155,QCOM,0.08946160198747843,0.05505593759777816,HAS,0.08291341828709026,-0.04737434530324458,SBUX,0.06832616191360497,0.018418738779862887
2019-08,2019-08-01,2019-10-01,2019-08-01,103,90,4,2,3,0.08023372739605789,-0.00046757527351278433,QCOM,0.08946160198747843,0.06838766228797533,HAS,0.08291341828709026,0.01976827859781949,SBUX,0.06832616191360497,-0.08955866670633317
2019-08,2019-08-01,2019-11-01,2019-08-01,103,90,4,3,3,0.08023372739605789,-0.031816768867605205,QCOM,0.08946160198747843,0.18319629562567763,HAS,0.08291341828709026,-0.15435838206215113,SBUX,0.06832616191360497,-0.12428822016634211
2019-09,2019-09-03,2019-10-01,2019-09-03,103,90,4,1,1,0.07384652086988813,-0.06645905936973762,TTWO,0.07384652086988813,-0.06645905936973762,,,,,,
2019-09,2019-09-03,2019-11-01,2019-09-03,103,90,4,2,1,0.07384652086988813,-0.11210695523076508,TTWO,0.07384652086988813,-0.11210695523076508,,,,,,
2019-09,2019-09-03,2019-12-02,2019-09-03,103,90,4,3,1,0.07384652086988813,-0.08301686162204891,TTWO,0.07384652086988813,-0.08301686162204891,,,,,,
2019-09,2019-09-03,2019-10-01,2019-09-03,103,90,4,1,2,0.06737185956638686,-0.08624181302892853,TTWO,0.07384652086988813,-0.06645905936973762,SBUX,0.06089719826288559,-0.10602456668811944,,,
2019-09,2019-09-03,2019-11-01,2019-09-03,103,90,4,2,2,0.06737185956638686,-0.12611648485991633,TTWO,0.07384652086988813,-0.11210695523076508,SBUX,0.06089719826288559,-0.14012601448906759,,,
2019-09,2019-09-03,2019-12-02,2019-09-03,103,90,4,3,2,0.06737185956638686,-0.10236017404770259,TTWO,0.07384652086988813,-0.08301686162204891,SBUX,0.06089719826288559,-0.12170348647335627,,,
2019-09,2019-09-03,2019-10-01,2019-09-03,103,90,4,1,3,0.06471528624627286,-0.050998423834918594,TTWO,0.07384652086988813,-0.06645905936973762,SBUX,0.06089719826288559,-0.10602456668811944,WDC,0.059402139606044846,0.019488354553101273
2019-09,2019-09-03,2019-11-01,2019-09-03,103,90,4,2,3,0.06471528624627286,-0.10241826115150106,TTWO,0.07384652086988813,-0.11210695523076508,SBUX,0.06089719826288559,-0.14012601448906759,WDC,0.059402139606044846,-0.05502181373467052
2019-09,2019-09-03,2019-12-02,2019-09-03,103,90,4,3,3,0.06471528624627286,-0.11776979734193253,TTWO,0.07384652086988813,-0.08301686162204891,SBUX,0.06089719826288559,-0.12170348647335627,WDC,0.059402139606044846,-0.1485890439303924
2019-10,2019-10-01,2019-11-01,2019-10-01,103,90,4,1,1,0.13179392286751923,-0.07308584541942476,WDC,0.13179392286751923,-0.07308584541942476,,,,,,
2019-10,2019-10-01,2019-12-02,2019-10-01,103,90,4,2,1,0.13179392286751923,-0.16486446140639965,WDC,0.13179392286751923,-0.16486446140639965,,,,,,
2019-10,2019-10-01,2020-01-02,2019-10-01,103,90,4,3,1,0.13179392286751923,0.1389015765676993,WDC,0.13179392286751923,0.1389015765676993,,,,,,
2019-10,2019-10-01,2019-11-01,2019-10-01,103,90,4,1,2,0.12560329453109376,0.008090516121765923,WDC,0.13179392286751923,-0.07308584541942476,KLAC,0.11941266619466828,0.0892668776629566,,,
2019-10,2019-10-01,2019-12-02,2019-10-01,103,90,4,2,2,0.12560329453109376,-0.07122183682147842,WDC,0.13179392286751923,-0.16486446140639965,KLAC,0.11941266619466828,0.022420787763442807,,,
2019-10,2019-10-01,2020-01-02,2019-10-01,103,90,4,3,2,0.12560329453109376,0.14893449045590756,WDC,0.13179392286751923,0.1389015765676993,KLAC,0.11941266619466828,0.15896740434411583,,,
2019-10,2019-10-01,2019-11-01,2019-10-01,103,90,4,1,3,0.11276762136449214,0.09887246156305644,WDC,0.13179392286751923,-0.07308584541942476,KLAC,0.11941266619466828,0.0892668776629566,TSLA,0.08709627503128894,0.28043635244563747
2019-10,2019-10-01,2019-12-02,2019-10-01,103,90,4,2,3,0.11276762136449214,0.07536806834044547,WDC,0.13179392286751923,-0.16486446140639965,KLAC,0.11941266619466828,0.022420787763442807,TSLA,0.08709627503128894,0.3685478786642933
2019-10,2019-10-01,2020-01-02,2019-10-01,103,90,4,3,3,0.11276762136449214,0.3520856730889182,WDC,0.13179392286751923,0.1389015765676993,KLAC,0.11941266619466828,0.15896740434411583,TSLA,0.08709627503128894,0.7583880383549395
2019-11,2019-11-01,2019-12-02,2019-11-01,103,90,4,1,1,0.10135482014121616,-0.05505630294997799,LRCX,0.10135482014121616,-0.05505630294997799,,,,,,
2019-11,2019-11-01,2020-01-02,2019-11-01,103,90,4,2,1,0.10135482014121616,0.07515882908720495,LRCX,0.10135482014121616,0.07515882908720495,,,,,,
2019-11,2019-11-01,2020-02-03,2019-11-01,103,90,4,3,1,0.10135482014121616,0.11323645030174423,LRCX,0.10135482014121616,0.11323645030174423,,,,,,
2019-11,2019-11-01,2019-12-02,2019-11-01,103,90,4,1,2,0.09705300401626757,-0.05821213318337143,LRCX,0.10135482014121616,-0.05505630294997799,KLAC,0.09275118789131898,-0.06136796341676487,,,
2019-11,2019-11-01,2020-01-02,2019-11-01,103,90,4,2,2,0.09705300401626757,0.06957365218658629,LRCX,0.10135482014121616,0.07515882908720495,KLAC,0.09275118789131898,0.06398847528596763,,,
2019-11,2019-11-01,2020-02-03,2019-11-01,103,90,4,3,2,0.09705300401626757,0.05178081813960489,LRCX,0.10135482014121616,0.11323645030174423,KLAC,0.09275118789131898,-0.00967481402253445,,,
2019-11,2019-11-01,2019-12-02,2019-11-01,103,90,4,1,3,0.09466054372863897,-0.015870198370968702,LRCX,0.10135482014121616,-0.05505630294997799,KLAC,0.09275118789131898,-0.06136796341676487,TSLA,0.0898756231533818,0.06881367125383675
2019-11,2019-11-01,2020-01-02,2019-11-01,103,90,4,2,3,0.09466054372863897,0.17080660342086693,LRCX,0.10135482014121616,0.07515882908720495,KLAC,0.09275118789131898,0.06398847528596763,TSLA,0.0898756231533818,0.3732725058894282
2019-11,2019-11-01,2020-02-03,2019-11-01,103,90,4,3,3,0.09466054372863897,0.5310362599741509,LRCX,0.10135482014121616,0.11323645030174423,KLAC,0.09275118789131898,-0.00967481402253445,TSLA,0.0898756231533818,1.489547143643243
2019-12,2019-12-02,2020-01-02,2019-12-02,103,91,4,1,1,0.0997277157365278,0.28485679293232424,TSLA,0.0997277157365278,0.28485679293232424,,,,,,
2019-12,2019-12-02,2020-02-03,2019-12-02,103,91,4,2,1,0.0997277157365278,1.3292620693396717,TSLA,0.0997277157365278,1.3292620693396717,,,,,,
2019-12,2019-12-02,2020-03-02,2019-12-02,103,91,4,3,1,0.0997277157365278,1.2206229967734785,TSLA,0.0997277157365278,1.2206229967734785,,,,,,
2019-12,2019-12-02,2020-01-02,2019-12-02,103,91,4,1,2,0.09751170497047715,0.15945106261504371,TSLA,0.0997277157365278,0.28485679293232424,ALGN,0.09529569420442649,0.03404533229776319,,,
2019-12,2019-12-02,2020-02-03,2019-12-02,103,91,4,2,2,0.09751170497047715,0.6257741557057293,TSLA,0.0997277157365278,1.3292620693396717,ALGN,0.09529569420442649,-0.07771375792821311,,,
2019-12,2019-12-02,2020-03-02,2019-12-02,103,91,4,3,2,0.09751170497047715,0.5299003375896691,TSLA,0.0997277157365278,1.2206229967734785,ALGN,0.09529569420442649,-0.16082232159414023,,,
2019-12,2019-12-02,2020-01-02,2019-12-02,103,91,4,1,3,0.0946728460182167,0.13069184079026894,TSLA,0.0997277157365278,0.28485679293232424,ALGN,0.09529569420442649,0.03404533229776319,NTES,0.08899512811369581,0.07317339714071935
2019-12,2019-12-02,2020-02-03,2019-12-02,103,91,4,2,3,0.0946728460182167,0.4424446093724253,TSLA,0.0997277157365278,1.3292620693396717,ALGN,0.09529569420442649,-0.07771375792821311,NTES,0.08899512811369581,0.07578551670581746
2019-12,2019-12-02,2020-03-02,2019-12-02,103,91,4,3,3,0.0946728460182167,0.35737216571855274,TSLA,0.0997277157365278,1.2206229967734785,ALGN,0.09529569420442649,-0.16082232159414023,NTES,0.08899512811369581,0.012315821976319974
2020-01,2020-01-02,2020-02-03,2020-01-02,103,90,4,1,1,0.18039241955768764,0.8128573411078648,TSLA,0.18039241955768764,0.8128573411078648,,,,,,
2020-01,2020-01-02,2020-03-02,2020-01-02,103,90,4,2,1,0.18039241955768764,0.7283038926894965,TSLA,0.18039241955768764,0.7283038926894965,,,,,,
2020-01,2020-01-02,2020-04-01,2020-01-02,103,90,4,3,1,0.18039241955768764,0.11923023547882572,TSLA,0.18039241955768764,0.11923023547882572,,,,,,
2020-01,2020-01-02,2020-02-03,2020-01-02,103,90,4,1,2,0.15965140147923773,0.37914166986330006,TSLA,0.18039241955768764,0.8128573411078648,SWKS,0.13891038340078782,-0.05457400138126467,,,
2020-01,2020-01-02,2020-03-02,2020-01-02,103,90,4,2,2,0.15965140147923773,0.29430810968765125,TSLA,0.18039241955768764,0.7283038926894965,SWKS,0.13891038340078782,-0.13968767331419396,,,
2020-01,2020-01-02,2020-04-01,2020-01-02,103,90,4,3,2,0.15965140147923773,-0.10024508946211858,TSLA,0.18039241955768764,0.11923023547882572,SWKS,0.13891038340078782,-0.31972041440306287,,,
2020-01,2020-01-02,2020-02-03,2020-01-02,103,90,4,1,3,0.15110167955618306,0.21673461719628193,TSLA,0.18039241955768764,0.8128573411078648,SWKS,0.13891038340078782,-0.05457400138126467,ALGN,0.13400223571007375,-0.10807948813775436
2020-01,2020-01-02,2020-03-02,2020-01-02,103,90,4,2,3,0.15110167955618306,0.13338815599389667,TSLA,0.18039241955768764,0.7283038926894965,SWKS,0.13891038340078782,-0.13968767331419396,ALGN,0.13400223571007375,-0.18845175139361248
2020-01,2020-01-02,2020-04-01,2020-01-02,103,90,4,3,3,0.15110167955618306,-0.2154482197667588,TSLA,0.18039241955768764,0.11923023547882572,SWKS,0.13891038340078782,-0.31972041440306287,ALGN,0.13400223571007375,-0.44585448037603925
2020-02,2020-02-03,2020-03-02,2020-02-03,103,90,4,1,1,0.3617410394349158,-0.04664098299466646,TSLA,0.3617410394349158,-0.04664098299466646,,,,,,
2020-02,2020-02-03,2020-04-01,2020-02-03,103,90,4,2,1,0.3617410394349158,-0.38261538285475516,TSLA,0.3617410394349158,-0.38261538285475516,,,,,,
2020-02,2020-02-03,2020-05-01,2020-02-03,103,90,4,3,1,0.3617410394349158,-0.10087181971623349,TSLA,0.3617410394349158,-0.10087181971623349,,,,,,
2020-02,2020-02-03,2020-03-02,2020-02-03,103,90,4,1,2,0.2519903453513297,-0.029151409530992656,TSLA,0.3617410394349158,-0.04664098299466646,AMD,0.14223965126774352,-0.011661836067318854,,,
2020-02,2020-02-03,2020-04-01,2020-02-03,103,90,4,2,2,0.2519903453513297,-0.2367054482869015,TSLA,0.3617410394349158,-0.38261538285475516,AMD,0.14223965126774352,-0.09079551371904782,,,
2020-02,2020-02-03,2020-05-01,2020-02-03,103,90,4,3,2,0.2519903453513297,-0.031068973241908937,TSLA,0.3617410394349158,-0.10087181971623349,AMD,0.14223965126774352,0.038733873232415617,,,
2020-02,2020-02-03,2020-03-02,2020-02-03,103,90,4,1,3,0.20610889495042242,-0.04944320446436371,TSLA,0.3617410394349158,-0.04664098299466646,AMD,0.14223965126774352,-0.011661836067318854,SWKS,0.11434599414860788,-0.09002679433110583
2020-02,2020-02-03,2020-04-01,2020-02-03,103,90,4,2,3,0.20610889495042242,-0.25128756197853686,TSLA,0.3617410394349158,-0.38261538285475516,AMD,0.14223965126774352,-0.09079551371904782,SWKS,0.11434599414860788,-0.2804517893618076
2020-02,2020-02-03,2020-05-01,2020-02-03,103,90,4,3,3,0.20610889495042242,-0.06654672957605157,TSLA,0.3617410394349158,-0.10087181971623349,AMD,0.14223965126774352,0.038733873232415617,SWKS,0.11434599414860788,-0.13750224224433683
2020-03,2020-03-02,2020-04-01,2020-03-02,103,90,4,1,1,0.27997170557483986,-0.35241120487373445,TSLA,0.27997170557483986,-0.35241120487373445,,,,,,
2020-03,2020-03-02,2020-05-01,2020-03-02,103,90,4,2,1,0.27997170557483986,-0.05688396055865241,TSLA,0.27997170557483986,-0.05688396055865241,,,,,,
2020-03,2020-03-02,2020-06-01,2020-03-02,103,90,4,3,1,0.27997170557483986,0.20774045142001563,TSLA,0.27997170557483986,0.20774045142001563,,,,,,
2020-03,2020-03-02,2020-04-01,2020-03-02,103,90,4,1,2,0.19936508156680832,-0.14188611542326035,TSLA,0.27997170557483986,-0.35241120487373445,REGN,0.11875845755877676,0.06863897402721375,,,
2020-03,2020-03-02,2020-05-01,2020-03-02,103,90,4,2,2,0.19936508156680832,0.03691572883395078,TSLA,0.27997170557483986,-0.05688396055865241,REGN,0.11875845755877676,0.13071541822655397,,,
2020-03,2020-03-02,2020-06-01,2020-03-02,103,90,4,3,2,0.19936508156680832,0.24880836932922912,TSLA,0.27997170557483986,0.20774045142001563,REGN,0.11875845755877676,0.2898762872384426,,,
2020-03,2020-03-02,2020-04-01,2020-03-02,103,90,4,1,3,0.16158951649123318,-0.12127988050526987,TSLA,0.27997170557483986,-0.35241120487373445,REGN,0.11875845755877676,0.06863897402721375,AMD,0.08603838634008293,-0.08006741066928891
2020-03,2020-03-02,2020-05-01,2020-03-02,103,90,4,2,3,0.16158951649123318,0.04160726935836667,TSLA,0.27997170557483986,-0.05688396055865241,REGN,0.11875845755877676,0.13071541822655397,AMD,0.08603838634008293,0.05099035040719846
2020-03,2020-03-02,2020-06-01,2020-03-02,103,90,4,3,3,0.16158951649123318,0.20920699901246986,TSLA,0.27997170557483986,0.20774045142001563,REGN,0.11875845755877676,0.2898762872384426,AMD,0.08603838634008293,0.13000425837895135
2020-04,2020-04-01,2020-05-01,2020-04-01,103,90,4,1,1,0.17466548654294703,0.45635015080435526,TSLA,0.17466548654294703,0.45635015080435526,,,,,,
2020-04,2020-04-01,2020-06-01,2020-04-01,103,90,4,2,1,0.17466548654294703,0.864980463697697,TSLA,0.17466548654294703,0.864980463697697,,,,,,
2020-04,2020-04-01,2020-07-01,2020-04-01,103,90,4,3,1,0.17466548654294703,1.325006169890199,TSLA,0.17466548654294703,1.325006169890199,,,,,,
2020-04,2020-04-01,2020-05-01,2020-04-01,103,90,4,1,2,0.1329071590349298,0.25721970399428407,TSLA,0.17466548654294703,0.45635015080435526,REGN,0.09114883152691258,0.05808925718421287,,,
2020-04,2020-04-01,2020-06-01,2020-04-01,103,90,4,2,2,0.1329071590349298,0.5360038218396226,TSLA,0.17466548654294703,0.864980463697697,REGN,0.09114883152691258,0.20702717998154818,,,
2020-04,2020-04-01,2020-07-01,2020-04-01,103,90,4,3,2,0.1329071590349298,0.7757820365646355,TSLA,0.17466548654294703,1.325006169890199,REGN,0.09114883152691258,0.2265579032390721,,,
2020-04,2020-04-01,2020-05-01,2020-04-01,103,90,4,1,3,0.110007251550035,0.1753093213592262,TSLA,0.17466548654294703,0.45635015080435526,REGN,0.09114883152691258,0.05808925718421287,JD,0.06420743658024541,0.01148855608911048
2020-04,2020-04-01,2020-06-01,2020-04-01,103,90,4,2,3,0.110007251550035,0.46994079434103897,TSLA,0.17466548654294703,0.864980463697697,REGN,0.09114883152691258,0.20702717998154818,JD,0.06420743658024541,0.33781473934387174
2020-04,2020-04-01,2020-07-01,2020-04-01,103,90,4,3,3,0.110007251550035,0.6727327151434098,TSLA,0.17466548654294703,1.325006169890199,REGN,0.09114883152691258,0.2265579032390721,JD,0.06420743658024541,0.4666340723009583
2020-05,2020-05-01,2020-06-01,2020-05-01,103,90,4,1,1,0.21753882601095478,0.28058520999750747,TSLA,0.21753882601095478,0.28058520999750747,,,,,,
2020-05,2020-05-01,2020-07-01,2020-05-01,103,90,4,2,1,0.21753882601095478,0.5964609668945873,TSLA,0.21753882601095478,0.5964609668945873,,,,,,
2020-05,2020-05-01,2020-08-03,2020-05-01,103,90,4,3,1,0.21753882601095478,1.1174357512021218,TSLA,0.21753882601095478,1.1174357512021218,,,,,,
2020-05,2020-05-01,2020-06-01,2020-05-01,103,90,4,1,2,0.20733623590739753,0.3769770647763825,TSLA,0.21753882601095478,0.28058520999750747,ZM,0.19713364580384024,0.4733689195552575,,,
2020-05,2020-05-01,2020-07-01,2020-05-01,103,90,4,2,2,0.20733623590739753,0.7333127923699412,TSLA,0.21753882601095478,0.5964609668945873,ZM,0.19713364580384024,0.8701646178452951,,,
2020-05,2020-05-01,2020-08-03,2020-05-01,103,90,4,3,2,0.20733623590739753,1.0258079619251066,TSLA,0.21753882601095478,1.1174357512021218,ZM,0.19713364580384024,0.9341801726480916,,,
2020-05,2020-05-01,2020-06-01,2020-05-01,103,90,4,1,3,0.18138751857861646,0.28760681532976173,TSLA,0.21753882601095478,0.28058520999750747,ZM,0.19713364580384024,0.4733689195552575,DXCM,0.12949008392105438,0.10886631643652023
2020-05,2020-05-01,2020-07-01,2020-05-01,103,90,4,2,3,0.18138751857861646,0.5461583255541546,TSLA,0.21753882601095478,0.5964609668945873,ZM,0.19713364580384024,0.8701646178452951,DXCM,0.12949008392105438,0.17184939192258142
2020-05,2020-05-01,2020-08-03,2020-05-01,103,90,4,3,3,0.18138751857861646,0.7835733368601575,TSLA,0.21753882601095478,1.1174357512021218,ZM,0.19713364580384024,0.9341801726480916,DXCM,0.12949008392105438,0.29910408673025923
2020-06,2020-06-01,2020-07-01,2020-06-01,103,90,4,1,1,0.24657307408843898,0.26931184242016726,ZM,0.24657307408843898,0.26931184242016726,,,,,,
2020-06,2020-06-01,2020-08-03,2020-06-01,103,90,4,2,1,0.24657307408843898,0.3127602645723868,ZM,0.24657307408843898,0.3127602645723868,,,,,,
2020-06,2020-06-01,2020-09-01,2020-06-01,103,90,4,3,1,0.24657307408843898,1.2419300324519287,ZM,0.24657307408843898,1.2419300324519287,,,,,,
2020-06,2020-06-01,2020-07-01,2020-06-01,103,90,4,1,2,0.20202569020155117,0.14274634517958462,ZM,0.24657307408843898,0.26931184242016726,REGN,0.15747830631466336,0.016180847939001985,,,
2020-06,2020-06-01,2020-08-03,2020-06-01,103,90,4,2,2,0.20202569020155117,0.19450550626236462,ZM,0.24657307408843898,0.3127602645723868,REGN,0.15747830631466336,0.07625074795234243,,,
2020-06,2020-06-01,2020-09-01,2020-06-01,103,90,4,3,2,0.20202569020155117,0.6153016988921136,ZM,0.24657307408843898,1.2419300324519287,REGN,0.15747830631466336,-0.011326634667701563,,,
2020-06,2020-06-01,2020-07-01,2020-06-01,103,90,4,1,3,0.18019205914116934,0.11409740374413409,ZM,0.24657307408843898,0.26931184242016726,REGN,0.15747830631466336,0.016180847939001985,DXCM,0.13652479702040565,0.056799520873233034
2020-06,2020-06-01,2020-08-03,2020-06-01,103,90,4,2,3,0.18019205914116934,0.18685720409257334,ZM,0.24657307408843898,0.3127602645723868,REGN,0.15747830631466336,0.07625074795234243,DXCM,0.13652479702040565,0.17156059975299076
2020-06,2020-06-01,2020-09-01,2020-06-01,103,90,4,3,3,0.18019205914116934,0.44848120374386397,ZM,0.24657307408843898,1.2419300324519287,REGN,0.15747830631466336,-0.011326634667701563,DXCM,0.13652479702040565,0.11484021344736473
2020-07,2020-07-01,2020-08-03,2020-07-01,103,90,4,1,1,0.2413194812910286,0.03422990371647172,ZM,0.2413194812910286,0.03422990371647172,,,,,,
2020-07,2020-07-01,2020-09-01,2020-07-01,103,90,4,2,1,0.2413194812910286,0.7662562953618184,ZM,0.2413194812910286,0.7662562953618184,,,,,,
2020-07,2020-07-01,2020-10-01,2020-07-01,103,90,4,3,1,0.2413194812910286,0.863890638418348,ZM,0.2413194812910286,0.863890638418348,,,,,,
2020-07,2020-07-01,2020-08-03,2020-07-01,103,90,4,1,2,0.2217606529785533,0.14932323943694592,ZM,0.2413194812910286,0.03422990371647172,DOCU,0.202201824666078,0.2644165751574201,,,
2020-07,2020-07-01,2020-09-01,2020-07-01,103,90,4,2,2,0.2217606529785533,0.6341338967551801,ZM,0.2413194812910286,0.7662562953618184,DOCU,0.202201824666078,0.5020114981485417,,,
2020-07,2020-07-01,2020-10-01,2020-07-01,103,90,4,3,2,0.2217606529785533,0.5529220351471645,ZM,0.2413194812910286,0.863890638418348,DOCU,0.202201824666078,0.24195343187598106,,,
2020-07,2020-07-01,2020-08-03,2020-07-01,103,90,4,1,3,0.20043954505646236,0.20832584310345417,ZM,0.2413194812910286,0.03422990371647172,DOCU,0.202201824666078,0.2644165751574201,TSLA,0.15779732921228057,0.3263310504364707
2020-07,2020-07-01,2020-09-01,2020-07-01,103,90,4,2,3,0.20043954505646236,0.7965758972707846,ZM,0.2413194812910286,0.7662562953618184,DOCU,0.202201824666078,0.5020114981485417,TSLA,0.15779732921228057,1.1214598983019939
2020-07,2020-07-01,2020-10-01,2020-07-01,103,90,4,3,3,0.20043954505646236,0.7024065516682375,ZM,0.2413194812910286,0.863890638418348,DOCU,0.202201824666078,0.24195343187598106,TSLA,0.15779732921228057,1.0013755847103831
2020-08,2020-08-03,2020-09-01,2020-08-03,103,90,4,1,1,0.32748289303983186,0.5994950111466224,TSLA,0.32748289303983186,0.5994950111466224,,,,,,
2020-08,2020-08-03,2020-10-01,2020-08-03,103,90,4,2,1,0.32748289303983186,0.5089562926629576,TSLA,0.32748289303983186,0.5089562926629576,,,,,,
2020-08,2020-08-03,2020-11-02,2020-08-03,103,90,4,3,1,0.32748289303983186,0.3485184486466224,TSLA,0.32748289303983186,0.3485184486466224,,,,,,
2020-08,2020-08-03,2020-09-01,2020-08-03,103,90,4,1,2,0.3099128394546189,0.2057490249948548,TSLA,0.32748289303983186,0.5994950111466224,MRNA,0.29234278586940593,-0.18799696115691278,,,
2020-08,2020-08-03,2020-10-01,2020-08-03,103,90,4,2,2,0.3099128394546189,0.2035035103004466,TSLA,0.32748289303983186,0.5089562926629576,MRNA,0.29234278586940593,-0.10194927206206439,,,
2020-08,2020-08-03,2020-11-02,2020-08-03,103,90,4,3,2,0.3099128394546189,0.10456185141587898,TSLA,0.32748289303983186,0.3485184486466224,MRNA,0.29234278586940593,-0.13939474581486444,,,
2020-08,2020-08-03,2020-09-01,2020-08-03,103,90,4,1,3,0.2987143117609698,0.14758144388348046,TSLA,0.32748289303983186,0.5994950111466224,MRNA,0.29234278586940593,-0.18799696115691278,MELI,0.27631725637367155,0.031246281660731734
2020-08,2020-08-03,2020-10-01,2020-08-03,103,90,4,2,3,0.2987143117609698,0.11938637210168375,TSLA,0.32748289303983186,0.5089562926629576,MRNA,0.29234278586940593,-0.10194927206206439,MELI,0.27631725637367155,-0.04884790429584196
2020-08,2020-08-03,2020-11-02,2020-08-03,103,90,4,3,3,0.2987143117609698,0.08199946184015372,TSLA,0.32748289303983186,0.3485184486466224,MRNA,0.29234278586940593,-0.13939474581486444,MELI,0.27631725637367155,0.0368746826887032
2020-09,2020-09-01,2020-10-01,2020-09-01,103,90,4,1,1,0.37117729556607704,0.055277562669085345,ZM,0.37117729556607704,0.055277562669085345,,,,,,
2020-09,2020-09-01,2020-11-02,2020-09-01,103,90,4,2,1,0.37117729556607704,-0.010247115769164594,ZM,0.37117729556607704,-0.010247115769164594,,,,,,
2020-09,2020-09-01,2020-12-01,2020-09-01,103,90,4,3,1,0.37117729556607704,-0.11225939961271114,ZM,0.37117729556607704,-0.11225939961271114,,,,,,
2020-09,2020-09-01,2020-10-01,2020-09-01,103,90,4,1,2,0.36722320184573787,-0.0006635009022617488,ZM,0.37117729556607704,0.055277562669085345,TSLA,0.36326910812539864,-0.05660456447360884,,,
2020-09,2020-09-01,2020-11-02,2020-09-01,103,90,4,2,2,0.36722320184573787,-0.08357849545893697,ZM,0.37117729556607704,-0.010247115769164594,TSLA,0.36326910812539864,-0.15690987514870935,,,
2020-09,2020-09-01,2020-12-01,2020-09-01,103,90,4,3,2,0.36722320184573787,0.05934232626203423,ZM,0.37117729556607704,-0.11225939961271114,TSLA,0.36326910812539864,0.2309440521367796,,,
2020-09,2020-09-01,2020-10-01,2020-09-01,103,90,4,1,3,0.3356539481374466,-0.05815562188084378,ZM,0.37117729556607704,0.055277562669085345,TSLA,0.36326910812539864,-0.05660456447360884,DOCU,0.27251544072086403,-0.17313986383800783
2020-09,2020-09-01,2020-11-02,2020-09-01,103,90,4,2,3,0.3356539481374466,-0.1391019251570853,ZM,0.37117729556607704,-0.010247115769164594,TSLA,0.36326910812539864,-0.15690987514870935,DOCU,0.27251544072086403,-0.25014878455338196
2020-09,2020-09-01,2020-12-01,2020-09-01,103,90,4,3,3,0.3356539481374466,-0.02627424217709662,ZM,0.37117729556607704,-0.11225939961271114,TSLA,0.36326910812539864,0.2309440521367796,DOCU,0.27251544072086403,-0.1975073790553583
2020-10,2020-10-01,2020-11-02,2020-10-01,103,90,4,1,1,0.27897166450761957,-0.106323718451248,TSLA,0.27897166450761957,-0.106323718451248,,,,,,
2020-10,2020-10-01,2020-12-01,2020-10-01,103,90,4,2,1,0.27897166450761957,0.3048017891351611,TSLA,0.27897166450761957,0.3048017891351611,,,,,,
2020-10,2020-10-01,2021-01-04,2020-10-01,103,90,4,3,1,0.27897166450761957,0.6283692731663943,TSLA,0.27897166450761957,0.6283692731663943,,,,,,
2020-10,2020-10-01,2020-11-02,2020-10-01,103,90,4,1,2,0.2728130604260768,-0.08420804117633285,TSLA,0.27897166450761957,-0.106323718451248,ZM,0.266654456344534,-0.0620923639014177,,,
2020-10,2020-10-01,2020-12-01,2020-10-01,103,90,4,2,2,0.2728130604260768,0.07302037506802361,TSLA,0.27897166450761957,0.3048017891351611,ZM,0.266654456344534,-0.15876103899911387,,,
2020-10,2020-10-01,2021-01-04,2020-10-01,103,90,4,3,2,0.2728130604260768,0.1868424744937145,TSLA,0.27897166450761957,0.6283692731663943,ZM,0.266654456344534,-0.25468432417896536,,,
2020-10,2020-10-01,2020-11-02,2020-10-01,103,90,4,1,3,0.22895913778654262,-0.09604757772598489,TSLA,0.27897166450761957,-0.106323718451248,ZM,0.266654456344534,-0.0620923639014177,AMD,0.14125129250747423,-0.119726650825289
2020-10,2020-10-01,2020-12-01,2020-10-01,103,90,4,2,3,0.22895913778654262,0.07920109452323836,TSLA,0.27897166450761957,0.3048017891351611,ZM,0.266654456344534,-0.15876103899911387,AMD,0.14125129250747423,0.09156253343366783
2020-10,2020-10-01,2021-01-04,2020-10-01,103,90,4,3,3,0.22895913778654262,0.153786264274364,TSLA,0.27897166450761957,0.6283692731663943,ZM,0.266654456344534,-0.25468432417896536,AMD,0.14125129250747423,0.08767384383566301
2020-11,2020-11-02,2020-12-01,2020-11-02,103,90,4,1,1,0.19072444466455907,0.46003851290975684,TSLA,0.19072444466455907,0.46003851290975684,,,,,,
2020-11,2020-11-02,2021-01-04,2020-11-02,103,90,4,2,1,0.19072444466455907,0.8221019252568842,TSLA,0.19072444466455907,0.8221019252568842,,,,,,
2020-11,2020-11-02,2021-02-01,2020-11-02,103,90,4,3,1,0.19072444466455907,1.0968516930661902,TSLA,0.19072444466455907,1.0968516930661902,,,,,,
2020-11,2020-11-02,2020-12-01,2020-11-02,103,90,4,1,2,0.1872639247143484,0.17848503742462868,TSLA,0.19072444466455907,0.46003851290975684,ZM,0.18380340476413776,-0.10306843806049948,,,
2020-11,2020-11-02,2021-01-04,2020-11-02,103,90,4,2,2,0.1872639247143484,0.30837989307692787,TSLA,0.19072444466455907,0.8221019252568842,ZM,0.18380340476413776,-0.20534213910302845,,,
2020-11,2020-11-02,2021-02-01,2020-11-02,103,90,4,3,2,0.1872639247143484,0.469982129839697,TSLA,0.19072444466455907,1.0968516930661902,ZM,0.18380340476413776,-0.15688743338679623,,,
2020-11,2020-11-02,2020-12-01,2020-11-02,103,90,4,1,3,0.17447081400977416,0.14928115969675712,TSLA,0.19072444466455907,0.46003851290975684,ZM,0.18380340476413776,-0.10306843806049948,ALGN,0.14888459260062564,0.09087340424101398
2020-11,2020-11-02,2021-01-04,2020-11-02,103,90,4,2,3,0.17447081400977416,0.2550441901036743,TSLA,0.19072444466455907,0.8221019252568842,ZM,0.18380340476413776,-0.20534213910302845,ALGN,0.14888459260062564,0.14837278415716715
2020-11,2020-11-02,2021-02-01,2020-11-02,103,90,4,3,3,0.17447081400977416,0.37484163693423805,TSLA,0.19072444466455907,1.0968516930661902,ZM,0.18380340476413776,-0.15688743338679623,ALGN,0.14888459260062564,0.1845606511233202
2020-12,2020-12-01,2021-01-04,2020-12-01,103,90,4,1,1,0.24436334579116809,-0.20764479320990892,MRNA,0.24436334579116809,-0.20764479320990892,,,,,,
2020-12,2020-12-01,2021-02-01,2020-12-01,103,90,4,2,1,0.24436334579116809,0.11680024014116741,MRNA,0.24436334579116809,0.11680024014116741,,,,,,
2020-12,2020-12-01,2021-03-01,2020-12-01,103,90,4,3,1,0.24436334579116809,0.11623289148382931,MRNA,0.24436334579116809,0.11623289148382931,,,,,,
2020-12,2020-12-01,2021-01-04,2020-12-01,103,90,4,1,2,0.23425732803702434,0.020168651968675178,MRNA,0.24436334579116809,-0.20764479320990892,TSLA,0.2241513102828806,0.24798209714725927,,,
2020-12,2020-12-01,2021-02-01,2020-12-01,103,90,4,2,2,0.23425732803702434,0.27648107291041957,MRNA,0.24436334579116809,0.11680024014116741,TSLA,0.2241513102828806,0.4361619056796717,,,
2020-12,2020-12-01,2021-03-01,2020-12-01,103,90,4,3,2,0.23425732803702434,0.17241121170009766,MRNA,0.24436334579116809,0.11623289148382931,TSLA,0.2241513102828806,0.228589531916366,,,
2020-12,2020-12-01,2021-01-04,2020-12-01,103,90,4,1,3,0.20925821186677548,0.031015597711455272,MRNA,0.24436334579116809,-0.20764479320990892,TSLA,0.2241513102828806,0.24798209714725927,ALGN,0.15925997952627774,0.05270948919701546
2020-12,2020-12-01,2021-02-01,2020-12-01,103,90,4,2,3,0.20925821186677548,0.21294831053140562,MRNA,0.24436334579116809,0.11680024014116741,TSLA,0.2241513102828806,0.4361619056796717,ALGN,0.15925997952627774,0.08588278577337771
2020-12,2020-12-01,2021-03-01,2020-12-01,103,90,4,3,3,0.20925821186677548,0.1582721271726084,MRNA,0.24436334579116809,0.11623289148382931,TSLA,0.2241513102828806,0.228589531916366,ALGN,0.15925997952627774,0.12999395811762993
2021-01,2021-01-04,2021-02-01,2021-01-04,102,90,4,1,1,0.23945138777791905,0.40946917565599783,MRNA,0.23945138777791905,0.40946917565599783,,,,,,
2021-01,2021-01-04,2021-03-01,2021-01-04,102,90,4,2,1,0.23945138777791905,0.40875314747510605,MRNA,0.23945138777791905,0.40875314747510605,,,,,,
2021-01,2021-01-04,2021-04-01,2021-01-04,102,90,4,3,1,0.23945138777791905,0.18634206631420636,MRNA,0.23945138777791905,0.18634206631420636,,,,,,
2021-01,2021-01-04,2021-02-01,2021-01-04,102,90,4,1,2,0.21440118006083822,0.22625997452641156,MRNA,0.23945138777791905,0.40946917565599783,PDD,0.1893509723437574,0.04305077339682528,,,
2021-01,2021-01-04,2021-03-01,2021-01-04,102,90,4,2,2,0.21440118006083822,0.2624470715759065,MRNA,0.23945138777791905,0.40875314747510605,PDD,0.1893509723437574,0.11614099567670699,,,
2021-01,2021-01-04,2021-04-01,2021-01-04,102,90,4,3,2,0.21440118006083822,0.024667596681625492,MRNA,0.23945138777791905,0.18634206631420636,PDD,0.1893509723437574,-0.13700687295095537,,,
2021-01,2021-01-04,2021-02-01,2021-01-04,102,90,4,1,3,0.19696312632007226,0.18941623760665208,MRNA,0.23945138777791905,0.40946917565599783,PDD,0.1893509723437574,0.04305077339682528,BIDU,0.16208701883854032,0.11572876376713315
2021-01,2021-01-04,2021-03-01,2021-01-04,102,90,4,2,3,0.19696312632007226,0.29609014859607075,MRNA,0.23945138777791905,0.40875314747510605,PDD,0.1893509723437574,0.11614099567670699,BIDU,0.16208701883854032,0.3633763026363992
2021-01,2021-01-04,2021-04-01,2021-01-04,102,90,4,3,3,0.19696312632007226,0.020903849595350226,MRNA,0.23945138777791905,0.18634206631420636,PDD,0.1893509723437574,-0.13700687295095537,BIDU,0.16208701883854032,0.01337635542279969
2021-02,2021-02-01,2021-03-01,2021-02-01,102,90,4,1,1,0.31532626572219313,-0.0005080126570050636,MRNA,0.31532626572219313,-0.0005080126570050636,,,,,,
2021-02,2021-02-01,2021-04-01,2021-02-01,102,90,4,2,1,0.31532626572219313,-0.1583057743976155,MRNA,0.31532626572219313,-0.1583057743976155,,,,,,
2021-02,2021-02-01,2021-05-03,2021-02-01,102,90,4,3,1,0.31532626572219313,0.1812294216358743,MRNA,0.31532626572219313,0.1812294216358743,,,,,,
2021-02,2021-02-01,2021-03-01,2021-02-01,102,90,4,1,2,0.28088382323832356,0.03478274554593125,MRNA,0.31532626572219313,-0.0005080126570050636,PDD,0.246441380754454,0.07007350374886756,,,
2021-02,2021-02-01,2021-04-01,2021-02-01,102,90,4,2,2,0.28088382323832356,-0.1654658697209339,MRNA,0.31532626572219313,-0.1583057743976155,PDD,0.246441380754454,-0.17262596504425232,,,
2021-02,2021-02-01,2021-05-03,2021-02-01,102,90,4,3,2,0.28088382323832356,-0.02587762211451239,MRNA,0.31532626572219313,0.1812294216358743,PDD,0.246441380754454,-0.23298466586489908,,,
2021-02,2021-02-01,2021-03-01,2021-02-01,102,90,4,1,3,0.2512440886148328,0.09717527796147234,MRNA,0.31532626572219313,-0.0005080126570050636,PDD,0.246441380754454,0.07007350374886756,BIDU,0.1919646193678512,0.2219603427925545
2021-02,2021-02-01,2021-04-01,2021-02-01,102,90,4,2,3,0.2512440886148328,-0.14088922092823297,MRNA,0.31532626572219313,-0.1583057743976155,PDD,0.246441380754454,-0.17262596504425232,BIDU,0.1919646193678512,-0.0917359233428311
2021-02,2021-02-01,2021-05-03,2021-02-01,102,90,4,3,3,0.2512440886148328,-0.06817020555904951,MRNA,0.31532626572219313,0.1812294216358743,PDD,0.246441380754454,-0.23298466586489908,BIDU,0.1919646193678512,-0.15275537244812376
2021-03,2021-03-01,2021-04-01,2021-03-01,102,90,4,1,1,0.3256233601584139,-0.15787796574547142,MRNA,0.3256233601584139,-0.15787796574547142,,,,,,
2021-03,2021-03-01,2021-05-03,2021-03-01,102,90,4,2,1,0.3256233601584139,0.181829806135817,MRNA,0.3256233601584139,0.181829806135817,,,,,,
2021-03,2021-03-01,2021-06-01,2021-03-01,102,90,4,3,1,0.3256233601584139,0.1731893953156871,MRNA,0.3256233601584139,0.1731893953156871,,,,,,
2021-03,2021-03-01,2021-04-01,2021-03-01,102,90,4,1,2,0.279026175468138,-0.20729677614550812,MRNA,0.3256233601584139,-0.15787796574547142,BIDU,0.23242899077786217,-0.2567155865455448,,,
2021-03,2021-03-01,2021-05-03,2021-03-01,102,90,4,2,2,0.279026175468138,-0.06241074184800505,MRNA,0.3256233601584139,0.181829806135817,BIDU,0.23242899077786217,-0.3066512898318271,,,
2021-03,2021-03-01,2021-06-01,2021-03-01,102,90,4,3,2,0.279026175468138,-0.07200869822045575,MRNA,0.3256233601584139,0.1731893953156871,BIDU,0.23242899077786217,-0.3172067917565986,,,
2021-03,2021-03-01,2021-04-01,2021-03-01,102,90,4,1,3,0.25475776155679614,-0.21379996841971874,MRNA,0.3256233601584139,-0.15787796574547142,BIDU,0.23242899077786217,-0.2567155865455448,PDD,0.20622093373411243,-0.22680635296814
2021-03,2021-03-01,2021-05-03,2021-03-01,102,90,4,2,3,0.25475776155679614,-0.13601132086902537,MRNA,0.3256233601584139,0.181829806135817,BIDU,0.23242899077786217,-0.3066512898318271,PDD,0.20622093373411243,-0.28321247891106605
2021-03,2021-03-01,2021-06-01,2021-03-01,102,90,4,3,3,0.25475776155679614,-0.1318270882637355,MRNA,0.3256233601584139,0.1731893953156871,BIDU,0.23242899077786217,-0.3172067917565986,PDD,0.20622093373411243,-0.251463868350295
2021-04,2021-04-01,2021-05-03,2021-04-01,102,90,4,1,1,0.15666861090070272,-0.06718249755057193,BIDU,0.15666861090070272,-0.06718249755057193,,,,,,
2021-04,2021-04-01,2021-06-01,2021-04-01,102,90,4,2,1,0.15666861090070272,-0.08138365895487776,BIDU,0.15666861090070272,-0.08138365895487776,,,,,,
2021-04,2021-04-01,2021-07-01,2021-04-01,102,90,4,3,1,0.15666861090070272,-0.08302225984405476,BIDU,0.15666861090070272,-0.08302225984405476,,,,,,
2021-04,2021-04-01,2021-05-03,2021-04-01,102,90,4,1,2,0.14880087388905205,-0.06422307077408018,BIDU,0.15666861090070272,-0.06718249755057193,AMAT,0.1409331368774014,-0.061263643997588435,,,
2021-04,2021-04-01,2021-06-01,2021-04-01,102,90,4,2,2,0.14880087388905205,-0.05153253858976731,BIDU,0.15666861090070272,-0.08138365895487776,AMAT,0.1409331368774014,-0.021681418224656857,,,
2021-04,2021-04-01,2021-07-01,2021-04-01,102,90,4,3,2,0.14880087388905205,-0.053272152652606486,BIDU,0.15666861090070272,-0.08302225984405476,AMAT,0.1409331368774014,-0.023522045461158214,,,
2021-04,2021-04-01,2021-05-03,2021-04-01,102,90,4,1,3,0.12971181342699104,-0.0327573390357753,BIDU,0.15666861090070272,-0.06718249755057193,AMAT,0.1409331368774014,-0.061263643997588435,ASML,0.09153369250286902,0.03017412444083445
2021-04,2021-04-01,2021-06-01,2021-04-01,102,90,4,2,3,0.12971181342699104,-0.015182629985856363,BIDU,0.15666861090070272,-0.08138365895487776,AMAT,0.1409331368774014,-0.021681418224656857,ASML,0.09153369250286902,0.05751718722196553
2021-04,2021-04-01,2021-07-01,2021-04-01,102,90,4,3,3,0.12971181342699104,-0.012401833213342761,BIDU,0.15666861090070272,-0.08302225984405476,AMAT,0.1409331368774014,-0.023522045461158214,ASML,0.09153369250286902,0.06933880566518469
2021-05,2021-05-03,2021-06-01,2021-05-03,102,90,4,1,1,0.1636195356197542,-0.007311044936648803,MRNA,0.1636195356197542,-0.007311044936648803,,,,,,
2021-05,2021-05-03,2021-07-01,2021-05-03,102,90,4,2,1,0.1636195356197542,0.26389632948287245,MRNA,0.1636195356197542,0.26389632948287245,,,,,,
2021-05,2021-05-03,2021-08-02,2021-05-03,102,90,4,3,1,0.1636195356197542,0.8632941478911467,MRNA,0.1636195356197542,0.8632941478911467,,,,,,
2021-05,2021-05-03,2021-06-01,2021-05-03,102,90,4,1,2,0.14076175658012552,0.017427194484011144,MRNA,0.1636195356197542,-0.007311044936648803,AMAT,0.11790397754049686,0.04216543390467109,,,
2021-05,2021-05-03,2021-07-01,2021-05-03,102,90,4,2,2,0.14076175658012552,0.1520505067329363,MRNA,0.1636195356197542,0.26389632948287245,AMAT,0.11790397754049686,0.040204683983000145,,,
2021-05,2021-05-03,2021-08-02,2021-05-03,102,90,4,3,2,0.14076175658012552,0.4670566845875642,MRNA,0.1636195356197542,0.8632941478911467,AMAT,0.11790397754049686,0.07081922128398177,,,
2021-05,2021-05-03,2021-06-01,2021-05-03,102,90,4,1,3,0.12421748830051943,-0.01617033460692067,MRNA,0.1636195356197542,-0.007311044936648803,AMAT,0.11790397754049686,0.04216543390467109,CDW,0.09112895174130725,-0.0833653927887843
2021-05,2021-05-03,2021-07-01,2021-05-03,102,90,4,2,3,0.12421748830051943,0.09582273386138736,MRNA,0.1636195356197542,0.26389632948287245,AMAT,0.11790397754049686,0.040204683983000145,CDW,0.09112895174130725,-0.016632811881710508
2021-05,2021-05-03,2021-08-02,2021-05-03,102,90,4,3,3,0.12421748830051943,0.32050092318324314,MRNA,0.1636195356197542,0.8632941478911467,AMAT,0.11790397754049686,0.07081922128398177,CDW,0.09112895174130725,0.027389400374600914
2021-06,2021-06-01,2021-07-01,2021-06-01,102,90,4,1,1,0.08717673161689027,-0.0018814190702186595,AMAT,0.08717673161689027,-0.0018814190702186595,,,,,,
2021-06,2021-06-01,2021-08-02,2021-06-01,102,90,4,2,1,0.08717673161689027,0.027494471076395133,AMAT,0.08717673161689027,0.027494471076395133,,,,,,
2021-06,2021-06-01,2021-09-01,2021-06-01,102,90,4,3,1,0.08717673161689027,-0.032601542277173046,AMAT,0.08717673161689027,-0.032601542277173046,,,,,,
2021-06,2021-06-01,2021-07-01,2021-06-01,102,90,4,1,2,0.08216264717340882,-0.03925294766617071,AMAT,0.08717673161689027,-0.0018814190702186595,KHC,0.07714856272992737,-0.07662447626212276,,,
2021-06,2021-06-01,2021-08-02,2021-06-01,102,90,4,2,2,0.08216264717340882,-0.04634394388032487,AMAT,0.08717673161689027,0.027494471076395133,KHC,0.07714856272992737,-0.12018235883704487,,,
2021-06,2021-06-01,2021-09-01,2021-06-01,102,90,4,3,2,0.08216264717340882,-0.10006067352666365,AMAT,0.08717673161689027,-0.032601542277173046,KHC,0.07714856272992737,-0.16751980477615425,,,
2021-06,2021-06-01,2021-07-01,2021-06-01,102,90,4,1,3,0.07880448577336395,-0.06624826741799066,AMAT,0.08717673161689027,-0.0018814190702186595,KHC,0.07714856272992737,-0.07662447626212276,TCOM,0.07208816297327422,-0.12023890692163053
2021-06,2021-06-01,2021-08-02,2021-06-01,102,90,4,2,3,0.07880448577336395,-0.14856253589574317,AMAT,0.08717673161689027,0.027494471076395133,KHC,0.07714856272992737,-0.12018235883704487,TCOM,0.07208816297327422,-0.35299971992657975
2021-06,2021-06-01,2021-09-01,2021-06-01,102,90,4,3,3,0.07880448577336395,-0.13707469574671383,AMAT,0.08717673161689027,-0.032601542277173046,KHC,0.07714856272992737,-0.16751980477615425,TCOM,0.07208816297327422,-0.2111027401868142
2021-07,2021-07-01,2021-08-02,2021-07-01,102,90,4,1,1,0.12785268035919542,0.47424603143955624,MRNA,0.12785268035919542,0.47424603143955624,,,,,,
2021-07,2021-07-01,2021-09-01,2021-07-01,102,90,4,2,1,0.12785268035919542,0.6585428158271109,MRNA,0.12785268035919542,0.6585428158271109,,,,,,
2021-07,2021-07-01,2021-10-01,2021-07-01,102,90,4,3,1,0.12785268035919542,0.45076770640301245,MRNA,0.12785268035919542,0.45076770640301245,,,,,,
2021-07,2021-07-01,2021-08-02,2021-07-01,102,90,4,1,2,0.11537773087889117,0.22569417560229116,MRNA,0.12785268035919542,0.47424603143955624,NVDA,0.10290278139858691,-0.02285768023497392,,,
2021-07,2021-07-01,2021-09-01,2021-07-01,102,90,4,2,2,0.11537773087889117,0.38450990121933504,MRNA,0.12785268035919542,0.6585428158271109,NVDA,0.10290278139858691,0.11047698661155914,,,
2021-07,2021-07-01,2021-10-01,2021-07-01,102,90,4,3,2,0.11537773087889117,0.23858539687891422,MRNA,0.12785268035919542,0.45076770640301245,NVDA,0.10290278139858691,0.026403087354816,,,
2021-07,2021-07-01,2021-08-02,2021-07-01,102,90,4,1,3,0.10229729938160391,0.1481677722109731,MRNA,0.12785268035919542,0.47424603143955624,NVDA,0.10290278139858691,-0.02285768023497392,META,0.07613643638702938,-0.006885034571663007
2021-07,2021-07-01,2021-09-01,2021-07-01,102,90,4,2,3,0.10229729938160391,0.2823565174627778,MRNA,0.12785268035919542,0.6585428158271109,NVDA,0.10290278139858691,0.11047698661155914,META,0.07613643638702938,0.0780497499496633
2021-07,2021-07-01,2021-10-01,2021-07-01,102,90,4,3,3,0.10229729938160391,0.14835315631147503,MRNA,0.12785268035919542,0.45076770640301245,NVDA,0.10290278139858691,0.026403087354816,META,0.07613643638702938,-0.0321113248234034
2021-08,2021-08-02,2021-09-01,2021-08-02,102,91,4,1,1,0.28588367965545236,0.12501087366509278,MRNA,0.28588367965545236,0.12501087366509278,,,,,,
2021-08,2021-08-02,2021-10-01,2021-08-02,102,91,4,2,1,0.28588367965545236,-0.01592564913579453,MRNA,0.28588367965545236,-0.01592564913579453,,,,,,
2021-08,2021-08-02,2021-11-01,2021-08-02,102,91,4,3,1,0.28588367965545236,-0.027235141290731346,MRNA,0.28588367965545236,-0.027235141290731346,,,,,,
2021-08,2021-08-02,2021-09-01,2021-08-02,102,91,4,1,2,0.19584859342326894,0.06609743119605016,MRNA,0.28588367965545236,0.12501087366509278,DOCU,0.10581350719108548,0.00718398872700754,,,
2021-08,2021-08-02,2021-10-01,2021-08-02,102,91,4,2,2,0.19584859342326894,-0.07121259806459634,MRNA,0.28588367965545236,-0.01592564913579453,DOCU,0.10581350719108548,-0.12649954699339816,,,
2021-08,2021-08-02,2021-11-01,2021-08-02,102,91,4,3,2,0.19584859342326894,-0.04265859791397425,MRNA,0.28588367965545236,-0.027235141290731346,DOCU,0.10581350719108548,-0.058082054537217154,,,
2021-08,2021-08-02,2021-09-01,2021-08-02,102,91,4,1,3,0.16406310681489494,0.09482241758104719,MRNA,0.28588367965545236,0.12501087366509278,DOCU,0.10581350719108548,0.00718398872700754,TEAM,0.10049213359814696,0.15227239035104123
2021-08,2021-08-02,2021-10-01,2021-08-02,102,91,4,2,3,0.16406310681489494,0.024486430012112814,MRNA,0.28588367965545236,-0.01592564913579453,DOCU,0.10581350719108548,-0.12649954699339816,TEAM,0.10049213359814696,0.21588448616553113
2021-08,2021-08-02,2021-11-01,2021-08-02,102,91,4,3,3,0.16406310681489494,0.10337323284747335,MRNA,0.28588367965545236,-0.027235141290731346,DOCU,0.10581350719108548,-0.058082054537217154,TEAM,0.10049213359814696,0.39543689437036855
2021-09,2021-09-01,2021-10-01,2021-09-01,102,92,4,1,1,0.21628766176535166,-0.12527569830657748,MRNA,0.21628766176535166,-0.12527569830657748,,,,,,
2021-09,2021-09-01,2021-11-01,2021-09-01,102,92,4,2,1,0.21628766176535166,-0.135328483057086,MRNA,0.21628766176535166,-0.135328483057086,,,,,,
2021-09,2021-09-01,2021-12-01,2021-09-01,102,92,4,3,1,0.21628766176535166,-0.20344159766415404,MRNA,0.21628766176535166,-0.20344159766415404,,,,,,
2021-09,2021-09-01,2021-10-01,2021-09-01,102,92,4,1,2,0.17354045772236815,-0.035034959269278576,MRNA,0.21628766176535166,-0.12527569830657748,TEAM,0.1307932536793846,0.055205779768020324,,,
2021-09,2021-09-01,2021-11-01,2021-09-01,102,92,4,2,2,0.17354045772236815,0.037850958720786365,MRNA,0.21628766176535166,-0.135328483057086,TEAM,0.1307932536793846,0.21103040049865873,,,
2021-09,2021-09-01,2021-12-01,2021-09-01,102,92,4,3,2,0.17354045772236815,-0.12121235153060433,MRNA,0.21628766176535166,-0.20344159766415404,TEAM,0.1307932536793846,-0.03898310539705463,,,
2021-09,2021-09-01,2021-10-01,2021-09-01,102,92,4,1,3,0.1534284732026883,-0.04859321210594473,MRNA,0.21628766176535166,-0.12527569830657748,TEAM,0.1307932536793846,0.055205779768020324,NVDA,0.11320450416332864,-0.07570971777927704
2021-09,2021-09-01,2021-11-01,2021-09-01,102,92,4,2,3,0.1534284732026883,0.07552875486196704,MRNA,0.21628766176535166,-0.135328483057086,TEAM,0.1307932536793846,0.21103040049865873,NVDA,0.11320450416332864,0.1508843471443284
2021-09,2021-09-01,2021-12-01,2021-09-01,102,92,4,3,3,0.1534284732026883,0.05284369911272609,MRNA,0.21628766176535166,-0.20344159766415404,TEAM,0.1307932536793846,-0.03898310539705463,NVDA,0.11320450416332864,0.40095580039938694
2021-10,2021-10-01,2021-11-01,2021-10-01,102,92,4,1,1,0.1867964984228695,-0.011492517963713755,MRNA,0.1867964984228695,-0.011492517963713755,,,,,,
2021-10,2021-10-01,2021-12-01,2021-10-01,102,92,4,2,1,0.1867964984228695,-0.08936061248813054,MRNA,0.1867964984228695,-0.08936061248813054,,,,,,
2021-10,2021-10-01,2022-01-03,2021-10-01,102,92,4,3,1,0.1867964984228695,-0.31088567364809916,MRNA,0.1867964984228695,-0.31088567364809916,,,,,,
2021-10,2021-10-01,2021-11-01,2021-10-01,102,92,4,1,2,0.16461403509173844,0.06808987029185476,MRNA,0.1867964984228695,-0.011492517963713755,TEAM,0.1424315717606074,0.14767225854742327,,,
2021-10,2021-10-01,2021-12-01,2021-10-01,102,92,4,2,2,0.16461403509173844,-0.08931088303344831,MRNA,0.1867964984228695,-0.08936061248813054,TEAM,0.1424315717606074,-0.08926115357876607,,,
2021-10,2021-10-01,2022-01-03,2021-10-01,102,92,4,3,2,0.16461403509173844,-0.2087292419829846,MRNA,0.1867964984228695,-0.31088567364809916,TEAM,0.1424315717606074,-0.10657281031787003,,,
2021-10,2021-10-01,2021-11-01,2021-10-01,102,92,4,1,3,0.14641745589297803,0.09227887811966085,MRNA,0.1867964984228695,-0.011492517963713755,TEAM,0.1424315717606074,0.14767225854742327,DXCM,0.11002429749545717,0.14065689377527302
2021-10,2021-10-01,2021-12-01,2021-10-01,102,92,4,2,3,0.14641745589297803,-0.060492246731959555,MRNA,0.1867964984228695,-0.08936061248813054,TEAM,0.1424315717606074,-0.08926115357876607,DXCM,0.11002429749545717,-0.0028549741289820574
2021-10,2021-10-01,2022-01-03,2021-10-01,102,92,4,3,3,0.14641745589297803,-0.15680994525909853,MRNA,0.1867964984228695,-0.31088567364809916,TEAM,0.1424315717606074,-0.10657281031787003,DXCM,0.11002429749545717,-0.052971351811326395
2021-11,2021-11-01,2021-12-01,2021-11-01,102,92,4,1,1,0.17407544800400487,-0.09398557354557135,TSLA,0.17407544800400487,-0.09398557354557135,,,,,,
2021-11,2021-11-01,2022-01-03,2021-11-01,102,92,4,2,1,0.17407544800400487,-0.007289509163908914,TSLA,0.17407544800400487,-0.007289509163908914,,,,,,
2021-11,2021-11-01,2022-02-01,2021-11-01,102,92,4,3,1,0.17407544800400487,-0.22947405754673922,TSLA,0.17407544800400487,-0.22947405754673922,,,,,,
2021-11,2021-11-01,2021-12-01,2021-11-01,102,92,4,1,2,0.16246023734935594,-0.15021625077202422,TSLA,0.17407544800400487,-0.09398557354557135,TEAM,0.150845026694707,-0.20644692799847708,,,
2021-11,2021-11-01,2022-01-03,2021-11-01,102,92,4,2,2,0.16246023734935594,-0.11441029194324098,TSLA,0.17407544800400487,-0.007289509163908914,TEAM,0.150845026694707,-0.22153107472257305,,,
2021-11,2021-11-01,2022-02-01,2021-11-01,102,92,4,3,2,0.16246023734935594,-0.25277187958340674,TSLA,0.17407544800400487,-0.22947405754673922,TEAM,0.150845026694707,-0.27606970162007427,,,
2021-11,2021-11-01,2021-12-01,2021-11-01,102,92,4,1,3,0.14684754896910043,-0.1264019669247268,TSLA,0.17407544800400487,-0.09398557354557135,TEAM,0.150845026694707,-0.20644692799847708,MRNA,0.11562217220858945,-0.07877339923013194
2021-11,2021-11-01,2022-01-03,2021-11-01,102,92,4,2,3,0.14684754896910043,-0.1772315079218899,TSLA,0.17407544800400487,-0.007289509163908914,TEAM,0.150845026694707,-0.22153107472257305,MRNA,0.11562217220858945,-0.30287393987918776
2021-11,2021-11-01,2022-02-01,2021-11-01,102,92,4,3,3,0.14684754896910043,-0.3310735342848313,TSLA,0.17407544800400487,-0.22947405754673922,TEAM,0.150845026694707,-0.27606970162007427,MRNA,0.11562217220858945,-0.4876768436876804
2021-12,2021-12-01,2022-01-03,2021-12-01,102,92,4,1,1,0.13887043438293392,0.09568949660209758,TSLA,0.13887043438293392,0.09568949660209758,,,,,,
2021-12,2021-12-01,2022-02-01,2021-12-01,102,92,4,2,1,0.13887043438293392,-0.14954340686536816,TSLA,0.13887043438293392,-0.14954340686536816,,,,,,
2021-12,2021-12-01,2022-03-01,2021-12-01,102,92,4,3,1,0.13887043438293392,-0.21062103689533396,TSLA,0.13887043438293392,-0.21062103689533396,,,,,,
2021-12,2021-12-01,2022-01-03,2021-12-01,102,92,4,1,2,0.1348333376010931,0.026944549412870222,TSLA,0.13887043438293392,0.09568949660209758,NVDA,0.13079624081925226,-0.041800397776357134,,,
2021-12,2021-12-01,2022-02-01,2021-12-01,102,92,4,2,2,0.1348333376010931,-0.18288362825942395,TSLA,0.13887043438293392,-0.14954340686536816,NVDA,0.13079624081925226,-0.21622384965347974,,,
2021-12,2021-12-01,2022-03-01,2021-12-01,102,92,4,3,2,0.1348333376010931,-0.23188923411593498,TSLA,0.13887043438293392,-0.21062103689533396,NVDA,0.13079624081925226,-0.253157431336536,,,
2021-12,2021-12-01,2022-01-03,2021-12-01,102,92,4,1,3,0.11963967612719568,0.020489143147325712,TSLA,0.13887043438293392,0.09568949660209758,NVDA,0.13079624081925226,-0.041800397776357134,AMD,0.08925235317940092,0.007578330616236695
2021-12,2021-12-01,2022-02-01,2021-12-01,102,92,4,2,3,0.11963967612719568,-0.19419568845873023,TSLA,0.13887043438293392,-0.14954340686536816,NVDA,0.13079624081925226,-0.21622384965347974,AMD,0.08925235317940092,-0.21681980885734276
2021-12,2021-12-01,2022-03-01,2021-12-01,102,92,4,3,3,0.11963967612719568,-0.2334607695279536,TSLA,0.13887043438293392,-0.21062103689533396,NVDA,0.13079624081925226,-0.253157431336536,AMD,0.08925235317940092,-0.2366038403519909
2022-01,2022-01-03,2022-02-01,2022-01-03,101,92,4,1,1,0.26700365710875656,-0.2680185315444997,LCID,0.26700365710875656,-0.2680185315444997,,,,,,
2022-01,2022-01-03,2022-03-01,2022-01-03,101,92,4,2,1,0.26700365710875656,-0.38944539127890654,LCID,0.26700365710875656,-0.38944539127890654,,,,,,
2022-01,2022-01-03,2022-04-01,2022-01-03,101,92,4,3,1,0.26700365710875656,-0.40019543776732713,LCID,0.26700365710875656,-0.40019543776732713,,,,,,
2022-01,2022-01-03,2022-02-01,2022-01-03,101,92,4,1,2,0.21059693825692755,-0.24591729456506517,LCID,0.26700365710875656,-0.2680185315444997,TSLA,0.15419021940509856,-0.2238160575856306,,,
2022-01,2022-01-03,2022-03-01,2022-01-03,101,92,4,2,2,0.21059693825692755,-0.33450250298786166,LCID,0.26700365710875656,-0.38944539127890654,TSLA,0.15419021940509856,-0.2795596146968168,,,
2022-01,2022-01-03,2022-04-01,2022-01-03,101,92,4,3,2,0.21059693825692755,-0.248102354132878,LCID,0.26700365710875656,-0.40019543776732713,TSLA,0.15419021940509856,-0.09600927049842889,,,
2022-01,2022-01-03,2022-02-01,2022-01-03,101,92,4,1,3,0.180484292776933,-0.1803080959438211,LCID,0.26700365710875656,-0.2680185315444997,TSLA,0.15419021940509856,-0.2238160575856306,DLTR,0.12025900181694399,-0.04908969870133295
2022-01,2022-01-03,2022-03-01,2022-01-03,101,92,4,2,3,0.180484292776933,-0.22644902875400322,LCID,0.26700365710875656,-0.38944539127890654,TSLA,0.15419021940509856,-0.2795596146968168,DLTR,0.12025900181694399,-0.01034208028628636
2022-01,2022-01-03,2022-04-01,2022-01-03,101,92,4,3,3,0.180484292776933,-0.12228571680054397,LCID,0.26700365710875656,-0.40019543776732713,TSLA,0.15419021940509856,-0.09600927049842889,DLTR,0.12025900181694399,0.1293475578641241
2022-02,2022-02-01,2022-03-01,2022-02-01,101,92,4,1,1,0.10415864402745978,-0.16588788783221597,LCID,0.10415864402745978,-0.16588788783221597,,,,,,
2022-02,2022-02-01,2022-04-01,2022-02-01,101,92,4,2,1,0.10415864402745978,-0.18057411549191815,LCID,0.10415864402745978,-0.18057411549191815,,,,,,
2022-02,2022-02-01,2022-05-02,2022-02-01,101,92,4,3,1,0.10415864402745978,-0.3638184171543012,LCID,0.10415864402745978,-0.3638184171543012,,,,,,
2022-02,2022-02-01,2022-03-01,2022-02-01,101,92,4,1,2,0.09790345816642368,-0.12088226898677501,LCID,0.10415864402745978,-0.16588788783221597,QCOM,0.09164827230538758,-0.07587665014133405,,,
2022-02,2022-02-01,2022-04-01,2022-02-01,101,92,4,2,2,0.09790345816642368,-0.1736349818228099,LCID,0.10415864402745978,-0.18057411549191815,QCOM,0.09164827230538758,-0.16669584815370164,,,
2022-02,2022-02-01,2022-05-02,2022-02-01,101,92,4,3,2,0.09790345816642368,-0.27013264155999994,LCID,0.10415864402745978,-0.3638184171543012,QCOM,0.09164827230538758,-0.1764468659656987,,,
2022-02,2022-02-01,2022-03-01,2022-02-01,101,92,4,1,3,0.09386552230639596,-0.0670055387879948,LCID,0.10415864402745978,-0.16588788783221597,QCOM,0.09164827230538758,-0.07587665014133405,DLTR,0.08578965058634053,0.04074792160956564
2022-02,2022-02-01,2022-04-01,2022-02-01,101,92,4,2,3,0.09386552230639596,-0.05320702663874877,LCID,0.10415864402745978,-0.18057411549191815,QCOM,0.09164827230538758,-0.16669584815370164,DLTR,0.08578965058634053,0.1876488837293735
2022-02,2022-02-01,2022-05-02,2022-02-01,101,92,4,3,3,0.09386552230639596,-0.1077304663508214,LCID,0.10415864402745978,-0.3638184171543012,QCOM,0.09164827230538758,-0.1764468659656987,DLTR,0.08578965058634053,0.2170738840675357
2022-03,2022-03-01,2022-04-01,2022-03-01,102,94,4,1,1,0.06336793956845216,0.1411494167508096,DLTR,0.06336793956845216,0.1411494167508096,,,,,,
2022-03,2022-03-01,2022-05-02,2022-03-01,102,94,4,2,1,0.06336793956845216,0.16942235367164926,DLTR,0.06336793956845216,0.16942235367164926,,,,,,
2022-03,2022-03-01,2022-06-01,2022-03-01,102,94,4,3,1,0.06336793956845216,0.15245856967562932,DLTR,0.06336793956845216,0.15245856967562932,,,,,,
2022-03,2022-03-01,2022-04-01,2022-03-01,102,94,4,1,2,0.06209933600532437,0.02143668041287289,DLTR,0.06336793956845216,0.1411494167508096,QCOM,0.06083073244219658,-0.09827605592506383,,,
2022-03,2022-03-01,2022-05-02,2022-03-01,102,94,4,2,2,0.06209933600532437,0.030297328381640676,DLTR,0.06336793956845216,0.16942235367164926,QCOM,0.06083073244219658,-0.10882769690836791,,,
2022-03,2022-03-01,2022-06-01,2022-03-01,102,94,4,3,2,0.06209933600532437,0.007973111336849414,DLTR,0.06336793956845216,0.15245856967562932,QCOM,0.06083073244219658,-0.1365123470019305,,,
2022-03,2022-03-01,2022-04-01,2022-03-01,102,94,4,1,3,0.06138099617778254,-0.024660900994920614,DLTR,0.06336793956845216,0.1411494167508096,QCOM,0.06083073244219658,-0.09827605592506383,MU,0.05994431652269888,-0.11685606381050762
2022-03,2022-03-01,2022-05-02,2022-03-01,102,94,4,2,3,0.06138099617778254,-0.039943717120436095,DLTR,0.06336793956845216,0.16942235367164926,QCOM,0.06083073244219658,-0.10882769690836791,MU,0.05994431652269888,-0.18042580812458964
2022-03,2022-03-01,2022-06-01,2022-03-01,102,94,4,3,3,0.06138099617778254,-0.043411308063066256,DLTR,0.06336793956845216,0.15245856967562932,QCOM,0.06083073244219658,-0.1365123470019305,MU,0.05994431652269888,-0.1461801468628976
2022-04,2022-04-01,2022-05-02,2022-04-01,102,94,4,1,1,0.07055702592580859,-0.01574301160057845,VRTX,0.07055702592580859,-0.01574301160057845,,,,,,
2022-04,2022-04-01,2022-06-01,2022-04-01,102,94,4,2,1,0.07055702592580859,0.012248768891172546,VRTX,0.07055702592580859,0.012248768891172546,,,,,,
2022-04,2022-04-01,2022-07-01,2022-04-01,102,94,4,3,1,0.07055702592580859,0.07954166414885644,VRTX,0.07055702592580859,0.07954166414885644,,,,,,
2022-04,2022-04-01,2022-05-02,2022-04-01,102,94,4,1,2,0.06848229209613146,-0.018467368777926096,VRTX,0.07055702592580859,-0.01574301160057845,EXC,0.06640755826645434,-0.021191725955273744,,,
2022-04,2022-04-01,2022-06-01,2022-04-01,102,94,4,2,2,0.06848229209613146,0.025864538475117937,VRTX,0.07055702592580859,0.012248768891172546,EXC,0.06640755826645434,0.03948030805906333,,,
2022-04,2022-04-01,2022-07-01,2022-04-01,102,94,4,3,2,0.06848229209613146,0.026545189715007522,VRTX,0.07055702592580859,0.07954166414885644,EXC,0.06640755826645434,-0.026451284718841395,,,
2022-04,2022-04-01,2022-05-02,2022-04-01,102,94,4,1,3,0.0662501594259359,-0.023410665684748515,VRTX,0.07055702592580859,-0.01574301160057845,EXC,0.06640755826645434,-0.021191725955273744,AEP,0.061785894085544774,-0.03329725949839335
2022-04,2022-04-01,2022-06-01,2022-04-01,102,94,4,2,3,0.0662501594259359,0.01898340843057082,VRTX,0.07055702592580859,0.012248768891172546,EXC,0.06640755826645434,0.03948030805906333,AEP,0.061785894085544774,0.005221148341476578
2022-04,2022-04-01,2022-07-01,2022-04-01,102,94,4,3,3,0.0662501594259359,0.006006630883233795,VRTX,0.07055702592580859,0.07954166414885644,EXC,0.06640755826645434,-0.026451284718841395,AEP,0.061785894085544774,-0.03507048678031366
2022-05,2022-05-02,2022-06-01,2022-05-02,102,94,4,1,1,0.045243225733838516,0.028439503932068178,VRTX,0.045243225733838516,0.028439503932068178,,,,,,
2022-05,2022-05-02,2022-07-01,2022-05-02,102,94,4,2,1,0.045243225733838516,0.09680873681616942,VRTX,0.045243225733838516,0.09680873681616942,,,,,,
2022-05,2022-05-02,2022-08-01,2022-05-02,102,94,4,3,1,0.045243225733838516,0.04531224425247027,VRTX,0.045243225733838516,0.04531224425247027,,,,,,
2022-05,2022-05-02,2022-06-01,2022-05-02,102,94,4,1,2,0.04323256407070741,-0.037621489391255536,VRTX,0.045243225733838516,0.028439503932068178,KHC,0.04122190240757631,-0.10368248271457925,,,
2022-05,2022-05-02,2022-07-01,2022-05-02,102,94,4,2,2,0.04323256407070741,0.013286338868798486,VRTX,0.045243225733838516,0.09680873681616942,KHC,0.04122190240757631,-0.07023605907857244,,,
2022-05,2022-05-02,2022-08-01,2022-05-02,102,94,4,3,2,0.04323256407070741,-0.02701954198126033,VRTX,0.045243225733838516,0.04531224425247027,KHC,0.04122190240757631,-0.09935132821499093,,,
2022-05,2022-05-02,2022-06-01,2022-05-02,102,94,4,1,3,0.0419536661323042,-0.029916367116808562,VRTX,0.045243225733838516,0.028439503932068178,KHC,0.04122190240757631,-0.10368248271457925,DLTR,0.03939587025549779,-0.014506122567914614
2022-05,2022-05-02,2022-07-01,2022-05-02,102,94,4,2,3,0.0419536661323042,-0.0056485010590685185,VRTX,0.045243225733838516,0.09680873681616942,KHC,0.04122190240757631,-0.07023605907857244,DLTR,0.03939587025549779,-0.04351818091480253
2022-05,2022-05-02,2022-08-01,2022-05-02,102,94,4,3,3,0.0419536661323042,-0.011259860607431005,VRTX,0.045243225733838516,0.04531224425247027,KHC,0.04122190240757631,-0.09935132821499093,DLTR,0.03939587025549779,0.020259502140227648
2022-06,2022-06-01,2022-07-01,2022-06-01,102,94,4,1,1,0.06916925321061784,-0.09505090789223214,CEG,0.06916925321061784,-0.09505090789223214,,,,,,
2022-06,2022-06-01,2022-08-01,2022-06-01,102,94,4,2,1,0.06916925321061784,0.025923081803929993,CEG,0.06916925321061784,0.025923081803929993,,,,,,
2022-06,2022-06-01,2022-09-01,2022-06-01,102,94,4,3,1,0.06916925321061784,0.29878845561596323,CEG,0.06916925321061784,0.29878845561596323,,,,,,
2022-06,2022-06-01,2022-07-01,2022-06-01,102,94,4,1,2,0.06172739286351232,-0.03916493819780753,CEG,0.06916925321061784,-0.09505090789223214,TMUS,0.054285532516406804,0.016721031496617078,,,
2022-06,2022-06-01,2022-08-01,2022-06-01,102,94,4,2,2,0.06172739286351232,0.047258552963205025,CEG,0.06916925321061784,0.025923081803929993,TMUS,0.054285532516406804,0.06859402412248006,,,
2022-06,2022-06-01,2022-09-01,2022-06-01,102,94,4,3,2,0.06172739286351232,0.1841741426768322,CEG,0.06916925321061784,0.29878845561596323,TMUS,0.054285532516406804,0.06955982973770114,,,
2022-06,2022-06-01,2022-07-01,2022-06-01,102,94,4,1,3,0.05795941772549625,-0.047252444540929285,CEG,0.06916925321061784,-0.09505090789223214,TMUS,0.054285532516406804,0.016721031496617078,EXC,0.050423467449464104,-0.0634274572271728
2022-06,2022-06-01,2022-08-01,2022-06-01,102,94,4,2,3,0.05795941772549625,0.010634260579992652,CEG,0.06916925321061784,0.025923081803929993,TMUS,0.054285532516406804,0.06859402412248006,EXC,0.050423467449464104,-0.06261432418643209
2022-06,2022-06-01,2022-09-01,2022-06-01,102,94,4,3,3,0.05795941772549625,0.09290682617425568,CEG,0.06916925321061784,0.29878845561596323,TMUS,0.054285532516406804,0.06955982973770114,EXC,0.050423467449464104,-0.08962780683089733
2022-07,2022-07-01,2022-08-01,2022-07-01,102,94,4,1,1,0.0759415484268145,-0.26427030467084445,PDD,0.0759415484268145,-0.26427030467084445,,,,,,
2022-07,2022-07-01,2022-09-01,2022-07-01,102,94,4,2,1,0.0759415484268145,0.10182040273363491,PDD,0.0759415484268145,0.10182040273363491,,,,,,
2022-07,2022-07-01,2022-10-03,2022-07-01,102,94,4,3,1,0.0759415484268145,-0.033477293723569446,PDD,0.0759415484268145,-0.033477293723569446,,,,,,
2022-07,2022-07-01,2022-08-01,2022-07-01,102,94,4,1,2,0.06708175452103081,-0.15561075516166512,PDD,0.0759415484268145,-0.26427030467084445,VRTX,0.05822196061524712,-0.046951205652485783,,,
2022-07,2022-07-01,2022-09-01,2022-07-01,102,94,4,2,2,0.06708175452103081,0.05592204323197969,PDD,0.0759415484268145,0.10182040273363491,VRTX,0.05822196061524712,0.010023683730324473,,,
2022-07,2022-07-01,2022-10-03,2022-07-01,102,94,4,3,2,0.06708175452103081,0.0008549510322772846,PDD,0.0759415484268145,-0.033477293723569446,VRTX,0.05822196061524712,0.035187195788124015,,,
2022-07,2022-07-01,2022-08-01,2022-07-01,102,94,4,1,3,0.06292533379146216,-0.059180357921618354,PDD,0.0759415484268145,-0.26427030467084445,VRTX,0.05822196061524712,-0.046951205652485783,CEG,0.05461249233232485,0.13368043655847517
2022-07,2022-07-01,2022-09-01,2022-07-01,102,94,4,2,3,0.06292533379146216,0.1823500615776162,PDD,0.0759415484268145,0.10182040273363491,VRTX,0.05822196061524712,0.010023683730324473,CEG,0.05461249233232485,0.43520609826888923
2022-07,2022-07-01,2022-10-03,2022-07-01,102,94,4,3,3,0.06292533379146216,0.16923391522182873,PDD,0.0759415484268145,-0.033477293723569446,VRTX,0.05822196061524712,0.035187195788124015,CEG,0.05461249233232485,0.5059918436009316
2022-08,2022-08-01,2022-09-01,2022-08-01,102,94,4,1,1,0.05072331558567658,0.4975885977263639,PDD,0.05072331558567658,0.4975885977263639,,,,,,
2022-08,2022-08-01,2022-10-03,2022-08-01,102,94,4,2,1,0.05072331558567658,0.3136926678540837,PDD,0.05072331558567658,0.3136926678540837,,,,,,
2022-08,2022-08-01,2022-11-01,2022-08-01,102,94,4,3,1,0.05072331558567658,0.13000631036854604,PDD,0.05072331558567658,0.13000631036854604,,,,,,
2022-08,2022-08-01,2022-09-01,2022-08-01,102,94,4,1,2,0.04862340582406911,0.20061682871592895,PDD,0.05072331558567658,0.4975885977263639,MNST,0.046523496062461644,-0.09635494029450598,,,
2022-08,2022-08-01,2022-10-03,2022-08-01,102,94,4,2,2,0.04862340582406911,0.10902422826523145,PDD,0.05072331558567658,0.3136926678540837,MNST,0.046523496062461644,-0.09564421132362078,,,
2022-08,2022-08-01,2022-11-01,2022-08-01,102,94,4,3,2,0.04862340582406911,0.04398579565820809,PDD,0.05072331558567658,0.13000631036854604,MNST,0.046523496062461644,-0.042034719052129854,,,
2022-08,2022-08-01,2022-09-01,2022-08-01,102,94,4,1,3,0.04407683483498142,0.10672336688813415,PDD,0.05072331558567658,0.4975885977263639,MNST,0.046523496062461644,-0.09635494029450598,CDNS,0.034983692856806026,-0.08106355676745547
2022-08,2022-08-01,2022-10-03,2022-08-01,102,94,4,2,3,0.04407683483498142,0.04609398211921597,PDD,0.05072331558567658,0.3136926678540837,MNST,0.046523496062461644,-0.09564421132362078,CDNS,0.034983692856806026,-0.079766510172815
2022-08,2022-08-01,2022-11-01,2022-08-01,102,94,4,3,3,0.04407683483498142,-0.03212231335708734,PDD,0.05072331558567658,0.13000631036854604,MNST,0.046523496062461644,-0.042034719052129854,CDNS,0.034983692856806026,-0.1843385313876782
2022-09,2022-09-01,2022-10-03,2022-09-01,102,94,4,1,1,0.163338529204712,-0.12279469151372446,PDD,0.163338529204712,-0.12279469151372446,,,,,,
2022-09,2022-09-01,2022-11-01,2022-09-01,102,94,4,2,1,0.163338529204712,-0.24544944313537143,PDD,0.163338529204712,-0.24544944313537143,,,,,,
2022-09,2022-09-01,2022-12-01,2022-09-01,102,94,4,3,1,0.163338529204712,0.1725007002335821,PDD,0.163338529204712,0.1725007002335821,,,,,,
2022-09,2022-09-01,2022-10-03,2022-09-01,102,94,4,1,2,0.13178639704779904,-0.03673686479269184,PDD,0.163338529204712,-0.12279469151372446,CEG,0.10023426489088605,0.04932096192834079,,,
2022-09,2022-09-01,2022-11-01,2022-09-01,102,94,4,2,2,0.13178639704779904,-0.04395600974772945,PDD,0.163338529204712,-0.24544944313537143,CEG,0.10023426489088605,0.15753742363991252,,,
2022-09,2022-09-01,2022-12-01,2022-09-01,102,94,4,3,2,0.13178639704779904,0.15953258416863336,PDD,0.163338529204712,0.1725007002335821,CEG,0.10023426489088605,0.14656446810368462,,,
2022-09,2022-09-01,2022-10-03,2022-09-01,102,94,4,1,3,0.10235612673506445,-0.011450038334047563,PDD,0.163338529204712,-0.12279469151372446,CEG,0.10023426489088605,0.04932096192834079,NFLX,0.043495586109595225,0.039123614583240984
2022-09,2022-09-01,2022-11-01,2022-09-01,102,94,4,2,3,0.10235612673506445,0.05287010232966749,PDD,0.163338529204712,-0.24544944313537143,CEG,0.10023426489088605,0.15753742363991252,NFLX,0.043495586109595225,0.24652232648446137
2022-09,2022-09-01,2022-12-01,2022-09-01,102,94,4,3,3,0.10235612673506445,0.2322896775445351,PDD,0.163338529204712,0.1725007002335821,CEG,0.10023426489088605,0.14656446810368462,NFLX,0.043495586109595225,0.3778038642963386
2022-10,2022-10-03,2022-11-01,2022-10-03,102,94,4,1,1,0.10834518454271519,-0.13982445208101013,PDD,0.10834518454271519,-0.13982445208101013,,,,,,
2022-10,2022-10-03,2022-12-01,2022-10-03,102,94,4,2,1,0.10834518454271519,0.33663201634845863,PDD,0.10834518454271519,0.33663201634845863,,,,,,
2022-10,2022-10-03,2023-01-03,2022-10-03,102,94,4,3,1,0.10834518454271519,0.3492417672867889,PDD,0.10834518454271519,0.3492417672867889,,,,,,
2022-10,2022-10-03,2022-11-01,2022-10-03,102,94,4,1,2,0.09841272813156107,-0.018347230372877332,PDD,0.10834518454271519,-0.13982445208101013,CEG,0.08848027172040696,0.10312999133525547,,,
2022-10,2022-10-03,2022-12-01,2022-10-03,102,94,4,2,2,0.09841272813156107,0.21465240557004572,PDD,0.10834518454271519,0.33663201634845863,CEG,0.08848027172040696,0.09267279479163282,,,
2022-10,2022-10-03,2023-01-03,2022-10-03,102,94,4,3,2,0.09841272813156107,0.14832059510322315,PDD,0.10834518454271519,0.3492417672867889,CEG,0.08848027172040696,-0.0526005770803426,,,
2022-10,2022-10-03,2022-11-01,2022-10-03,102,94,4,1,3,0.09263181720653872,0.007619719389359385,PDD,0.10834518454271519,-0.13982445208101013,CEG,0.08848027172040696,0.10312999133525547,BIIB,0.081069995356494,0.05955361891383282
2022-10,2022-10-03,2022-12-01,2022-10-03,102,94,4,2,3,0.09263181720653872,0.19045942947303374,PDD,0.10834518454271519,0.33663201634845863,CEG,0.08848027172040696,0.09267279479163282,BIIB,0.081069995356494,0.14207347727900976
2022-10,2022-10-03,2023-01-03,2022-10-03,102,94,4,3,3,0.09263181720653872,0.1093861572028502,PDD,0.10834518454271519,0.3492417672867889,CEG,0.08848027172040696,-0.0526005770803426,BIIB,0.081069995356494,0.0315172814021043
2022-11,2022-11-01,2022-12-01,2022-11-01,102,94,4,1,1,0.13802549652727886,-0.009479568705194064,CEG,0.13802549652727886,-0.009479568705194064,,,,,,
2022-11,2022-11-01,2023-01-03,2022-11-01,102,94,4,2,1,0.13802549652727886,-0.14117154790352315,CEG,0.13802549652727886,-0.14117154790352315,,,,,,
2022-11,2022-11-01,2023-02-01,2022-11-01,102,94,4,3,1,0.13802549652727886,-0.10447397003540215,CEG,0.13802549652727886,-0.10447397003540215,,,,,,
2022-11,2022-11-01,2022-12-01,2022-11-01,102,94,4,1,2,0.13310226746919612,0.047919335754030956,CEG,0.13802549652727886,-0.009479568705194064,NFLX,0.1281790384111134,0.10531824021325598,,,
2022-11,2022-11-01,2023-01-03,2022-11-01,102,94,4,2,2,0.13310226746919612,-0.05628757649770455,CEG,0.13802549652727886,-0.14117154790352315,NFLX,0.1281790384111134,0.028596394908114053,,,
2022-11,2022-11-01,2023-02-01,2022-11-01,102,94,4,3,2,0.13310226746919612,0.07895747488434207,CEG,0.13802549652727886,-0.10447397003540215,NFLX,0.1281790384111134,0.2623889198040863,,,
2022-11,2022-11-01,2022-12-01,2022-11-01,102,94,4,1,3,0.12995060333719455,0.029118036872359625,CEG,0.13802549652727886,-0.009479568705194064,NFLX,0.1281790384111134,0.10531824021325598,DXCM,0.1236472750731914,-0.00848456089098304
2022-11,2022-11-01,2023-01-03,2022-11-01,102,94,4,2,3,0.12995060333719455,-0.04959381647070845,CEG,0.13802549652727886,-0.14117154790352315,NFLX,0.1281790384111134,0.028596394908114053,DXCM,0.1236472750731914,-0.036206296416716244
2022-11,2022-11-01,2023-02-01,2022-11-01,102,94,4,3,3,0.12995060333719455,0.02091228124033277,CEG,0.13802549652727886,-0.10447397003540215,NFLX,0.1281790384111134,0.2623889198040863,DXCM,0.1236472750731914,-0.09517810604768584
2022-12,2022-12-01,2023-01-03,2022-12-01,102,94,4,1,1,0.19721888427979237,0.009433973437789511,PDD,0.19721888427979237,0.009433973437789511,,,,,,
2022-12,2022-12-01,2023-02-01,2022-12-01,102,94,4,2,1,0.19721888427979237,0.22975884862648566,PDD,0.19721888427979237,0.22975884862648566,,,,,,
2022-12,2022-12-01,2023-03-01,2022-12-01,102,94,4,3,1,0.19721888427979237,0.08717462667760811,PDD,0.19721888427979237,0.08717462667760811,,,,,,
2022-12,2022-12-01,2023-01-03,2022-12-01,102,94,4,1,2,0.15375327996517396,-0.005532337517260899,PDD,0.19721888427979237,0.009433973437789511,GILD,0.11028767565055553,-0.02049864847231131,,,
2022-12,2022-12-01,2023-02-01,2022-12-01,102,94,4,2,2,0.15375327996517396,0.09665785891726236,PDD,0.19721888427979237,0.22975884862648566,GILD,0.11028767565055553,-0.03644313079196093,,,
2022-12,2022-12-01,2023-03-01,2022-12-01,102,94,4,3,2,0.15375327996517396,7.229980768624911e-05,PDD,0.19721888427979237,0.08717462667760811,GILD,0.11028767565055553,-0.08703002706223562,,,
2022-12,2022-12-01,2023-01-03,2022-12-01,102,94,4,1,3,0.1370913234565554,-0.035955908330886875,PDD,0.19721888427979237,0.009433973437789511,GILD,0.11028767565055553,-0.02049864847231131,BIIB,0.10376741043931828,-0.09680304995813882
2022-12,2022-12-01,2023-02-01,2022-12-01,102,94,4,2,3,0.1370913234565554,0.05311948499321958,PDD,0.19721888427979237,0.22975884862648566,GILD,0.11028767565055553,-0.03644313079196093,BIIB,0.10376741043931828,-0.033957262854866
2022-12,2022-12-01,2023-03-01,2022-12-01,102,94,4,3,3,0.1370913234565554,-0.03268330479289446,PDD,0.19721888427979237,0.08717462667760811,GILD,0.11028767565055553,-0.08703002706223562,BIIB,0.10376741043931828,-0.09819451399405588
2023-01,2023-01-03,2023-02-01,2023-01-03,101,94,4,1,1,0.09680654226459315,-0.0611871704616026,DXCM,0.09680654226459315,-0.0611871704616026,,,,,,
2023-01,2023-01-03,2023-03-01,2023-01-03,101,94,4,2,1,0.09680654226459315,-0.03460299053903226,DXCM,0.09680654226459315,-0.03460299053903226,,,,,,
2023-01,2023-01-03,2023-04-03,2023-01-03,101,94,4,3,1,0.09680654226459315,0.004445171201200804,DXCM,0.09680654226459315,0.004445171201200804,,,,,,
2023-01,2023-01-03,2023-02-01,2023-01-03,101,94,4,1,2,0.09384343436773429,0.004197158416174018,DXCM,0.09680654226459315,-0.0611871704616026,BIIB,0.09088032647087543,0.06958148729395064,,,
2023-01,2023-01-03,2023-03-01,2023-01-03,101,94,4,2,2,0.09384343436773429,-0.0180717946133373,DXCM,0.09680654226459315,-0.03460299053903226,BIIB,0.09088032647087543,-0.001540598687642336,,,
2023-01,2023-01-03,2023-04-03,2023-01-03,101,94,4,3,2,0.09384343436773429,0.010860650690139417,DXCM,0.09680654226459315,0.004445171201200804,BIIB,0.09088032647087543,0.01727613017907803,,,
2023-01,2023-01-03,2023-02-01,2023-01-03,101,94,4,1,3,0.0901362100115571,-0.002627948607104691,DXCM,0.09680654226459315,-0.0611871704616026,BIIB,0.09088032647087543,0.06958148729395064,GILD,0.08272176129920272,-0.01627816265366211
2023-01,2023-01-03,2023-03-01,2023-01-03,101,94,4,2,3,0.0901362100115571,-0.03468910411320725,DXCM,0.09680654226459315,-0.03460299053903226,BIIB,0.09088032647087543,-0.001540598687642336,GILD,0.08272176129920272,-0.06792372311294714
2023-01,2023-01-03,2023-04-03,2023-01-03,101,94,4,3,3,0.0901362100115571,0.0019418722742739665,DXCM,0.09680654226459315,0.004445171201200804,BIIB,0.09088032647087543,0.01727613017907803,GILD,0.08272176129920272,-0.015895684557456935
2023-02,2023-02-01,2023-03-01,2023-02-01,101,94,4,1,1,0.16159738734655515,0.08379875097500133,NVDA,0.16159738734655515,0.08379875097500133,,,,,,
2023-02,2023-02-01,2023-04-03,2023-02-01,101,94,4,2,1,0.16159738734655515,0.33551784170000754,NVDA,0.16159738734655515,0.33551784170000754,,,,,,
2023-02,2023-02-01,2023-05-01,2023-02-01,101,94,4,3,1,0.16159738734655515,0.38064778825495416,NVDA,0.16159738734655515,0.38064778825495416,,,,,,
2023-02,2023-02-01,2023-03-01,2023-02-01,101,94,4,1,2,0.16102136444001683,-0.016073056305988542,NVDA,0.16159738734655515,0.08379875097500133,PDD,0.1604453415334785,-0.11594486358697842,,,
2023-02,2023-02-01,2023-04-03,2023-02-01,101,94,4,2,2,0.16102136444001683,0.03113041967629354,NVDA,0.16159738734655515,0.33551784170000754,PDD,0.1604453415334785,-0.27325700234742045,,,
2023-02,2023-02-01,2023-05-01,2023-02-01,101,94,4,3,2,0.16102136444001683,0.023349695749149357,NVDA,0.16159738734655515,0.38064778825495416,PDD,0.1604453415334785,-0.33394839675665544,,,
2023-02,2023-02-01,2023-03-01,2023-02-01,101,94,4,1,3,0.15107026546453686,-0.0412937982560904,NVDA,0.16159738734655515,0.08379875097500133,PDD,0.1604453415334785,-0.11594486358697842,ASML,0.13116806751357699,-0.09173528215629412
2023-02,2023-02-01,2023-04-03,2023-02-01,101,94,4,2,3,0.15107026546453686,0.01924205656541626,NVDA,0.16159738734655515,0.33551784170000754,PDD,0.1604453415334785,-0.27325700234742045,ASML,0.13116806751357699,-0.004534669656338308
2023-02,2023-02-01,2023-05-01,2023-02-01,101,94,4,3,3,0.15107026546453686,-0.00412740013816737,NVDA,0.16159738734655515,0.38064778825495416,PDD,0.1604453415334785,-0.33394839675665544,ASML,0.13116806751357699,-0.059081591912800824
2023-03,2023-03-01,2023-04-03,2023-03-01,101,94,4,1,1,0.16641523865698643,-0.17794380947632138,PDD,0.16641523865698643,-0.17794380947632138,,,,,,
2023-03,2023-03-01,2023-05-01,2023-03-01,101,94,4,2,1,0.16641523865698643,-0.2465949511409523,PDD,0.16641523865698643,-0.2465949511409523,,,,,,
2023-03,2023-03-01,2023-06-01,2023-03-01,101,94,4,3,1,0.16641523865698643,-0.2411028598077818,PDD,0.16641523865698643,-0.2411028598077818,,,,,,
2023-03,2023-03-01,2023-04-03,2023-03-01,101,94,4,1,2,0.1658223084717083,0.025345941968099972,PDD,0.16641523865698643,-0.17794380947632138,META,0.1652293782864302,0.22863569341252132,,,
2023-03,2023-03-01,2023-05-01,2023-03-01,101,94,4,2,2,0.1658223084717083,0.07783270215298882,PDD,0.16641523865698643,-0.2465949511409523,META,0.1652293782864302,0.40226035544692995,,,
2023-03,2023-03-01,2023-06-01,2023-03-01,101,94,4,3,2,0.1658223084717083,0.16543041871115305,PDD,0.16641523865698643,-0.2411028598077818,META,0.1652293782864302,0.5719636972300879,,,
2023-03,2023-03-01,2023-04-03,2023-03-01,101,94,4,1,3,0.16453046815767247,0.09431606219751125,PDD,0.16641523865698643,-0.17794380947632138,META,0.1652293782864302,0.22863569341252132,NVDA,0.1619467875296008,0.2322563026563338
2023-03,2023-03-01,2023-05-01,2023-03-01,101,94,4,2,3,0.16453046815767247,0.1431874099067336,PDD,0.16641523865698643,-0.2465949511409523,META,0.1652293782864302,0.40226035544692995,NVDA,0.1619467875296008,0.2738968254142231
2023-03,2023-03-01,2023-06-01,2023-03-01,101,94,4,3,3,0.16453046815767247,0.3610983835996029,PDD,0.16641523865698643,-0.2411028598077818,META,0.1652293782864302,0.5719636972300879,NVDA,0.1619467875296008,0.7524343133765026
2023-04,2023-04-03,2023-05-01,2023-04-03,101,94,4,1,1,0.15610675560886733,0.1413150073413285,META,0.15610675560886733,0.1413150073413285,,,,,,
2023-04,2023-04-03,2023-06-01,2023-04-03,101,94,4,2,1,0.15610675560886733,0.27943840933350805,META,0.15610675560886733,0.27943840933350805,,,,,,
2023-04,2023-04-03,2023-07-03,2023-04-03,101,94,4,3,1,0.15610675560886733,0.3423758777565409,META,0.15610675560886733,0.3423758777565409,,,,,,
2023-04,2023-04-03,2023-05-01,2023-04-03,101,94,4,1,2,0.15486472003331095,0.08755355146044885,META,0.15610675560886733,0.1413150073413285,NVDA,0.15362268445775457,0.03379209557956919,,,
2023-04,2023-04-03,2023-06-01,2023-04-03,101,94,4,2,2,0.15486472003331095,0.3507865003254731,META,0.15610675560886733,0.27943840933350805,NVDA,0.15362268445775457,0.42213459131743813,,,
2023-04,2023-04-03,2023-07-03,2023-04-03,101,94,4,3,2,0.15486472003331095,0.42958919684412966,META,0.15610675560886733,0.3423758777565409,NVDA,0.15362268445775457,0.5168025159317184,,,
2023-04,2023-04-03,2023-05-01,2023-04-03,101,94,4,1,3,0.14791351437691144,0.048165868129658805,META,0.15610675560886733,0.1413150073413285,NVDA,0.15362268445775457,0.03379209557956919,ALGN,0.13401110306411246,-0.030609498531921298
2023-04,2023-04-03,2023-06-01,2023-04-03,101,94,4,2,3,0.14791351437691144,0.2031565892049859,META,0.15610675560886733,0.27943840933350805,NVDA,0.15362268445775457,0.42213459131743813,ALGN,0.13401110306411246,-0.09210323303598855
2023-04,2023-04-03,2023-07-03,2023-04-03,101,94,4,3,3,0.14791351437691144,0.30394790192636134,META,0.15610675560886733,0.3423758777565409,NVDA,0.15362268445775457,0.5168025159317184,ALGN,0.13401110306411246,0.0526653120908247
2023-05,2023-05-01,2023-06-01,2023-05-01,101,94,4,1,1,0.20321455799399218,0.37564854422702343,NVDA,0.20321455799399218,0.37564854422702343,,,,,,
2023-05,2023-05-01,2023-07-03,2023-05-01,101,94,4,2,1,0.20321455799399218,0.4672220095486044,NVDA,0.20321455799399218,0.4672220095486044,,,,,,
2023-05,2023-05-01,2023-08-01,2023-05-01,101,94,4,3,1,0.20321455799399218,0.6088482108677455,NVDA,0.20321455799399218,0.6088482108677455,,,,,,
2023-05,2023-05-01,2023-06-01,2023-05-01,101,94,4,1,2,0.19286223590412044,0.24833491164060228,NVDA,0.20321455799399218,0.37564854422702343,META,0.1825099138142487,0.12102127905418114,,,
2023-05,2023-05-01,2023-07-03,2023-05-01,101,94,4,2,2,0.19286223590412044,0.32169399199602455,NVDA,0.20321455799399218,0.4672220095486044,META,0.1825099138142487,0.17616597444344473,,,
2023-05,2023-05-01,2023-08-01,2023-05-01,101,94,4,3,2,0.19286223590412044,0.4679450227717523,NVDA,0.20321455799399218,0.6088482108677455,META,0.1825099138142487,0.3270418346757591,,,
2023-05,2023-05-01,2023-06-01,2023-05-01,101,94,4,1,3,0.1775195427969446,0.25966771596950666,NVDA,0.20321455799399218,0.37564854422702343,META,0.1825099138142487,0.12102127905418114,TSLA,0.14683415658259288,0.2823333246273154
2023-05,2023-05-01,2023-07-03,2023-05-01,101,94,4,2,3,0.1775195427969446,0.45749548210586877,NVDA,0.20321455799399218,0.4672220095486044,META,0.1825099138142487,0.17616597444344473,TSLA,0.14683415658259288,0.7290984623255572
2023-05,2023-05-01,2023-08-01,2023-05-01,101,94,4,3,3,0.1775195427969446,0.5163753948394416,NVDA,0.20321455799399218,0.6088482108677455,META,0.1825099138142487,0.3270418346757591,TSLA,0.14683415658259288,0.6132361389748202
2023-06,2023-06-01,2023-07-03,2023-06-01,101,94,4,1,1,0.18137392335948194,0.06656748608201823,NVDA,0.18137392335948194,0.06656748608201823,,,,,,
2023-06,2023-06-01,2023-08-01,2023-06-01,101,94,4,2,1,0.18137392335948194,0.16951980040204018,NVDA,0.18137392335948194,0.16951980040204018,,,,,,
2023-06,2023-06-01,2023-09-01,2023-06-01,101,94,4,3,1,0.18137392335948194,0.21986461186254602,NVDA,0.18137392335948194,0.21986461186254602,,,,,,
2023-06,2023-06-01,2023-07-03,2023-06-01,101,94,4,1,2,0.168630418658642,0.05787948284524813,NVDA,0.18137392335948194,0.06656748608201823,META,0.15588691395780208,0.04919147960847803,,,
2023-06,2023-06-01,2023-08-01,2023-06-01,101,94,4,2,2,0.168630418658642,0.17664957235577172,NVDA,0.18137392335948194,0.16951980040204018,META,0.15588691395780208,0.18377934430950327,,,
2023-06,2023-06-01,2023-09-01,2023-06-01,101,94,4,3,2,0.168630418658642,0.15352950118297448,NVDA,0.18137392335948194,0.21986461186254602,META,0.15588691395780208,0.08719439050340294,,,
2023-06,2023-06-01,2023-07-03,2023-06-01,101,94,4,1,3,0.14742277630834746,0.014065014135504797,NVDA,0.18137392335948194,0.06656748608201823,META,0.15588691395780208,0.04919147960847803,CRWD,0.10500749160775844,-0.07356392328398187
2023-06,2023-06-01,2023-08-01,2023-06-01,101,94,4,2,3,0.14742277630834746,0.13555968210834765,NVDA,0.18137392335948194,0.16951980040204018,META,0.15588691395780208,0.18377934430950327,CRWD,0.10500749160775844,0.05337990161349948
2023-06,2023-06-01,2023-09-01,2023-06-01,101,94,4,3,3,0.14742277630834746,0.11013887321962283,NVDA,0.18137392335948194,0.21986461186254602,META,0.15588691395780208,0.08719439050340294,CRWD,0.10500749160775844,0.02335761729291952
2023-07,2023-07-03,2023-08-01,2023-07-03,101,95,4,1,1,0.17706610713623616,0.09652676990765219,NVDA,0.17706610713623616,0.09652676990765219,,,,,,
2023-07,2023-07-03,2023-09-01,2023-07-03,101,95,4,2,1,0.17706610713623616,0.14372941963912367,NVDA,0.17706610713623616,0.14372941963912367,,,,,,
2023-07,2023-07-03,2023-10-02,2023-07-03,101,95,4,3,1,0.17706610713623616,0.05594258470071112,NVDA,0.17706610713623616,0.05594258470071112,,,,,,
2023-07,2023-07-03,2023-08-01,2023-07-03,101,95,4,1,2,0.1560534859951817,0.11240223249348047,NVDA,0.17706610713623616,0.09652676990765219,META,0.13504086485412725,0.12827769507930875,,,
2023-07,2023-07-03,2023-09-01,2023-07-03,101,95,4,2,2,0.1560534859951817,0.08997527954564566,NVDA,0.17706610713623616,0.14372941963912367,META,0.13504086485412725,0.03622113945216765,,,
2023-07,2023-07-03,2023-10-02,2023-07-03,101,95,4,3,2,0.1560534859951817,0.06433235912003055,NVDA,0.17706610713623616,0.05594258470071112,META,0.13504086485412725,0.07272213353934998,,,
2023-07,2023-07-03,2023-08-01,2023-07-03,101,95,4,1,3,0.14267703947221363,0.080057710006265,NVDA,0.17706610713623616,0.09652676990765219,META,0.13504086485412725,0.12827769507930875,AMD,0.11592414642627746,0.015368665031834094
2023-07,2023-07-03,2023-09-01,2023-07-03,101,95,4,2,3,0.14267703947221363,0.04165046621362726,NVDA,0.17706610713623616,0.14372941963912367,META,0.13504086485412725,0.03622113945216765,AMD,0.11592414642627746,-0.054999160450409534
2023-07,2023-07-03,2023-10-02,2023-07-03,101,95,4,3,3,0.14267703947221363,0.00676896500816752,NVDA,0.17706610713623616,0.05594258470071112,META,0.13504086485412725,0.07272213353934998,AMD,0.11592414642627746,-0.10835782321555854
2023-08,2023-08-01,2023-09-01,2023-08-01,101,96,4,1,1,0.14552835526131136,-0.149804210948019,DDOG,0.14552835526131136,-0.149804210948019,,,,,,
2023-08,2023-08-01,2023-10-02,2023-08-01,101,96,4,2,1,0.14552835526131136,-0.2010439427915528,DDOG,0.14552835526131136,-0.2010439427915528,,,,,,
2023-08,2023-08-01,2023-11-01,2023-08-01,101,96,4,3,1,0.14552835526131136,-0.30317528838050156,DDOG,0.14552835526131136,-0.30317528838050156,,,,,,
2023-08,2023-08-01,2023-09-01,2023-08-01,101,96,4,1,2,0.14433103960518856,-0.05337839486936696,DDOG,0.14552835526131136,-0.149804210948019,NVDA,0.14313372394906576,0.043047421209285064,,,
2023-08,2023-08-01,2023-10-02,2023-08-01,101,96,4,2,2,0.14433103960518856,-0.11902776000062687,DDOG,0.14552835526131136,-0.2010439427915528,NVDA,0.14313372394906576,-0.03701157720970094,,,
2023-08,2023-08-01,2023-11-01,2023-08-01,101,96,4,3,2,0.14433103960518856,-0.1965109975857453,DDOG,0.14552835526131136,-0.30317528838050156,NVDA,0.14313372394906576,-0.08984670679098905,,,
2023-08,2023-08-01,2023-09-01,2023-08-01,101,96,4,1,3,0.1430634220695949,-0.07593138856555977,DDOG,0.14552835526131136,-0.149804210948019,NVDA,0.14313372394906576,0.043047421209285064,MRVL,0.14052818699840758,-0.12103737595794539
2023-08,2023-08-01,2023-10-02,2023-08-01,101,96,4,2,3,0.1430634220695949,-0.13668530928624914,DDOG,0.14552835526131136,-0.2010439427915528,NVDA,0.14313372394906576,-0.03701157720970094,MRVL,0.14052818699840758,-0.1720004078574937
2023-08,2023-08-01,2023-11-01,2023-08-01,101,96,4,3,3,0.1430634220695949,-0.22290399832586882,DDOG,0.14552835526131136,-0.30317528838050156,NVDA,0.14313372394906576,-0.08984670679098905,MRVL,0.14052818699840758,-0.27568999980611586
2023-09,2023-09-01,2023-10-02,2023-09-01,101,96,4,1,1,0.1727178794273069,0.015847925429053555,ZS,0.1727178794273069,0.015847925429053555,,,,,,
2023-09,2023-09-01,2023-11-01,2023-09-01,101,96,4,2,1,0.1727178794273069,-0.01092316538068161,ZS,0.1727178794273069,-0.01092316538068161,,,,,,
2023-09,2023-09-01,2023-12-01,2023-09-01,101,96,4,3,1,0.1727178794273069,0.2503472198136496,ZS,0.1727178794273069,0.2503472198136496,,,,,,
2023-09,2023-09-01,2023-10-02,2023-09-01,101,96,4,1,2,0.15908271739190083,-0.030453486283030518,ZS,0.1727178794273069,0.015847925429053555,NVDA,0.14544755535649473,-0.07675489799511459,,,
2023-09,2023-09-01,2023-11-01,2023-09-01,101,96,4,2,2,0.15908271739190083,-0.06916632194668243,ZS,0.1727178794273069,-0.01092316538068161,NVDA,0.14544755535649473,-0.12740947851268325,,,
2023-09,2023-09-01,2023-12-01,2023-09-01,101,96,4,3,2,0.15908271739190083,0.10723736698317898,ZS,0.1727178794273069,0.2503472198136496,NVDA,0.14544755535649473,-0.035872485847291635,,,
2023-09,2023-09-01,2023-10-02,2023-09-01,101,96,4,1,3,0.14829523815134626,-0.040391709286155465,ZS,0.1727178794273069,0.015847925429053555,NVDA,0.14544755535649473,-0.07675489799511459,DDOG,0.12672027967023716,-0.06026815529240537
2023-09,2023-09-01,2023-11-01,2023-09-01,101,96,4,2,3,0.14829523815134626,-0.10624255112704044,ZS,0.1727178794273069,-0.01092316538068161,NVDA,0.14544755535649473,-0.12740947851268325,DDOG,0.12672027967023716,-0.18039500948775644
2023-09,2023-09-01,2023-12-01,2023-09-01,101,96,4,3,3,0.14829523815134626,0.14274229824560458,ZS,0.1727178794273069,0.2503472198136496,NVDA,0.14544755535649473,-0.035872485847291635,DDOG,0.12672027967023716,0.21375216077045578
2023-10,2023-10-02,2023-11-01,2023-10-02,101,96,4,1,1,0.10175683673184391,0.03270795822334227,PDD,0.10175683673184391,0.03270795822334227,,,,,,
2023-10,2023-10-02,2023-12-01,2023-10-02,101,96,4,2,1,0.10175683673184391,0.45750985192376015,PDD,0.10175683673184391,0.45750985192376015,,,,,,
2023-10,2023-10-02,2024-01-02,2023-10-02,101,96,4,3,1,0.10175683673184391,0.46122205342857336,PDD,0.10175683673184391,0.46122205342857336,,,,,,
2023-10,2023-10-02,2023-11-01,2023-10-02,101,96,4,1,2,0.08895822610474984,-0.02012263461053526,PDD,0.10175683673184391,0.03270795822334227,CHTR,0.07615961547765576,-0.0729532274444128,,,
2023-10,2023-10-02,2023-12-01,2023-10-02,101,96,4,2,2,0.08895822610474984,0.18698753156870734,PDD,0.10175683673184391,0.45750985192376015,CHTR,0.07615961547765576,-0.08353478878634546,,,
2023-10,2023-10-02,2024-01-02,2023-10-02,101,96,4,3,2,0.08895822610474984,0.17703065016425817,PDD,0.10175683673184391,0.46122205342857336,CHTR,0.07615961547765576,-0.10716075310005702,,,
2023-10,2023-10-02,2023-11-01,2023-10-02,101,96,4,1,3,0.08125931038899302,-0.02378238165577488,PDD,0.10175683673184391,0.03270795822334227,CHTR,0.07615961547765576,-0.0729532274444128,ODFL,0.0658614789574794,-0.031101875746254115
2023-10,2023-10-02,2023-12-01,2023-10-02,101,96,4,2,3,0.08125931038899302,0.12676650829047367,PDD,0.10175683673184391,0.45750985192376015,CHTR,0.07615961547765576,-0.08353478878634546,ODFL,0.0658614789574794,0.006324461734006359
2023-10,2023-10-02,2024-01-02,2023-10-02,101,96,4,3,3,0.08125931038899302,0.1138406647977156,PDD,0.10175683673184391,0.46122205342857336,CHTR,0.07615961547765576,-0.10716075310005702,ODFL,0.0658614789574794,-0.01253930593536956
2023-11,2023-11-01,2023-12-01,2023-11-01,101,96,4,1,1,0.101973178240756,0.4113475550544239,PDD,0.101973178240756,0.4113475550544239,,,,,,
2023-11,2023-11-01,2024-01-02,2023-11-01,101,96,4,2,1,0.101973178240756,0.4149421835989735,PDD,0.101973178240756,0.4149421835989735,,,,,,
2023-11,2023-11-01,2024-02-01,2023-11-01,101,96,4,3,1,0.101973178240756,0.22986491754168492,PDD,0.101973178240756,0.22986491754168492,,,,,,
2023-11,2023-11-01,2023-12-01,2023-11-01,101,96,4,1,2,0.08113425158963618,0.22878113772032838,PDD,0.101973178240756,0.4113475550544239,CEG,0.06029532493851636,0.046214720386232866,,,
2023-11,2023-11-01,2024-01-02,2023-11-01,101,96,4,2,2,0.08113425158963618,0.21037503668551594,PDD,0.101973178240756,0.4149421835989735,CEG,0.06029532493851636,0.005807889772058372,,,
2023-11,2023-11-01,2024-02-01,2023-11-01,101,96,4,3,2,0.08113425158963618,0.1718576408552941,PDD,0.101973178240756,0.22986491754168492,CEG,0.06029532493851636,0.11385036416890326,,,
2023-11,2023-11-01,2023-12-01,2023-11-01,101,96,4,1,3,0.07175853487636599,0.25845476602357303,PDD,0.101973178240756,0.4113475550544239,CEG,0.06029532493851636,0.046214720386232866,CRWD,0.05300710144982562,0.3178020226300624
2023-11,2023-11-01,2024-01-02,2023-11-01,101,96,4,2,3,0.07175853487636599,0.2683501850785391,PDD,0.101973178240756,0.4149421835989735,CEG,0.06029532493851636,0.005807889772058372,CRWD,0.05300710144982562,0.38430048186458543
2023-11,2023-11-01,2024-02-01,2023-11-01,101,96,4,3,3,0.07175853487636599,0.3407562010376497,PDD,0.101973178240756,0.22986491754168492,CEG,0.06029532493851636,0.11385036416890326,CRWD,0.05300710144982562,0.6785533214023609
2023-12,2023-12-01,2024-01-02,2023-12-01,101,96,4,1,1,0.13888218377765357,0.0025469477958681708,PDD,0.13888218377765357,0.0025469477958681708,,,,,,
2023-12,2023-12-01,2024-02-01,2023-12-01,101,96,4,2,1,0.13888218377765357,-0.12858819704813285,PDD,0.13888218377765357,-0.12858819704813285,,,,,,
2023-12,2023-12-01,2024-03-01,2023-12-01,101,96,4,3,1,0.13888218377765357,-0.12679841162386307,PDD,0.13888218377765357,-0.12679841162386307,,,,,,
2023-12,2023-12-01,2024-01-02,2023-12-01,101,96,4,1,2,0.11854191596178336,0.02650429692467593,PDD,0.13888218377765357,0.0025469477958681708,CRWD,0.09820164814591315,0.05046164605348369,,,
2023-12,2023-12-01,2024-02-01,2023-12-01,101,96,4,2,2,0.11854191596178336,0.07258203786716211,PDD,0.13888218377765357,-0.12858819704813285,CRWD,0.09820164814591315,0.27375227278245706,,,
2023-12,2023-12-01,2024-03-01,2023-12-01,101,96,4,3,2,0.11854191596178336,0.10587707325348755,PDD,0.13888218377765357,-0.12679841162386307,CRWD,0.09820164814591315,0.3385525581308382,,,
2023-12,2023-12-01,2024-01-02,2023-12-01,101,96,4,1,3,0.10931215910500802,-0.0071184491891008355,PDD,0.13888218377765357,0.0025469477958681708,CRWD,0.09820164814591315,0.05046164605348369,MELI,0.09085264539145735,-0.07436394141665437
2023-12,2023-12-01,2024-02-01,2023-12-01,101,96,4,2,3,0.10931215910500802,0.0678128509544987,PDD,0.13888218377765357,-0.12858819704813285,CRWD,0.09820164814591315,0.27375227278245706,MELI,0.09085264539145735,0.05827447712917189
2023-12,2023-12-01,2024-03-01,2023-12-01,101,96,4,3,3,0.10931215910500802,0.06266305047335126,PDD,0.13888218377765357,-0.12679841162386307,CRWD,0.09820164814591315,0.3385525581308382,MELI,0.09085264539145735,-0.023764995086921314
2024-01,2024-01-02,2024-02-01,2024-01-02,101,96,4,1,1,0.11794228681488905,0.21256428311101305,CRWD,0.11794228681488905,0.21256428311101305,,,,,,
2024-01,2024-01-02,2024-03-01,2024-01-02,101,96,4,2,1,0.11794228681488905,0.2742517189082472,CRWD,0.11794228681488905,0.2742517189082472,,,,,,
2024-01,2024-01-02,2024-04-01,2024-01-02,101,96,4,3,1,0.11794228681488905,0.29446310959523747,CRWD,0.11794228681488905,0.29446310959523747,,,,,,
2024-01,2024-01-02,2024-02-01,2024-01-02,101,96,4,1,2,0.11041557835976341,0.040881142065005927,CRWD,0.11794228681488905,0.21256428311101305,PDD,0.10288886990463778,-0.1308019989810012,,,
2024-01,2024-01-02,2024-03-01,2024-01-02,101,96,4,2,2,0.11041557835976341,0.0726174792211075,CRWD,0.11794228681488905,0.2742517189082472,PDD,0.10288886990463778,-0.12901676046603217,,,
2024-01,2024-01-02,2024-04-01,2024-01-02,101,96,4,3,2,0.11041557835976341,0.05632247817542685,CRWD,0.11794228681488905,0.29446310959523747,PDD,0.10288886990463778,-0.18181815324438377,,,
2024-01,2024-01-02,2024-02-01,2024-01-02,101,96,4,1,3,0.10078234702392987,0.06757680669391715,CRWD,0.11794228681488905,0.21256428311101305,PDD,0.10288886990463778,-0.1308019989810012,ZS,0.08151588435226279,0.12096813595173961
2024-01,2024-01-02,2024-03-01,2024-01-02,101,96,4,2,3,0.10078234702392987,0.059179025431165634,CRWD,0.11794228681488905,0.2742517189082472,PDD,0.10288886990463778,-0.12901676046603217,ZS,0.08151588435226279,0.0323021178512819
2024-01,2024-01-02,2024-04-01,2024-01-02,101,96,4,3,3,0.10078234702392987,0.005779878954180269,CRWD,0.11794228681488905,0.29446310959523747,PDD,0.10288886990463778,-0.18181815324438377,ZS,0.08151588435226279,-0.09530531948831289
2024-02,2024-02-01,2024-03-01,2024-02-01,101,96,4,1,1,0.15819804192744075,0.05087353854672827,CRWD,0.15819804192744075,0.05087353854672827,,,,,,
2024-02,2024-02-01,2024-04-01,2024-02-01,101,96,4,2,1,0.15819804192744075,0.06754184303870558,CRWD,0.15819804192744075,0.06754184303870558,,,,,,
2024-02,2024-02-01,2024-05-01,2024-02-01,101,96,4,3,1,0.15819804192744075,-0.013127543641248574,CRWD,0.15819804192744075,-0.013127543641248574,,,,,,
2024-02,2024-02-01,2024-03-01,2024-02-01,101,96,4,1,2,0.14679359375881754,0.11975869697187091,CRWD,0.15819804192744075,0.05087353854672827,AMD,0.13538914559019433,0.18864385539701356,,,
2024-02,2024-02-01,2024-04-01,2024-02-01,101,96,4,2,2,0.14679359375881754,0.07148795851090817,CRWD,0.15819804192744075,0.06754184303870558,AMD,0.13538914559019433,0.07543407398311075,,,
2024-02,2024-02-01,2024-05-01,2024-02-01,101,96,4,3,2,0.14679359375881754,-0.08343493592179807,CRWD,0.15819804192744075,-0.013127543641248574,AMD,0.13538914559019433,-0.15374232820234757,,,
2024-02,2024-02-01,2024-03-01,2024-02-01,101,96,4,1,3,0.1364756704585321,0.11806843556229614,CRWD,0.15819804192744075,0.05087353854672827,AMD,0.13538914559019433,0.18864385539701356,ASML,0.11583982385796121,0.1146879127431466
2024-02,2024-02-01,2024-04-01,2024-02-01,101,96,4,2,3,0.1364756704585321,0.08664161232824667,CRWD,0.15819804192744075,0.06754184303870558,AMD,0.13538914559019433,0.07543407398311075,ASML,0.11583982385796121,0.11694891996292367
2024-02,2024-02-01,2024-05-01,2024-02-01,101,96,4,3,3,0.1364756704585321,-0.06851088692973457,CRWD,0.15819804192744075,-0.013127543641248574,AMD,0.13538914559019433,-0.15374232820234757,ASML,0.11583982385796121,-0.038662788945607596
2024-03,2024-03-01,2024-04-01,2024-03-01,101,96,4,1,1,0.18723334442405676,0.09830251273422319,NVDA,0.18723334442405676,0.09830251273422319,,,,,,
2024-03,2024-03-01,2024-05-01,2024-03-01,101,96,4,2,1,0.18723334442405676,0.009308393158345973,NVDA,0.18723334442405676,0.009308393158345973,,,,,,
2024-03,2024-03-01,2024-06-03,2024-03-01,101,96,4,3,1,0.18723334442405676,0.39774893414174195,NVDA,0.18723334442405676,0.39774893414174195,,,,,,
2024-03,2024-03-01,2024-04-01,2024-03-01,101,96,4,1,2,0.1791180215629175,0.0015298511413679439,NVDA,0.18723334442405676,0.09830251273422319,AMD,0.17100269870177826,-0.0952428104514873,,,
2024-03,2024-03-01,2024-05-01,2024-03-01,101,96,4,2,2,0.1791180215629175,-0.13936967652830307,NVDA,0.18723334442405676,0.009308393158345973,AMD,0.17100269870177826,-0.2880477462149521,,,
2024-03,2024-03-01,2024-06-03,2024-03-01,101,96,4,3,2,0.1791180215629175,0.10242264004849222,NVDA,0.18723334442405676,0.39774893414174195,AMD,0.17100269870177826,-0.1929036540447575,,,
2024-03,2024-03-01,2024-04-01,2024-03-01,101,96,4,1,3,0.1720538052370523,0.006307027416522078,NVDA,0.18723334442405676,0.09830251273422319,AMD,0.17100269870177826,-0.0952428104514873,CRWD,0.15792537258532185,0.015861379966830347
2024-03,2024-03-01,2024-05-01,2024-03-01,101,96,4,2,3,0.1720538052370523,-0.11321403238185719,NVDA,0.18723334442405676,0.009308393158345973,AMD,0.17100269870177826,-0.2880477462149521,CRWD,0.15792537258532185,-0.060902744088965455
2024-03,2024-03-01,2024-06-03,2024-03-01,101,96,4,3,3,0.1720538052370523,0.062019836375356206,NVDA,0.18723334442405676,0.39774893414174195,AMD,0.17100269870177826,-0.1929036540447575,CRWD,0.15792537258532185,-0.018785770970915827
2024-04,2024-04-01,2024-05-01,2024-04-01,101,97,4,1,1,0.18558332884592915,-0.08102878628068189,NVDA,0.18558332884592915,-0.08102878628068189,,,,,,
2024-04,2024-04-01,2024-06-03,2024-04-01,101,97,4,2,1,0.18558332884592915,0.2726447567365089,NVDA,0.18558332884592915,0.2726447567365089,,,,,,
2024-04,2024-04-01,2024-07-01,2024-04-01,101,97,4,3,1,0.18558332884592915,0.37567604708501,NVDA,0.18558332884592915,0.37567604708501,,,,,,
2024-04,2024-04-01,2024-05-01,2024-04-01,101,97,4,1,2,0.16087171132931075,-0.09924328870402405,NVDA,0.18558332884592915,-0.08102878628068189,MU,0.13616009381269234,-0.1174577911273662,,,
2024-04,2024-04-01,2024-06-03,2024-04-01,101,97,4,2,2,0.16087171132931075,0.15188949364859794,NVDA,0.18558332884592915,0.2726447567365089,MU,0.13616009381269234,0.031134230560686982,,,
2024-04,2024-04-01,2024-07-01,2024-04-01,101,97,4,3,2,0.16087171132931075,0.21688070387708624,NVDA,0.18558332884592915,0.37567604708501,MU,0.13616009381269234,0.05808536066916248,,,
2024-04,2024-04-01,2024-05-01,2024-04-01,101,97,4,1,3,0.14865679952615538,-0.06870717692613615,NVDA,0.18558332884592915,-0.08102878628068189,MU,0.13616009381269234,-0.1174577911273662,CEG,0.1242269759198446,-0.007634953370360353
2024-04,2024-04-01,2024-06-03,2024-04-01,101,97,4,2,3,0.14865679952615538,0.14176293390685535,NVDA,0.18558332884592915,0.2726447567365089,MU,0.13616009381269234,0.031134230560686982,CEG,0.1242269759198446,0.12150981442337017
2024-04,2024-04-01,2024-07-01,2024-04-01,101,97,4,3,3,0.14865679952615538,0.1793283182860498,NVDA,0.18558332884592915,0.37567604708501,MU,0.13616009381269234,0.05808536066916248,CEG,0.1242269759198446,0.10422354710397697
2024-05,2024-05-01,2024-06-03,2024-05-01,101,97,4,1,1,0.1578032409839197,0.3848581301973333,NVDA,0.1578032409839197,0.3848581301973333,,,,,,
2024-05,2024-05-01,2024-07-01,2024-05-01,101,97,4,2,1,0.1578032409839197,0.49697403634362747,NVDA,0.1578032409839197,0.49697403634362747,,,,,,
2024-05,2024-05-01,2024-08-01,2024-05-01,101,97,4,3,1,0.1578032409839197,0.3152415251918246,NVDA,0.1578032409839197,0.3152415251918246,,,,,,
2024-05,2024-05-01,2024-06-03,2024-05-01,101,97,4,1,2,0.14488848040136504,0.2574982491818544,NVDA,0.1578032409839197,0.3848581301973333,CEG,0.1319737198188104,0.13013836816637547,,,
2024-05,2024-05-01,2024-07-01,2024-05-01,101,97,4,2,2,0.14488848040136504,0.30484657096654455,NVDA,0.1578032409839197,0.49697403634362747,CEG,0.1319737198188104,0.11271910558946163,,,
2024-05,2024-05-01,2024-08-01,2024-05-01,101,97,4,3,2,0.14488848040136504,0.13941920635057947,NVDA,0.1578032409839197,0.3152415251918246,CEG,0.1319737198188104,-0.036403112490665634,,,
2024-05,2024-05-01,2024-06-03,2024-05-01,101,97,4,1,3,0.12503488033315427,0.2277882246886279,NVDA,0.1578032409839197,0.3848581301973333,CEG,0.1319737198188104,0.13013836816637547,MU,0.0853276801967327,0.16836817570217488
2024-05,2024-05-01,2024-07-01,2024-05-01,101,97,4,2,3,0.12503488033315427,0.26953312708002225,NVDA,0.1578032409839197,0.49697403634362747,CEG,0.1319737198188104,0.11271910558946163,MU,0.0853276801967327,0.1989062393069776
2024-05,2024-05-01,2024-08-01,2024-05-01,101,97,4,3,3,0.12503488033315427,0.06832986756503774,NVDA,0.1578032409839197,0.3152415251918246,CEG,0.1319737198188104,-0.036403112490665634,MU,0.0853276801967327,-0.0738488100060457
2024-06,2024-06-03,2024-07-01,2024-06-03,101,97,4,1,1,0.17689710042043585,0.08095840555907219,NVDA,0.17689710042043585,0.08095840555907219,,,,,,
2024-06,2024-06-03,2024-08-01,2024-06-03,101,97,4,2,1,0.17689710042043585,-0.05026984604956519,NVDA,0.17689710042043585,-0.05026984604956519,,,,,,
2024-06,2024-06-03,2024-09-03,2024-06-03,101,97,4,3,1,0.17689710042043585,-0.06079237163134876,NVDA,0.17689710042043585,-0.06079237163134876,,,,,,
2024-06,2024-06-03,2024-07-01,2024-06-03,101,97,4,1,2,0.1572753812636325,0.03277250815364874,NVDA,0.17689710042043585,0.08095840555907219,CEG,0.1376536621068291,-0.015413389251774712,,,
2024-06,2024-06-03,2024-08-01,2024-06-03,101,97,4,2,2,0.1572753812636325,-0.09881682134279607,NVDA,0.17689710042043585,-0.05026984604956519,CEG,0.1376536621068291,-0.14736379663602694,,,
2024-06,2024-06-03,2024-09-03,2024-06-03,101,97,4,3,2,0.1572753812636325,-0.10277887594113516,NVDA,0.17689710042043585,-0.06079237163134876,CEG,0.1376536621068291,-0.14476538025092156,,,
2024-06,2024-06-03,2024-07-01,2024-06-03,101,97,4,1,3,0.1440140478685358,0.030560793239040967,NVDA,0.17689710042043585,0.08095840555907219,CEG,0.1376536621068291,-0.015413389251774712,MU,0.11749138107834245,0.02613736340982542
2024-06,2024-06-03,2024-08-01,2024-06-03,101,97,4,2,3,0.1440140478685358,-0.13498195007060984,NVDA,0.17689710042043585,-0.05026984604956519,CEG,0.1376536621068291,-0.14736379663602694,MU,0.11749138107834245,-0.20731220752623736
2024-06,2024-06-03,2024-09-03,2024-06-03,101,97,4,3,3,0.1440140478685358,-0.17127994615055211,NVDA,0.17689710042043585,-0.06079237163134876,CEG,0.1376536621068291,-0.14476538025092156,MU,0.11749138107834245,-0.30828208656938605
2024-07,2024-07-01,2024-08-01,2024-07-01,101,97,4,1,1,0.1207725655524867,-0.1213999085753592,NVDA,0.1207725655524867,-0.1213999085753592,,,,,,
2024-07,2024-07-01,2024-09-03,2024-07-01,101,97,4,2,1,0.1207725655524867,-0.13113434935279256,NVDA,0.1207725655524867,-0.13113434935279256,,,,,,
2024-07,2024-07-01,2024-10-01,2024-07-01,101,97,4,3,1,0.1207725655524867,-0.05864840849174502,NVDA,0.1207725655524867,-0.05864840849174502,,,,,,
2024-07,2024-07-01,2024-08-01,2024-07-01,101,97,4,1,2,0.1084696817385171,-0.1744515723752993,NVDA,0.1207725655524867,-0.1213999085753592,MU,0.09616679792454752,-0.22750323617523938,,,
2024-07,2024-07-01,2024-09-03,2024-07-01,101,97,4,2,2,0.1084696817385171,-0.22851779995523086,NVDA,0.1207725655524867,-0.13113434935279256,MU,0.09616679792454752,-0.32590125055766916,,,
2024-07,2024-07-01,2024-10-01,2024-07-01,101,97,4,3,2,0.1084696817385171,-0.14764187337707252,NVDA,0.1207725655524867,-0.05864840849174502,MU,0.09616679792454752,-0.23663533826240002,,,
2024-07,2024-07-01,2024-08-01,2024-07-01,101,97,4,1,3,0.09762527741083031,-0.13805470114586402,NVDA,0.1207725655524867,-0.1213999085753592,MU,0.09616679792454752,-0.22750323617523938,GOOG,0.07593646875545668,-0.06526095868699344
2024-07,2024-07-01,2024-09-03,2024-07-01,101,97,4,2,3,0.09762527741083031,-0.1991047163297953,NVDA,0.1207725655524867,-0.13113434935279256,MU,0.09616679792454752,-0.32590125055766916,GOOG,0.07593646875545668,-0.14027854907892412
2024-07,2024-07-01,2024-10-01,2024-07-01,101,97,4,3,3,0.09762527741083031,-0.12706235770415972,NVDA,0.1207725655524867,-0.05864840849174502,MU,0.09616679792454752,-0.23663533826240002,GOOG,0.07593646875545668,-0.08590332635833409
2024-08,2024-08-01,2024-09-03,2024-08-01,101,98,4,1,1,0.08094309970451141,-0.081040898994726,CHTR,0.08094309970451141,-0.081040898994726,,,,,,
2024-08,2024-08-01,2024-10-01,2024-08-01,101,98,4,2,1,0.08094309970451141,-0.1273841124178945,CHTR,0.08094309970451141,-0.1273841124178945,,,,,,
2024-08,2024-08-01,2024-11-01,2024-08-01,101,98,4,3,1,0.08094309970451141,-0.027800649792799947,CHTR,0.08094309970451141,-0.027800649792799947,,,,,,
2024-08,2024-08-01,2024-09-03,2024-08-01,101,98,4,1,2,0.07395360117312023,-0.02983204730419875,CHTR,0.08094309970451141,-0.081040898994726,AAPL,0.06696410264172906,0.021376804386328496,,,
2024-08,2024-08-01,2024-10-01,2024-08-01,101,98,4,2,2,0.07395360117312023,-0.045117658089624646,CHTR,0.08094309970451141,-0.1273841124178945,AAPL,0.06696410264172906,0.0371487962386452,,,
2024-08,2024-08-01,2024-11-01,2024-08-01,101,98,4,3,2,0.07395360117312023,-0.002891012794900616,CHTR,0.08094309970451141,-0.027800649792799947,AAPL,0.06696410264172906,0.022018624202998716,,,
2024-08,2024-08-01,2024-09-03,2024-08-01,101,98,4,1,3,0.07125138752377719,-0.0235811948127449,CHTR,0.08094309970451141,-0.081040898994726,AAPL,0.06696410264172906,0.021376804386328496,NVDA,0.0658469602250911,-0.011079489829837197
2024-08,2024-08-01,2024-10-01,2024-08-01,101,98,4,2,3,0.07125138752377719,-0.006271058214287084,CHTR,0.08094309970451141,-0.1273841124178945,AAPL,0.06696410264172906,0.0371487962386452,NVDA,0.0658469602250911,0.07142214153638804
2024-08,2024-08-01,2024-11-01,2024-08-01,101,98,4,3,3,0.07125138752377719,0.07804580904193244,CHTR,0.08094309970451141,-0.027800649792799947,AAPL,0.06696410264172906,0.022018624202998716,NVDA,0.0658469602250911,0.23991945271559856
2024-09,2024-09-03,2024-10-01,2024-09-03,101,98,4,1,1,0.09171661444733856,0.09972526410474636,ARM,0.09171661444733856,0.09972526410474636,,,,,,
2024-09,2024-09-03,2024-11-01,2024-09-03,101,98,4,2,1,0.09171661444733856,0.14336510562494298,ARM,0.09171661444733856,0.14336510562494298,,,,,,
2024-09,2024-09-03,2024-12-02,2024-09-03,101,98,4,3,1,0.09171661444733856,0.1341522447123098,ARM,0.09171661444733856,0.1341522447123098,,,,,,
2024-09,2024-09-03,2024-10-01,2024-09-03,101,98,4,1,2,0.08967010379487539,0.06894393454540637,ARM,0.09171661444733856,0.09972526410474636,MELI,0.08762359314241222,0.038162604986066384,,,
2024-09,2024-09-03,2024-11-01,2024-09-03,101,98,4,2,2,0.08967010379487539,0.08794494672081232,ARM,0.09171661444733856,0.14336510562494298,MELI,0.08762359314241222,0.032524787816681666,,,
2024-09,2024-09-03,2024-12-02,2024-09-03,101,98,4,3,2,0.08967010379487539,0.057597007078078855,ARM,0.09171661444733856,0.1341522447123098,MELI,0.08762359314241222,-0.01895823055615209,,,
2024-09,2024-09-03,2024-10-01,2024-09-03,101,98,4,1,3,0.08755816397585102,0.07377127246763544,ARM,0.09171661444733856,0.09972526410474636,MELI,0.08762359314241222,0.038162604986066384,NVDA,0.08333428433780227,0.0834259483120936
2024-09,2024-09-03,2024-11-01,2024-09-03,101,98,4,2,3,0.08755816397585102,0.14323364427217164,ARM,0.09171661444733856,0.14336510562494298,MELI,0.08762359314241222,0.032524787816681666,NVDA,0.08333428433780227,0.25381103937489025
2024-09,2024-09-03,2024-12-02,2024-09-03,101,98,4,3,3,0.08755816397585102,0.13297168195616174,ARM,0.09171661444733856,0.1341522447123098,MELI,0.08762359314241222,-0.01895823055615209,NVDA,0.08333428433780227,0.28372103171232754
2024-10,2024-10-01,2024-11-01,2024-10-01,101,98,4,1,1,0.1050200167299013,-0.035036019188628975,TSLA,0.1050200167299013,-0.035036019188628975,,,,,,
2024-10,2024-10-01,2024-12-02,2024-10-01,101,98,4,2,1,0.1050200167299013,0.38396252826353416,TSLA,0.1050200167299013,0.38396252826353416,,,,,,
2024-10,2024-10-01,2025-01-02,2024-10-01,101,98,4,3,1,0.1050200167299013,0.4699636265746827,TSLA,0.1050200167299013,0.4699636265746827,,,,,,
2024-10,2024-10-01,2024-11-01,2024-10-01,101,98,4,1,2,0.09596694479215478,-0.03165534037699452,TSLA,0.1050200167299013,-0.035036019188628975,CEG,0.08691387285440827,-0.02827466156536007,,,
2024-10,2024-10-01,2024-12-02,2024-10-01,101,98,4,2,2,0.09596694479215478,0.16254242529739615,TSLA,0.1050200167299013,0.38396252826353416,CEG,0.08691387285440827,-0.05887767766874186,,,
2024-10,2024-10-01,2025-01-02,2024-10-01,101,98,4,3,2,0.09596694479215478,0.19238279937568015,TSLA,0.1050200167299013,0.4699636265746827,CEG,0.08691387285440827,-0.08519802782332242,,,
2024-10,2024-10-01,2024-11-01,2024-10-01,101,98,4,1,3,0.09020978071900841,0.0010154198157558876,TSLA,0.1050200167299013,-0.035036019188628975,CEG,0.08691387285440827,-0.02827466156536007,GILD,0.07869545257271565,0.06635694020125671
2024-10,2024-10-01,2024-12-02,2024-10-01,101,98,4,2,3,0.09020978071900841,0.14839017699685755,TSLA,0.1050200167299013,0.38396252826353416,CEG,0.08691387285440827,-0.05887767766874186,GILD,0.07869545257271565,0.12008568039578038
2024-10,2024-10-01,2025-01-02,2024-10-01,101,98,4,3,3,0.09020978071900841,0.16285240475626153,TSLA,0.1050200167299013,0.4699636265746827,CEG,0.08691387285440827,-0.08519802782332242,GILD,0.07869545257271565,0.10379161551742433
2024-11,2024-11-01,2024-12-02,2024-11-01,101,98,4,1,1,0.09614927328035722,0.13304632511787173,DASH,0.09614927328035722,0.13304632511787173,,,,,,
2024-11,2024-11-01,2025-01-02,2024-11-01,101,98,4,2,1,0.09614927328035722,0.09629956239056581,DASH,0.09614927328035722,0.09629956239056581,,,,,,
2024-11,2024-11-01,2025-02-03,2024-11-01,101,98,4,3,1,0.09614927328035722,0.22574841682470148,DASH,0.09614927328035722,0.22574841682470148,,,,,,
2024-11,2024-11-01,2024-12-02,2024-11-01,101,98,4,1,2,0.09503087913093439,0.05113186722157814,DASH,0.09614927328035722,0.13304632511787173,ILMN,0.09391248498151156,-0.03078259067471545,,,
2024-11,2024-11-01,2025-01-02,2024-11-01,101,98,4,2,2,0.09503087913093439,-0.014717481497475704,DASH,0.09614927328035722,0.09629956239056581,ILMN,0.09391248498151156,-0.12573452538551722,,,
2024-11,2024-11-01,2025-02-03,2024-11-01,101,98,4,3,2,0.09503087913093439,0.05057456535758098,DASH,0.09614927328035722,0.22574841682470148,ILMN,0.09391248498151156,-0.12459928610953952,,,
2024-11,2024-11-01,2024-12-02,2024-11-01,101,98,4,1,3,0.09125343767929357,0.023590083582248084,DASH,0.09614927328035722,0.13304632511787173,ILMN,0.09391248498151156,-0.03078259067471545,CEG,0.08369855477601193,-0.03149348369641203
2024-11,2024-11-01,2025-01-02,2024-11-01,101,98,4,2,3,0.09125343767929357,-0.029338216693281256,DASH,0.09614927328035722,0.09629956239056581,ILMN,0.09391248498151156,-0.12573452538551722,CEG,0.08369855477601193,-0.05857968708489236
2024-11,2024-11-01,2025-02-03,2024-11-01,101,98,4,3,3,0.09125343767929357,0.09659963654846922,DASH,0.09614927328035722,0.22574841682470148,ILMN,0.09391248498151156,-0.12459928610953952,CEG,0.08369855477601193,0.1886497789302457
2024-12,2024-12-02,2025-01-02,2024-12-02,101,98,4,1,1,0.4976323155017553,0.003493944197426435,APP,0.4976323155017553,0.003493944197426435,,,,,,
2024-12,2024-12-02,2025-02-03,2024-12-02,101,98,4,2,1,0.4976323155017553,0.07296164411964301,APP,0.4976323155017553,0.07296164411964301,,,,,,
2024-12,2024-12-02,2025-03-03,2024-12-02,101,98,4,3,1,0.4976323155017553,-0.009542264995874294,APP,0.4976323155017553,-0.009542264995874294,,,,,,
2024-12,2024-12-02,2025-01-02,2024-12-02,101,98,4,1,2,0.32325055196290325,0.032817574284400464,APP,0.4976323155017553,0.003493944197426435,TSLA,0.1488687884240512,0.06214120437137449,,,
2024-12,2024-12-02,2025-02-03,2024-12-02,101,98,4,2,2,0.32325055196290325,0.07371232757745338,APP,0.4976323155017553,0.07296164411964301,TSLA,0.1488687884240512,0.07446301103526376,,,
2024-12,2024-12-02,2025-03-03,2024-12-02,101,98,4,3,2,0.32325055196290325,-0.10620214874637479,APP,0.4976323155017553,-0.009542264995874294,TSLA,0.1488687884240512,-0.2028620324968753,,,
2024-12,2024-12-02,2025-01-02,2024-12-02,101,98,4,1,3,0.2638314971374572,0.019885098142848594,APP,0.4976323155017553,0.003493944197426435,TSLA,0.1488687884240512,0.06214120437137449,FTNT,0.14499338748656515,-0.0059798541402551475
2024-12,2024-12-02,2025-02-03,2024-12-02,101,98,4,2,3,0.2638314971374572,0.06865477681593683,APP,0.4976323155017553,0.07296164411964301,TSLA,0.1488687884240512,0.07446301103526376,FTNT,0.14499338748656515,0.058539675292903715
2024-12,2024-12-02,2025-03-03,2024-12-02,101,98,4,3,3,0.2638314971374572,-0.031565171284039385,APP,0.4976323155017553,-0.009542264995874294,TSLA,0.1488687884240512,-0.2028620324968753,FTNT,0.14499338748656515,0.11770878364063142
2025-01,2025-01-02,2025-02-03,2025-01-02,101,98,4,1,1,0.455091227202054,0.06922582873957994,APP,0.455091227202054,0.06922582873957994,,,,,,
2025-01,2025-01-02,2025-03-03,2025-01-02,101,98,4,2,1,0.455091227202054,-0.012990819993165759,APP,0.455091227202054,-0.012990819993165759,,,,,,
2025-01,2025-01-02,2025-04-01,2025-01-02,101,98,4,3,1,0.455091227202054,-0.17285969566175896,APP,0.455091227202054,-0.17285969566175896,,,,,,
2025-01,2025-01-02,2025-02-03,2025-01-02,101,98,4,1,2,0.37584911175249036,0.1130769406351897,APP,0.455091227202054,0.06922582873957994,MSTR,0.29660699630292664,0.15692805253079944,,,
2025-01,2025-01-02,2025-03-03,2025-01-02,101,98,4,2,2,0.37584911175249036,-0.08830936619596097,APP,0.455091227202054,-0.012990819993165759,MSTR,0.29660699630292664,-0.16362791239875618,,,
2025-01,2025-01-02,2025-04-01,2025-01-02,101,98,4,3,2,0.37584911175249036,-0.07641354995344862,APP,0.455091227202054,-0.17285969566175896,MSTR,0.29660699630292664,0.020032595754861715,,,
2025-01,2025-01-02,2025-02-03,2025-01-02,101,98,4,1,3,0.3389870929493817,0.11328858215838207,APP,0.455091227202054,0.06922582873957994,MSTR,0.29660699630292664,0.15692805253079944,PLTR,0.2652630553431643,0.11371186520476684
2025-01,2025-01-02,2025-03-03,2025-01-02,101,98,4,2,3,0.3389870929493817,-0.022387582693780494,APP,0.455091227202054,-0.012990819993165759,MSTR,0.29660699630292664,-0.16362791239875618,PLTR,0.2652630553431643,0.10945598431058046
2025-01,2025-01-02,2025-04-01,2025-01-02,101,98,4,3,3,0.3389870929493817,-0.008871180061039338,APP,0.455091227202054,-0.17285969566175896,MSTR,0.29660699630292664,0.020032595754861715,PLTR,0.2652630553431643,0.12621355972377923
2025-02,2025-02-03,2025-03-03,2025-02-03,101,98,4,1,1,0.35178042020844213,-0.07689362389390075,APP,0.35178042020844213,-0.07689362389390075,,,,,,
2025-02,2025-02-03,2025-04-01,2025-02-03,101,98,4,2,1,0.35178042020844213,-0.22641196826185273,APP,0.35178042020844213,-0.22641196826185273,,,,,,
2025-02,2025-02-03,2025-05-01,2025-02-03,101,98,4,3,1,0.35178042020844213,-0.23519596002852017,APP,0.35178042020844213,-0.23519596002852017,,,,,,
2025-02,2025-02-03,2025-03-03,2025-02-03,101,98,4,1,2,0.30255521550947195,-0.17698436587190453,APP,0.35178042020844213,-0.07689362389390075,MSTR,0.2533300108105017,-0.2770751078499083,,,
2025-02,2025-02-03,2025-04-01,2025-02-03,101,98,4,2,2,0.30255521550947195,-0.17236932470187916,APP,0.35178042020844213,-0.22641196826185273,MSTR,0.2533300108105017,-0.11832668114190559,,,
2025-02,2025-02-03,2025-05-01,2025-02-03,101,98,4,3,2,0.30255521550947195,-0.06788463458550037,APP,0.35178042020844213,-0.23519596002852017,MSTR,0.2533300108105017,0.09942669085751943,,,
2025-02,2025-02-03,2025-03-03,2025-02-03,101,98,4,1,3,0.28334898522908986,-0.119263360000056,APP,0.35178042020844213,-0.07689362389390075,MSTR,0.2533300108105017,-0.2770751078499083,PLTR,0.24493652466832566,-0.0038213482563589363
2025-02,2025-02-03,2025-04-01,2025-02-03,101,98,4,2,3,0.28334898522908986,-0.11117113301363246,APP,0.35178042020844213,-0.22641196826185273,MSTR,0.2533300108105017,-0.11832668114190559,PLTR,0.24493652466832566,0.011225250362860928
2025-02,2025-02-03,2025-05-01,2025-02-03,101,98,4,3,3,0.28334898522908986,0.08395303444055653,APP,0.35178042020844213,-0.23519596002852017,MSTR,0.2533300108105017,0.09942669085751943,PLTR,0.24493652466832566,0.38762837249267035
2025-03,2025-03-03,2025-04-01,2025-03-03,101,98,4,1,1,0.26964081366310977,-0.16197303825227471,APP,0.26964081366310977,-0.16197303825227471,,,,,,
2025-03,2025-03-03,2025-05-01,2025-03-03,101,98,4,2,1,0.26964081366310977,-0.17148872571152574,APP,0.26964081366310977,-0.17148872571152574,,,,,,
2025-03,2025-03-03,2025-06-02,2025-03-03,101,98,4,3,1,0.26964081366310977,0.19140928447613836,APP,0.26964081366310977,0.19140928447613836,,,,,,
2025-03,2025-03-03,2025-04-01,2025-03-03,101,98,4,1,2,0.2380918590347434,-0.07343436038790135,APP,0.26964081366310977,-0.16197303825227471,PLTR,0.20654290440637701,0.015104317476472007,,,
2025-03,2025-03-03,2025-05-01,2025-03-03,101,98,4,2,2,0.2380918590347434,0.11073129944831445,APP,0.26964081366310977,-0.17148872571152574,PLTR,0.20654290440637701,0.39295132460815463,,,
2025-03,2025-03-03,2025-06-02,2025-03-03,101,98,4,3,2,0.2380918590347434,0.3871215457647299,APP,0.26964081366310977,0.19140928447613836,PLTR,0.20654290440637701,0.5828338070533214,,,
2025-03,2025-03-03,2025-04-01,2025-03-03,101,98,4,1,3,0.18655457983435741,-0.03916070232420166,APP,0.26964081366310977,-0.16197303825227471,PLTR,0.20654290440637701,0.015104317476472007,AXON,0.08348002143358549,0.029386613803197736
2025-03,2025-03-03,2025-05-01,2025-03-03,101,98,4,2,3,0.18655457983435741,0.13427417147303225,APP,0.26964081366310977,-0.17148872571152574,PLTR,0.20654290440637701,0.39295132460815463,AXON,0.08348002143358549,0.18135991552246788
2025-03,2025-03-03,2025-06-02,2025-03-03,101,98,4,3,3,0.18655457983435741,0.4056923840201821,APP,0.26964081366310977,0.19140928447613836,PLTR,0.20654290440637701,0.5828338070533214,AXON,0.08348002143358549,0.44283406053108654
2025-04,2025-04-01,2025-05-01,2025-04-01,101,98,4,1,1,0.06438624111360058,0.3722248054968402,PLTR,0.06438624111360058,0.3722248054968402,,,,,,
2025-04,2025-04-01,2025-06-02,2025-04-01,101,98,4,2,1,0.06438624111360058,0.5592819179295907,PLTR,0.06438624111360058,0.5592819179295907,,,,,,
2025-04,2025-04-01,2025-07-01,2025-04-01,101,98,4,3,1,0.06438624111360058,0.5432214478605035,PLTR,0.06438624111360058,0.5432214478605035,,,,,,
2025-04,2025-04-01,2025-05-01,2025-04-01,101,98,4,1,2,0.059714238210655496,0.11974035554070733,PLTR,0.06438624111360058,0.3722248054968402,PDD,0.05504223530771041,-0.13274409441542556,,,
2025-04,2025-04-01,2025-06-02,2025-04-01,101,98,4,2,2,0.059714238210655496,0.17427227296142167,PLTR,0.06438624111360058,0.5592819179295907,PDD,0.05504223530771041,-0.21073737200674736,,,
2025-04,2025-04-01,2025-07-01,2025-04-01,101,98,4,3,2,0.059714238210655496,0.2032745088391486,PLTR,0.06438624111360058,0.5432214478605035,PDD,0.05504223530771041,-0.13667243018220632,,,
2025-04,2025-04-01,2025-05-01,2025-04-01,101,98,4,1,3,0.05658645644779905,0.05577346280157558,PLTR,0.06438624111360058,0.3722248054968402,PDD,0.05504223530771041,-0.13274409441542556,GILD,0.050330892922086146,-0.07216032267668793
2025-04,2025-04-01,2025-06-02,2025-04-01,101,98,4,2,3,0.05658645644779905,0.10908231754652813,PLTR,0.06438624111360058,0.5592819179295907,PDD,0.05504223530771041,-0.21073737200674736,GILD,0.050330892922086146,-0.021297593283258975
2025-04,2025-04-01,2025-07-01,2025-04-01,101,98,4,3,3,0.05658645644779905,0.13924068996482195,PLTR,0.06438624111360058,0.5432214478605035,PDD,0.05504223530771041,-0.13667243018220632,GILD,0.050330892922086146,0.0111730522161686
2025-05,2025-05-01,2025-06-02,2025-05-01,101,98,4,1,1,0.12430490998043003,0.13631666741734993,PLTR,0.12430490998043003,0.13631666741734993,,,,,,
2025-05,2025-05-01,2025-07-01,2025-05-01,101,98,4,2,1,0.12430490998043003,0.12461270316546336,PLTR,0.12430490998043003,0.12461270316546336,,,,,,
2025-05,2025-05-01,2025-08-01,2025-05-01,101,98,4,3,1,0.12430490998043003,0.32762485648924655,PLTR,0.12430490998043003,0.32762485648924655,,,,,,
2025-05,2025-05-01,2025-06-02,2025-05-01,101,98,4,1,2,0.10545522974693108,0.05593346874455751,PLTR,0.12430490998043003,0.13631666741734993,MSTR,0.08660554951343213,-0.02444972992823491,,,
2025-05,2025-05-01,2025-07-01,2025-05-01,101,98,4,2,2,0.10545522974693108,0.05143106571036288,PLTR,0.12430490998043003,0.12461270316546336,MSTR,0.08660554951343213,-0.0217505717447376,,,
2025-05,2025-05-01,2025-08-01,2025-05-01,101,98,4,3,2,0.10545522974693108,0.14419764708468502,PLTR,0.12430490998043003,0.32762485648924655,MSTR,0.08660554951343213,-0.03922956231987651,,,
2025-05,2025-05-01,2025-06-02,2025-05-01,101,98,4,1,3,0.09440840532158024,0.0807141718439411,PLTR,0.12430490998043003,0.13631666741734993,MSTR,0.08660554951343213,-0.02444972992823491,MELI,0.07231475647087851,0.13027557804270828
2025-05,2025-05-01,2025-07-01,2025-05-01,101,98,4,2,3,0.09440840532158024,0.06434157599250905,PLTR,0.12430490998043003,0.12461270316546336,MSTR,0.08660554951343213,-0.0217505717447376,MELI,0.07231475647087851,0.09016259655680137
2025-05,2025-05-01,2025-08-01,2025-05-01,101,98,4,3,3,0.09440840532158024,0.1079570268913711,PLTR,0.12430490998043003,0.32762485648924655,MSTR,0.08660554951343213,-0.03922956231987651,MELI,0.07231475647087851,0.035475786504743256
2025-06,2025-06-02,2025-07-01,2025-06-02,101,98,4,1,1,0.1299561105335758,-0.010299914264645715,PLTR,0.1299561105335758,-0.010299914264645715,,,,,,
2025-06,2025-06-02,2025-08-01,2025-06-02,101,98,4,2,1,0.1299561105335758,0.16835816507620782,PLTR,0.1299561105335758,0.16835816507620782,,,,,,
2025-06,2025-06-02,2025-09-02,2025-06-02,101,98,4,3,1,0.1299561105335758,0.18971527056559334,PLTR,0.1299561105335758,0.18971527056559334,,,,,,
2025-06,2025-06-02,2025-07-01,2025-06-02,101,98,4,1,2,0.11865990782739438,0.018964946683904638,PLTR,0.1299561105335758,-0.010299914264645715,ZS,0.10736370512121296,0.04822980763245499,,,
2025-06,2025-06-02,2025-08-01,2025-06-02,101,98,4,2,2,0.11865990782739438,0.062161884938289946,PLTR,0.1299561105335758,0.16835816507620782,ZS,0.10736370512121296,-0.04403439519962793,,,
2025-06,2025-06-02,2025-09-02,2025-06-02,101,98,4,3,2,0.11865990782739438,0.06311947814984609,PLTR,0.1299561105335758,0.18971527056559334,ZS,0.10736370512121296,-0.06347631426590117,,,
2025-06,2025-06-02,2025-07-01,2025-06-02,101,98,4,1,3,0.10727367563921286,0.0008134448857945268,PLTR,0.1299561105335758,-0.010299914264645715,ZS,0.10736370512121296,0.04822980763245499,MELI,0.08450121126284985,-0.035489558710425695
2025-06,2025-06-02,2025-08-01,2025-06-02,101,98,4,2,3,0.10727367563921286,0.013483534520819703,PLTR,0.1299561105335758,0.16835816507620782,ZS,0.10736370512121296,-0.04403439519962793,MELI,0.08450121126284985,-0.08387316631412078
2025-06,2025-06-02,2025-09-02,2025-06-02,101,98,4,3,3,0.10727367563921286,0.014615494267274967,PLTR,0.1299561105335758,0.18971527056559334,ZS,0.10736370512121296,-0.06347631426590117,MELI,0.08450121126284985,-0.08239247349786727
2025-07,2025-07-01,2025-08-01,2025-07-01,101,98,4,1,1,0.13343366542166069,-0.08801906047727459,ZS,0.13343366542166069,-0.08801906047727459,,,,,,
2025-07,2025-07-01,2025-09-02,2025-07-01,101,98,4,2,1,0.13343366542166069,-0.10656644285918282,ZS,0.13343366542166069,-0.10656644285918282,,,,,,
2025-07,2025-07-01,2025-10-01,2025-07-01,101,98,4,3,1,0.13343366542166069,-0.009078512555085405,ZS,0.13343366542166069,-0.009078512555085405,,,,,,
2025-07,2025-07-01,2025-08-01,2025-07-01,101,98,4,1,2,0.13088506722658239,0.0462491662674408,ZS,0.13343366542166069,-0.08801906047727459,PLTR,0.1283364690315041,0.1805173930121562,,,
2025-07,2025-07-01,2025-09-02,2025-07-01,101,98,4,2,2,0.13088506722658239,0.047765160657607386,ZS,0.13343366542166069,-0.10656644285918282,PLTR,0.1283364690315041,0.2020967641743976,,,
2025-07,2025-07-01,2025-10-01,2025-07-01,101,98,4,3,2,0.13088506722658239,0.20310539980652031,ZS,0.13343366542166069,-0.009078512555085405,PLTR,0.1283364690315041,0.41528931216812603,,,
2025-07,2025-07-01,2025-08-01,2025-07-01,101,98,4,1,3,0.12433057225802391,0.024876903658366256,ZS,0.13343366542166069,-0.08801906047727459,PLTR,0.1283364690315041,0.1805173930121562,MSTR,0.11122158232090695,-0.01786762155978283
2025-07,2025-07-01,2025-09-02,2025-07-01,101,98,4,2,3,0.12433057225802391,0.003555206032004913,ZS,0.13343366542166069,-0.10656644285918282,PLTR,0.1283364690315041,0.2020967641743976,MSTR,0.11122158232090695,-0.08486470321920003
2025-07,2025-07-01,2025-10-01,2025-07-01,101,98,4,3,3,0.12433057225802391,0.10424904565030342,ZS,0.13343366542166069,-0.009078512555085405,PLTR,0.1283364690315041,0.41528931216812603,MSTR,0.11122158232090695,-0.09346366266213035
2025-08,2025-08-01,2025-09-02,2025-08-01,101,99,4,1,1,0.16968973791542516,0.018279587653664775,PLTR,0.16968973791542516,0.018279587653664775,,,,,,
2025-08,2025-08-01,2025-10-01,2025-08-01,101,99,4,2,1,0.16968973791542516,0.19887205435994137,PLTR,0.16968973791542516,0.19887205435994137,,,,,,
2025-08,2025-08-01,2025-11-03,2025-08-01,101,99,4,3,1,0.16968973791542516,0.34297003265699266,PLTR,0.16968973791542516,0.34297003265699266,,,,,,
2025-08,2025-08-01,2025-09-02,2025-08-01,101,99,4,1,2,0.15841613290981976,0.02576950226637864,PLTR,0.16968973791542516,0.018279587653664775,AVGO,0.1471425279042144,0.03325941687909251,,,
2025-08,2025-08-01,2025-10-01,2025-08-01,101,99,4,2,2,0.15841613290981976,0.17794424283221288,PLTR,0.16968973791542516,0.19887205435994137,AVGO,0.1471425279042144,0.1570164313044844,,,
2025-08,2025-08-01,2025-11-03,2025-08-01,101,99,4,3,2,0.15841613290981976,0.30059242899687966,PLTR,0.16968973791542516,0.34297003265699266,AVGO,0.1471425279042144,0.25821482533676665,,,
2025-08,2025-08-01,2025-09-02,2025-08-01,101,99,4,1,3,0.15354869628180126,-0.0010303683022071148,PLTR,0.16968973791542516,0.018279587653664775,AVGO,0.1471425279042144,0.03325941687909251,AMD,0.14381382302576426,-0.05463010943937863
2025-08,2025-08-01,2025-10-01,2025-08-01,101,99,4,2,3,0.15354869628180126,0.10370035024363278,PLTR,0.16968973791542516,0.19887205435994137,AVGO,0.1471425279042144,0.1570164313044844,AMD,0.14381382302576426,-0.04478743493352744
2025-08,2025-08-01,2025-11-03,2025-08-01,101,99,4,3,3,0.15354869628180126,0.371138494717481,PLTR,0.16968973791542516,0.34297003265699266,AVGO,0.1471425279042144,0.25821482533676665,AMD,0.14381382302576426,0.5122306261586838
2025-09,2025-09-02,2025-10-01,2025-09-02,101,99,4,1,1,0.16809801057869977,0.46158638822162024,APP,0.16809801057869977,0.46158638822162024,,,,,,
2025-09,2025-09-02,2025-11-03,2025-09-02,101,99,4,2,1,0.16809801057869977,0.312228842363691,APP,0.16809801057869977,0.312228842363691,,,,,,
2025-09,2025-09-02,2025-12-01,2025-09-02,101,99,4,3,1,0.16809801057869977,0.2944803367734685,APP,0.16809801057869977,0.2944803367734685,,,,,,
2025-09,2025-09-02,2025-10-01,2025-09-02,101,99,4,1,2,0.1565823940814251,0.23599892078146512,APP,0.16809801057869977,0.46158638822162024,AMD,0.14506677758415043,0.010411453341309995,,,
2025-09,2025-09-02,2025-11-03,2025-09-02,101,99,4,2,2,0.1565823940814251,0.45592338551320566,APP,0.16809801057869977,0.312228842363691,AMD,0.14506677758415043,0.5996179286627203,,,
2025-09,2025-09-02,2025-12-01,2025-09-02,101,99,4,3,2,0.1565823940814251,0.3241745713894594,APP,0.16809801057869977,0.2944803367734685,AMD,0.14506677758415043,0.35386880600545023,,,
2025-09,2025-09-02,2025-10-01,2025-09-02,101,99,4,1,3,0.1453719721409064,0.33646263047010344,APP,0.16809801057869977,0.46158638822162024,AMD,0.14506677758415043,0.010411453341309995,MU,0.12295112825986904,0.53739004984738
2025-09,2025-09-02,2025-11-03,2025-09-02,101,99,4,2,3,0.1453719721409064,0.6313374552565069,APP,0.16809801057869977,0.312228842363691,AMD,0.14506677758415043,0.5996179286627203,MU,0.12295112825986904,0.9821655947431092
2025-09,2025-09-02,2025-12-01,2025-09-02,101,99,4,3,3,0.1453719721409064,0.5597203066445127,APP,0.16809801057869977,0.2944803367734685,AMD,0.14506677758415043,0.35386880600545023,MU,0.12295112825986904,1.0308117771546192
2025-10,2025-10-01,2025-11-03,2025-10-01,101,99,4,1,1,0.20963103023921792,0.15193800910066502,WBD,0.20963103023921792,0.15193800910066502,,,,,,
2025-10,2025-10-01,2025-12-01,2025-10-01,101,99,4,2,1,0.20963103023921792,0.2335917503181133,WBD,0.20963103023921792,0.2335917503181133,,,,,,
2025-10,2025-10-01,2026-01-02,2025-10-01,101,99,4,3,1,0.20963103023921792,0.47338499570181236,WBD,0.20963103023921792,0.47338499570181236,,,,,,
2025-10,2025-10-01,2025-11-03,2025-10-01,101,99,4,1,2,0.2006597710427171,0.2206218026284399,WBD,0.20963103023921792,0.15193800910066502,MU,0.19168851184621627,0.28930559615621476,,,
2025-10,2025-10-01,2025-12-01,2025-10-01,101,99,4,2,2,0.2006597710427171,0.27726970135437456,WBD,0.20963103023921792,0.2335917503181133,MU,0.19168851184621627,0.32094765239063583,,,
2025-10,2025-10-01,2026-01-02,2025-10-01,101,99,4,3,2,0.2006597710427171,0.6034097815599602,WBD,0.20963103023921792,0.47338499570181236,MU,0.19168851184621627,0.733434567418108,,,
2025-10,2025-10-01,2025-11-03,2025-10-01,101,99,4,1,3,0.19551399387666138,0.18009920870203366,WBD,0.20963103023921792,0.15193800910066502,MU,0.19168851184621627,0.28930559615621476,INTC,0.18522243954454998,0.09905402084922121
2025-10,2025-10-01,2025-12-01,2025-10-01,101,99,4,2,3,0.19551399387666138,0.22259456486453377,WBD,0.20963103023921792,0.2335917503181133,MU,0.19168851184621627,0.32094765239063583,INTC,0.18522243954454998,0.11324429188485219
2025-10,2025-10-01,2026-01-02,2025-10-01,101,99,4,3,3,0.19551399387666138,0.43417823846578507,WBD,0.20963103023921792,0.47338499570181236,MU,0.19168851184621627,0.733434567418108,INTC,0.18522243954454998,0.09571515227743488
2025-11,2025-11-03,2025-12-01,2025-11-03,102,100,4,1,1,0.22411554300480163,0.07088379806235978,WBD,0.22411554300480163,0.07088379806235978,,,,,,
2025-11,2025-11-03,2026-01-02,2025-11-03,102,100,4,2,1,0.22411554300480163,0.27904885858580686,WBD,0.22411554300480163,0.27904885858580686,,,,,,
2025-11,2025-11-03,2026-02-02,2025-11-03,102,100,4,3,1,0.22411554300480163,0.23463433501221087,WBD,0.22411554300480163,0.23463433501221087,,,,,,
2025-11,2025-11-03,2025-12-01,2025-11-03,102,100,4,1,2,0.21515151267730676,0.04771286734495861,WBD,0.22411554300480163,0.07088379806235978,MU,0.20618748234981188,0.024541936627557437,,,
2025-11,2025-11-03,2026-01-02,2025-11-03,102,100,4,2,2,0.21515151267730676,0.3117601554799173,WBD,0.22411554300480163,0.27904885858580686,MU,0.20618748234981188,0.34447145237402776,,,
2025-11,2025-11-03,2026-02-02,2025-11-03,102,100,4,3,2,0.21515151267730676,0.550373916675341,WBD,0.22411554300480163,0.23463433501221087,MU,0.20618748234981188,0.8661134983384711,,,
2025-11,2025-11-03,2025-12-01,2025-11-03,102,100,4,1,3,0.210134024440391,-0.01940138431875449,WBD,0.22411554300480163,0.07088379806235978,MU,0.20618748234981188,0.024541936627557437,AMD,0.20009904796655953,-0.15362988764618069
2025-11,2025-11-03,2026-01-02,2025-11-03,102,100,4,2,3,0.210134024440391,0.16139297158285823,WBD,0.22411554300480163,0.27904885858580686,MU,0.20618748234981188,0.34447145237402776,AMD,0.20009904796655953,-0.13934139621125996
2025-11,2025-11-03,2026-02-02,2025-11-03,102,100,4,3,3,0.210134024440391,0.34973898837019274,WBD,0.22411554300480163,0.23463433501221087,MU,0.20618748234981188,0.8661134983384711,AMD,0.20009904796655953,-0.05153086824010367
2025-12,2025-12-01,2026-01-02,2025-12-01,101,99,4,1,1,0.24522742252622665,0.3122659056783652,MU,0.24522742252622665,0.3122659056783652,,,,,,
2025-12,2025-12-01,2026-02-02,2025-12-01,101,99,4,2,1,0.24522742252622665,0.8214125079946266,MU,0.24522742252622665,0.8214125079946266,,,,,,
2025-12,2025-12-01,2026-03-02,2025-12-01,101,99,4,3,1,0.24522742252622665,0.7168624515169448,MU,0.24522742252622665,0.7168624515169448,,,,,,
2025-12,2025-12-01,2026-01-02,2025-12-01,101,99,4,1,2,0.22889251396403287,0.14825995509053103,MU,0.24522742252622665,0.3122659056783652,INTC,0.2125576054018391,-0.015745995497303156,,,
2025-12,2025-12-01,2026-02-02,2025-12-01,101,99,4,2,2,0.22889251396403287,0.5206788036215118,MU,0.24522742252622665,0.8214125079946266,INTC,0.2125576054018391,0.2199450992483969,,,
2025-12,2025-12-01,2026-03-02,2025-12-01,101,99,4,3,2,0.22889251396403287,0.4270390976502353,MU,0.24522742252622665,0.7168624515169448,INTC,0.2125576054018391,0.13721574378352575,,,
2025-12,2025-12-01,2026-01-02,2025-12-01,101,99,4,1,3,0.21850576900991206,0.16363537889310123,MU,0.24522742252622665,0.3122659056783652,INTC,0.2125576054018391,-0.015745995497303156,WBD,0.1977322791016704,0.19438622649824167
2025-12,2025-12-01,2026-02-02,2025-12-01,101,99,4,2,3,0.21850576900991206,0.398089730136751,MU,0.24522742252622665,0.8214125079946266,INTC,0.2125576054018391,0.2199450992483969,WBD,0.1977322791016704,0.15291158316722941
2025-12,2025-12-01,2026-03-02,2025-12-01,101,99,4,3,3,0.21850576900991206,0.3493484921073176,MU,0.24522742252622665,0.7168624515169448,INTC,0.2125576054018391,0.13721574378352575,WBD,0.1977322791016704,0.1939672810214823
2026-01,2026-01-02,2026-02-02,2026-01-02,101,99,4,1,1,0.29087587207737936,0.38799042184446786,MU,0.29087587207737936,0.38799042184446786,,,,,,
2026-01,2026-01-02,2026-03-02,2026-01-02,101,99,4,2,1,0.29087587207737936,0.30831902595947347,MU,0.29087587207737936,0.30831902595947347,,,,,,
2026-01,2026-01-02,2026-04-01,2026-01-02,101,99,4,3,1,0.29087587207737936,0.1667125696592029,MU,0.29087587207737936,0.1667125696592029,,,,,,
2026-01,2026-01-02,2026-02-02,2026-01-02,101,99,4,1,2,0.2807429911503976,0.17663288606831729,MU,0.29087587207737936,0.38799042184446786,WBD,0.27061011022341586,-0.03472464970783329,,,
2026-01,2026-01-02,2026-03-02,2026-01-02,101,99,4,2,2,0.2807429911503976,0.1539841319064018,MU,0.29087587207737936,0.30831902595947347,WBD,0.27061011022341586,-0.0003507621466698474,,,
2026-01,2026-01-02,2026-04-01,2026-01-02,101,99,4,3,2,0.2807429911503976,0.06546781675568031,MU,0.29087587207737936,0.1667125696592029,WBD,0.27061011022341586,-0.035776936147842275,,,
2026-01,2026-01-02,2026-02-02,2026-01-02,101,99,4,1,3,0.26964532137196345,0.2643189211852373,MU,0.29087587207737936,0.38799042184446786,WBD,0.27061011022341586,-0.03472464970783329,WDC,0.24744998181509514,0.4396909914190774
2026-01,2026-01-02,2026-03-02,2026-01-02,101,99,4,2,3,0.26964532137196345,0.24895331452471528,MU,0.29087587207737936,0.30831902595947347,WBD,0.27061011022341586,-0.0003507621466698474,WDC,0.24744998181509514,0.43889167976134225
2026-01,2026-01-02,2026-04-01,2026-01-02,101,99,4,3,3,0.26964532137196345,0.23929875261669975,MU,0.29087587207737936,0.1667125696592029,WBD,0.27061011022341586,-0.035776936147842275,WDC,0.24744998181509514,0.5869606243387386
2026-02,2026-02-02,2026-03-02,2026-02-02,101,99,4,1,1,0.2535259650766513,-0.057400537230740345,MU,0.2535259650766513,-0.057400537230740345,,,,,,
2026-02,2026-02-02,2026-04-01,2026-02-02,101,99,4,2,1,0.2535259650766513,-0.1594231838366823,MU,0.2535259650766513,-0.1594231838366823,,,,,,
2026-02,2026-02-02,2026-05-01,2026-02-02,101,99,4,3,1,0.2535259650766513,0.2390082552862225,MU,0.2535259650766513,0.2390082552862225,,,,,,
2026-02,2026-02-02,2026-03-02,2026-02-02,101,99,4,1,2,0.23092852476834608,-0.028977866955048337,MU,0.2535259650766513,-0.057400537230740345,WDC,0.20833108446004084,-0.000555196679356329,,,
2026-02,2026-02-02,2026-04-01,2026-02-02,101,99,4,2,2,0.23092852476834608,-0.02856532726939026,MU,0.2535259650766513,-0.1594231838366823,WDC,0.20833108446004084,0.10229252929790178,,,
2026-02,2026-02-02,2026-05-01,2026-02-02,101,99,4,3,2,0.23092852476834608,0.4183171757034049,MU,0.2535259650766513,0.2390082552862225,WDC,0.20833108446004084,0.5976260961205873,,,
2026-02,2026-02-02,2026-03-02,2026-02-02,101,99,4,1,3,0.2059616682174296,-0.06045498142247826,MU,0.2535259650766513,-0.057400537230740345,WDC,0.20833108446004084,-0.000555196679356329,STX,0.1560279551155967,-0.1234092103573381
2026-02,2026-02-02,2026-04-01,2026-02-02,101,99,4,2,3,0.2059616682174296,-0.026043544535469126,MU,0.2535259650766513,-0.1594231838366823,WDC,0.20833108446004084,0.10229252929790178,STX,0.1560279551155967,-0.02099997906762685
2026-02,2026-02-02,2026-05-01,2026-02-02,101,99,4,3,3,0.2059616682174296,0.5061930348836344,MU,0.2535259650766513,0.2390082552862225,WDC,0.20833108446004084,0.5976260961205873,STX,0.1560279551155967,0.6819447532440934
2026-03,2026-03-02,2026-04-01,2026-03-02,101,99,4,1,1,0.16684943172991254,-0.10823541773110079,MU,0.16684943172991254,-0.10823541773110079,,,,,,
2026-03,2026-03-02,2026-05-01,2026-03-02,101,99,4,2,1,0.16684943172991254,0.31445890245486097,MU,0.16684943172991254,0.31445890245486097,,,,,,
2026-03,2026-03-02,2026-06-01,2026-03-02,101,99,4,3,1,0.16684943172991254,1.5103229355775212,MU,0.16684943172991254,1.5103229355775212,,,,,,
2026-03,2026-03-02,2026-04-01,2026-03-02,101,99,4,1,2,0.1612650037505859,-0.002665279659081088,MU,0.16684943172991254,-0.10823541773110079,WDC,0.15568057577125924,0.10290485841293862,,,
2026-03,2026-03-02,2026-05-01,2026-03-02,101,99,4,2,2,0.1612650037505859,0.45648624400502724,MU,0.16684943172991254,0.31445890245486097,WDC,0.15568057577125924,0.5985135855551935,,,
2026-03,2026-03-02,2026-06-01,2026-03-02,101,99,4,3,2,0.1612650037505859,1.2668274141048659,MU,0.16684943172991254,1.5103229355775212,WDC,0.15568057577125924,1.0233318926322106,,,
2026-03,2026-03-02,2026-04-01,2026-03-02,101,99,4,1,3,0.14795551430056095,-0.01823843556479236,MU,0.16684943172991254,-0.10823541773110079,WDC,0.15568057577125924,0.10290485841293862,AMAT,0.12133653540051109,-0.0493847473762149
2026-03,2026-03-02,2026-05-01,2026-03-02,101,99,4,2,3,0.14795551430056095,0.31946018565682915,MU,0.16684943172991254,0.31445890245486097,WDC,0.15568057577125924,0.5985135855551935,AMAT,0.12133653540051109,0.045408068960433035
2026-03,2026-03-02,2026-06-01,2026-03-02,101,99,4,3,3,0.14795551430056095,0.9220764562465531,MU,0.16684943172991254,1.5103229355775212,WDC,0.15568057577125924,1.0233318926322106,AMAT,0.12133653540051109,0.23257454052992732
2026-04,2026-04-01,2026-05-01,2026-04-01,101,99,4,1,1,0.1726737692938121,0.4493667095232743,WDC,0.1726737692938121,0.4493667095232743,,,,,,
2026-04,2026-04-01,2026-06-01,2026-04-01,101,99,4,2,1,0.1726737692938121,0.8345479913324083,WDC,0.1726737692938121,0.8345479913324083,,,,,,
2026-04,2026-04-01,2026-07-01,2026-04-01,101,99,4,3,1,0.1726737692938121,1.0102978930794646,WDC,0.1726737692938121,1.0102978930794646,,,,,,
2026-04,2026-04-01,2026-05-01,2026-04-01,101,99,4,1,2,0.1571472283706145,0.5836949570506007,WDC,0.1726737692938121,0.4493667095232743,STX,0.14162068744741696,0.7180232045779271,,,
2026-04,2026-04-01,2026-06-01,2026-04-01,101,99,4,2,2,0.1571472283706145,1.0059249605010547,WDC,0.1726737692938121,0.8345479913324083,STX,0.14162068744741696,1.1773019296697012,,,
2026-04,2026-04-01,2026-07-01,2026-04-01,101,99,4,3,2,0.1571472283706145,1.0873981378756497,WDC,0.1726737692938121,1.0102978930794646,STX,0.14162068744741696,1.1644983826718347,,,
2026-04,2026-04-01,2026-05-01,2026-04-01,101,99,4,1,3,0.149316516627159,0.5471291894680704,WDC,0.1726737692938121,0.4493667095232743,STX,0.14162068744741696,0.7180232045779271,MU,0.13365509314024798,0.4739976543030098
2026-04,2026-04-01,2026-06-01,2026-04-01,101,99,4,2,3,0.149316516627159,1.2756187472019558,WDC,0.1726737692938121,0.8345479913324083,STX,0.14162068744741696,1.1773019296697012,MU,0.13365509314024798,1.8150063206037577
2026-04,2026-04-01,2026-07-01,2026-04-01,101,99,4,3,3,0.149316516627159,1.3270163630382952,WDC,0.1726737692938121,1.0102978930794646,STX,0.14162068744741696,1.1644983826718347,MU,0.13365509314024798,1.806252813363586
2026-05,2026-05-01,2026-06-01,2026-05-01,101,99,4,1,1,0.5450084909709945,0.48393433337062963,SNDK,0.5450084909709945,0.48393433337062963,,,,,,
2026-05,2026-05-01,2026-07-01,2026-05-01,101,99,4,2,1,0.5450084909709945,0.7120640022772746,SNDK,0.5450084909709945,0.7120640022772746,,,,,,
2026-05,2026-05-01,2026-08-03,2026-05-01,101,99,4,3,1,0.5450084909709945,0.08511375677917021,SNDK,0.5450084909709945,0.08511375677917021,,,,,,
2026-05,2026-05-01,2026-06-01,2026-05-01,101,99,4,1,2,0.4351758052694493,0.2907023544827563,SNDK,0.5450084909709945,0.48393433337062963,INTC,0.3253431195679042,0.09747037559488292,,,
2026-05,2026-05-01,2026-07-01,2026-05-01,101,99,4,2,2,0.4351758052694493,0.49355455253921154,SNDK,0.5450084909709945,0.7120640022772746,INTC,0.3253431195679042,0.27504510280114847,,,
2026-05,2026-05-01,2026-08-03,2026-05-01,101,99,4,3,2,0.4351758052694493,-0.0007075389408882082,SNDK,0.5450084909709945,0.08511375677917021,INTC,0.3253431195679042,-0.08652883466094663,,,
2026-05,2026-05-01,2026-06-01,2026-05-01,101,99,4,1,3,0.39154589492435665,0.28291148851772513,SNDK,0.5450084909709945,0.48393433337062963,INTC,0.3253431195679042,0.09747037559488292,STX,0.3042860742341712,0.2673297565876629
2026-05,2026-05-01,2026-07-01,2026-05-01,101,99,4,2,3,0.39154589492435665,0.4156621246170555,SNDK,0.5450084909709945,0.7120640022772746,INTC,0.3253431195679042,0.27504510280114847,STX,0.3042860742341712,0.2598772687727433
2026-05,2026-05-01,2026-08-03,2026-05-01,101,99,4,3,3,0.39154589492435665,0.04754878926188536,SNDK,0.5450084909709945,0.08511375677917021,INTC,0.3253431195679042,-0.08652883466094663,STX,0.3042860742341712,0.1440614456674325
2026-06,2026-06-01,2026-07-01,2026-06-01,101,99,4,1,1,0.4269510536564393,-0.17458726627666965,ARM,0.4269510536564393,-0.17458726627666965,,,,,,
2026-06,2026-06-01,2026-08-03,2026-06-01,101,99,4,2,1,0.4269510536564393,-0.4152867946929496,ARM,0.4269510536564393,-0.4152867946929496,,,,,,
2026-06,2026-06-01,2026-09-01,2026-06-01,101,99,4,3,1,0.4269510536564393,-0.42565732219956165,ARM,0.4269510536564393,-0.42565732219956165,,,,,,
2026-06,2026-06-01,2026-07-01,2026-06-01,101,99,4,1,2,0.36935340626934465,-0.0104271358222211,ARM,0.4269510536564393,-0.17458726627666965,SNDK,0.31175575888225004,0.15373299463222745,,,
2026-06,2026-06-01,2026-08-03,2026-06-01,101,99,4,2,2,0.36935340626934465,-0.3420228532370777,ARM,0.4269510536564393,-0.4152867946929496,SNDK,0.31175575888225004,-0.2687589117812058,,,
2026-06,2026-06-01,2026-09-01,2026-06-01,101,99,4,3,2,0.36935340626934465,-0.2765723386079091,ARM,0.4269510536564393,-0.42565732219956165,SNDK,0.31175575888225004,-0.12748735501625652,,,
2026-06,2026-06-01,2026-07-01,2026-06-01,101,99,4,1,3,0.3482764950010251,0.07298293709664616,ARM,0.4269510536564393,-0.17458726627666965,SNDK,0.31175575888225004,0.15373299463222745,MRVL,0.30612267246438596,0.23980308293438068
2026-06,2026-06-01,2026-08-03,2026-06-01,101,99,4,2,3,0.3482764950010251,-0.26690719293522297,ARM,0.4269510536564393,-0.4152867946929496,SNDK,0.31175575888225004,-0.2687589117812058,MRVL,0.30612267246438596,-0.11667587233151355
2026-06,2026-06-01,2026-09-01,2026-06-01,101,99,4,3,3,0.3482764950010251,-0.19803524907824135,ARM,0.4269510536564393,-0.42565732219956165,SNDK,0.31175575888225004,-0.12748735501625652,MRVL,0.30612267246438596,-0.04096107001890592
2026-07,2026-07-01,2026-08-03,2026-07-01,101,100,4,1,1,0.42838206824339065,-0.2548623712851721,ALAB,0.42838206824339065,-0.2548623712851721,,,,,,
2026-07,2026-07-01,2026-09-01,2026-07-01,101,100,4,2,1,0.42838206824339065,-0.3503457894013636,ALAB,0.42838206824339065,-0.3503457894013636,,,,,,
2026-07,2026-07-01,2026-08-03,2026-07-01,101,100,4,1,2,0.3979590943944179,-0.31052896839608607,ALAB,0.42838206824339065,-0.2548623712851721,SNDK,0.3675361205454452,-0.36619556550700005,,,
2026-07,2026-07-01,2026-09-01,2026-07-01,101,100,4,2,2,0.3979590943944179,-0.297046998569111,ALAB,0.42838206824339065,-0.3503457894013636,SNDK,0.3675361205454452,-0.24374820773685835,,,
2026-07,2026-07-01,2026-08-03,2026-07-01,101,100,4,1,3,0.3849998465467981,-0.3028622086542851,ALAB,0.42838206824339065,-0.2548623712851721,SNDK,0.3675361205454452,-0.36619556550700005,MRVL,0.35908135085155857,-0.2875286891706831
2026-07,2026-07-01,2026-09-01,2026-07-01,101,100,4,2,3,0.3849998465467981,-0.2735175545647269,ALAB,0.42838206824339065,-0.3503457894013636,SNDK,0.3675361205454452,-0.24374820773685835,MRVL,0.35908135085155857,-0.2264586665559587
2026-08,2026-08-03,2026-09-01,2026-08-03,101,100,4,1,1,0.3941563154484762,-0.12814198939446397,ALAB,0.3941563154484762,-0.12814198939446397,,,,,,
2026-08,2026-08-03,2026-09-01,2026-08-03,101,100,4,1,2,0.3451218209491078,-0.0014187931050643199,ALAB,0.3941563154484762,-0.12814198939446397,MU,0.29608732644973945,0.12530440318433533,,,
2026-08,2026-08-03,2026-09-01,2026-08-03,101,100,4,1,3,0.3256147702561995,-0.06156965429174144,ALAB,0.3941563154484762,-0.12814198939446397,MU,0.29608732644973945,0.12530440318433533,DDOG,0.2866006688703829,-0.18187137666509567
